name,records
Fagus sylvatica,124946
Anthophyta,106955
Quercus,105849
Poaceae,104924
Betula,95442
Fagus,49277
Pinus sylvestris,34462
Corylus avellana,32003
Quercus robur,30413
Fraxinus excelsior,29991
Pinus,28832
Salix,24249
Acer pseudoplatanus,22356
Pinophyta,22176
Hypholoma fasciculare,19158
Trametes versicolor,19002
Betula pendula,18916
Stereum hirsutum,17481
Xylaria hypoxylon,16684
Picea,15677
Laccaria laccata,15296
Fomitopsis betulina,13844
Gymnospermae,13170
Russula ochroleuca,12460
Auricularia auricula-judae,12300
Mycena galericulata,12046
Urtica dioica,12029
Paxillus involutus,11719
Amanita rubescens,11515
Daedaleopsis confragosa,10929
Alnus glutinosa,10859
Pluteus cervinus,10445
Rubus fruticosus,10347
Coprinellus micaceus,9872
Rhytisma acerinum,9640
Rhodocollybia butyracea,9499
Cuphophyllus virgineus,9437
Armillaria mellea,9109
Lycoperdon perlatum,8930
Sambucus nigra,8898
Daldinia concentrica,8826
Mycena galopus,8603
Larix,8561
Amanita muscaria,8467
Gymnopus dryophilus,8393
Scleroderma citrinum,8346
Apioperdon pyriforme,8275
Picea abies,8148
Nectria cinnabarina,8013
Clitocybe nebularis,7857
Bjerkandera adusta,7718
Dacrymyces stillatus,7627
Pteridium aquilinum,7340
Phallus impudicus,7296
Cuphophyllus pratensis,7271
Xerocomellus chrysenteron,7238
Hygrocybe conica,7093
Mycena pura,7060
Lactarius quietus,6765
Gliophorus psittacinus,6746
Laccaria amethystina,6729
Stereum rugosum,6624
Russula nigricans,6594
Ulmus,6574
Hygrophoropsis aurantiaca,6555
Collybiopsis peronata,6498
Ganoderma adspersum,6425
Leccinum scabrum,6420
Collybia nuda,6354
Russula cyanoxantha,6328
Fraxinus,6254
Ilex aquifolium,6235
Phragmidium violaceum,6230
Tubaria furfuracea,6092
Calocera viscosa,6068
Bryophyta,6063
Schizopora paradoxa,6018
Betula pubescens,5969
Picea sitchensis,5822
Amanita citrina,5778
Russula atropurpurea,5734
Jackrogersella multiformis,5706
Hypoxylon fuscum,5675
Imleria badia,5648
Hypoxylon fragiforme,5606
Tremella mesenterica,5594
Musci,5550
Cantharellus cibarius,5543
Lactarius tabidus,5480
Amanita fulva,5379
Crataegus monogyna,5357
Inocybe geophylla,5306
Hygrocybe chlorophana,5290
Gymnopilus penetrans,5281
Boletus edulis,5265
Hymenopellis radicata,5219
Quercus petraea,5183
Rickenella fibula,5172
Mycena vitilis,5056
Hygrocybe coccinea,4954
Paralepista flaccida,4936
Collybiopsis confluens,4918
Chlorociboria aeruginascens,4913
Lactarius turpis,4910
Tricholomopsis rutilans,4888
Alnus,4855
Flammulina velutipes,4847
Bolbitius titubans,4801
Crepidotus variabilis,4782
Lactarius blennius,4778
Castanea sativa,4763
Erysiphe alphitoides,4761
Polyporus squamosus,4755
Heterobasidion annosum,4707
Coprinus comatus,4699
Cystoderma amianthinum,4649
Psathyrella candolleana,4566
Diatrype stigma,4565
Lactarius subdulcis,4526
Clitocybe fragrans,4490
Clitopilus prunulus,4463
Stropharia semiglobata,4391
Rhodocollybia maculata,4386
Tilia,4385
Xylaria polymorpha,4365
Mycena inclinata,4348
Psathyrella piluliformis,4336
Calocera cornea,4307
Russula nobilis,4296
Marasmius rotula,4201
Polyporus leptocephalus,4169
Mycena arcangeliana,4164
Leptosphaeria acuta,4148
Parasola plicatilis,4148
Collybiopsis ramealis,4107
Rhopographus filicinus,4101
Lepiota cristata,4089
Entoloma conferendum,4040
Marasmius oreades,4019
Coprinopsis atramentaria,4015
Pleurotus ostreatus,4014
Chlorophyllum rhacodes,4011
Exidia glandulosa,3998
Laetiporus sulphureus,3977
Magnoliopsida,3972
Russula fellea,3963
Mucidula mucida,3943
Diatrype disciformis,3930
Clavulinopsis helvola,3928
Ficaria verna,3912
Hebeloma crustuliniforme,3890
Chondrostereum purpureum,3877
Clavulina coralloides,3860
Ascocoryne sarcoides,3819
Mycena filopes,3762
Heracleum sphondylium,3734
Acer,3696
Lacrymaria lacrymabunda,3694
Pinaceae,3693
Xylodon sambuci,3692
Kuehneromyces mutabilis,3686
Mycena leptocephala,3680
Fistulina hepatica,3675
Trametes gibbosa,3628
Suillus grevillei,3623
Byssomerulius corium,3599
Mycena epipterygia,3549
Russula betularum,3529
Hygrocybe ceracea,3489
Russula fragilis,3485
Mycena haematopus,3448
Trochila ilicina,3435
Erysiphe heraclei,3428
Hymenochaete rubiginosa,3425
Rubus,3423
Hydnum repandum,3414
Trichaptum abietinum,3411
Lactarius glyciosmus,3394
Mollisia cinerea,3371
Coprinellus disseminatus,3368
Infundibulicybe gibba,3358
Mycena polygramma,3344
Tricholoma fulvum,3330
Crataegus,3329
Panaeolus papilionaceus,3305
Phloeomana speirea,3293
Lycoperdon nigrescens,3272
Stereum gausapatum,3256
Taxus baccata,3251
Lachnum virgineum,3233
Lactarius rufus,3232
Kretzschmaria deusta,3207
Silene dioica,3206
Calycina citrina,3202
Gymnopus fusipes,3201
Scleroderma verrucosum,3162
Calocera pallidospathulata,3157
Crepidotus mollis,3150
Fomes fomentarius,3103
Hygrocybe insipida,3088
Claviceps purpurea,3071
Macrolepiota procera,3011
Fuligo septica,3005
Megacollybia platyphylla,2976
Xerocomus subtomentosus,2975
Meripilus giganteus,2966
Ganoderma applanatum,2947
Bryopsida,2943
Agaricus campestris,2941
Phlebia radiata,2933
Peniophora quercina,2912
Russula vesca,2904
Inocybe lilacina,2883
Hygrocybe quieta,2868
Ulex europaeus,2862
Clavulinopsis corniculata,2843
Xylaria carpophila,2841
Pholiota squarrosa,2825
Neoboletus praestigiator,2812
Panaeolina foenisecii,2806
Hypomyces chrysospermus,2796
Coleosporium tussilaginis,2791
Hygrocybe punicea,2764
Hygrocybe reidii,2764
Mycena tenerrima,2763
Populus,2757
Salix caprea,2751
Exidia nucleata,2736
Gymnopus androsaceus,2704
Helvella crispa,2684
Exidia thuretiana,2678
Ampulloclitocybe clavipes,2645
Bos taurus,2640
Mycena sanguinolenta,2636
Psilocybe semilanceata,2630
Carpinus betulus,2610
Crepidotus cesatii,2610
Lactarius torminosus,2606
Bulgaria inquinans,2605
Hedera helix,2601
Lycogala epidendrum,2595
Aesculus hippocastanum,2592
Chalciporus piperatus,2578
Phlebia tremellosa,2577
Coprinopsis lagopus,2576
Suillus luteus,2576
Russula emetica,2565
Clavulina cinerea,2501
Fuscoporia ferrea,2465
Pluteus salicinus,2462
Gliophorus laetus,2457
Pseudosperma rimosum,2456
Calocybe gambosa,2451
Postia caesia,2445
Mycena rosea,2440
Agaricus sylvaticus,2429
Amanita excelsa,2425
Panellus stipticus,2412
Leotia lubrica,2409
Ramularia rubella,2394
Acer campestre,2385
Oryctolagus cuniculus,2374
Psathyrella corrugis,2374
Atheniella flavoalba,2372
Prunus spinosa,2362
Diatrypella quercina,2360
Kuehneola uredinis,2352
Clavulina rugosa,2333
Gliophorus irrigatus,2327
Infundibulicybe geotropa,2323
Lycoperdon excipuliforme,2322
Panaeolus acuminatus,2320
Scutellinia scutellata,2319
Cirsium arvense,2315
Suillus bovinus,2291
Filipendula ulmaria,2279
Lactarius pyrogalus,2269
Vuilleminia comedens,2260
Rumex obtusifolius,2250
Corylus,2227
Datronia mollis,2225
Lactarius vietus,2211
Armillaria gallica,2208
Ceratiomyxa fruticulosa,2208
Postia subcaesia,2208
Russula sardonia,2204
Sawadaea bicornis,2183
Tussilago farfara,2183
Collybia odora,2170
Lycoperdon pratense,2170
Entoloma sericeum,2169
Postia stiptica,2161
Russula aeruginea,2143
Mensularia radiata,2135
Reticularia lycoperdon,2129
Equus ferus,2123
Cyathicula cyathoidea,2121
Phaeolus schweinitzii,2118
Stereum sanguinolentum,2117
Circaea lutetiana,2112
Hydnoporia corrugata,2107
Ranunculus repens,2107
Polyporus badius,2103
Puccinia punctiformis,2102
Aleuria aurantia,2100
Xylaria longipes,2098
Skeletocutis semipileata,2082
Daedalea quercina,2073
Cantharellus tubaeformis,2072
Mycena acicula,2072
Laccaria proxima,2068
Lycogala terrestre,2066
Sphagnum,2064
Puccinia arenariae,2061
Puccinia lagenophorae,2039
Gymnopilus junonius,2035
Senecio vulgaris,2028
Pseudotsuga menziesii,2024
Arum maculatum,2004
Leccinum versipelle,1998
Porpolomopsis calyptriformis,1997
Puccinia sessilis,1976
Sarcoscypha austriaca,1975
Amanita phalloides,1974
Tricholoma sulphureum,1960
Rosa,1956
Melanoleuca polioleuca,1951
Salix cinerea,1936
Mutinus caninus,1917
Biscogniauxia nummularia,1910
Peniophora lycii,1906
Lactarius camphoratus,1900
Agaricus arvensis,1886
Clitocybe metachroa,1884
Auricularia mesenterica,1880
Rickenella swartzii,1873
Russula claroflava,1867
Taraxacum,1865
Mercurialis perennis,1858
Urtica,1845
Collybia rivulosa,1842
Agaricus sylvicola,1818
Puccinia coronata,1810
Cuphophyllus russocoriaceus,1806
Melampsoridium betulinum,1798
Lactifluus vellereus,1789
Larix decidua,1782
Inonotus hispidus,1780
Entoloma rhodopolium,1778
Rhododendron,1778
Amanita vaginata,1773
Mycena aetites,1773
Calloria tremelloides,1772
Chaetosphaerella phaeostroma,1758
Russula parazurea,1753
Prunus,1752
Chamaenerion angustifolium,1751
Phaeotremella foliacea,1751
Lactarius deliciosus,1749
Lactarius pubescens,1738
Baeospora myosura,1728
Helvella lacunosa,1719
Stropharia aeruginosa,1708
Lyophyllum decastes,1689
Thelephora terrestris,1685
Fuscoporia ferruginosa,1663
Stereum subtomentosum,1662
Populus tremula,1654
Hebeloma mesophaeum,1650
Hypoxylon rubiginosum,1646
Russula delica,1638
Puccinia malvacearum,1635
Coniophora puteana,1626
Lentinus brumalis,1623
Tricholoma terreum,1623
Lapsana communis,1620
Sorbus aucuparia,1618
Panaeolus semiovatus,1609
Russula xerampelina,1605
Volvopluteus gloiocephalus,1592
Melampsora populnea,1591
Sambucus,1587
Pholiota gummosa,1585
Aegopodium podagraria,1584
Xerocomellus pruinatus,1583
Scleroderma areolatum,1578
Tricholoma ustale,1576
Galerina marginata,1568
Neobulgaria pura,1562
Clitocybe vibecina,1558
Russula foetens,1555
Neoerysiphe galeopsidis,1538
Dermoloma cuneifolium,1535
Clavaria fragilis,1532
Diatrypella favacea,1531
Ilex,1529
Uromyces muscari,1528
Hyacinthoides non-scripta,1521
Juncus,1519
Tricholoma saponaceum,1515
Agaricus xanthodermus,1513
Orbilia xanthostigma,1497
Phacidium lauri,1476
Clavulinopsis fusiformis,1472
Galerina hypnorum,1472
Suillus variegatus,1471
Clavulinopsis luteoalba,1467
Plantago major,1464
Entyloma ficariae,1460
Hebeloma sacchariolens,1460
Entoloma sericellum,1453
Puccinia violae,1451
Lichenomphalia ericetorum,1445
Pinus nigra,1444
Xanthoria parietina,1443
Pleurotus cornucopiae,1442
Lactarius deterrimus,1440
Ulex,1433
Polydesmia pruinosa,1419
Cortinarius anomalus,1408
Gymnopus erythropus,1408
Bovista plumbea,1400
Cudoniella acicularis,1399
Mycena metata,1395
Parasola conopila,1392
Peniophora cinerea,1392
Rugosomyces carneus,1382
Carex pendula,1380
Xerocomellus cisalpinus,1378
Cylindrobasidium laeve,1357
Mycena pelianthina,1353
Geastrum triplex sensu auct.,1347
Geoglossum fallax,1341
Mucilago crustacea,1340
Juncus effusus,1339
Cordyceps militaris,1336
Trichia varia,1336
Dactylis glomerata,1333
Golovinomyces sordidus,1332
Phragmites australis,1332
Hygrocybe acutoconica,1331
Mycena olida,1321
Hymenoscyphus fructigenus,1320
Trametes hirsuta,1319
Golovinomyces cichoracearum,1312
Stropharia caerulea,1312
Puccinia poarum,1309
Marasmius epiphyllus,1299
Pseudoclitocybe cyathiformis,1291
Physarum album,1281
Dasyscyphella nivea,1276
Tubaria conspersa,1276
Peniophora incarnata,1273
Calvatia gigantea,1270
Inocybe asterospora,1269
Psathyrella spadiceogrisea,1269
Peniophora limitata,1264
Hypholoma lateritium,1260
Arcyria denudata,1257
Ramaria stricta,1252
Echinoderma asperum,1242
Grifola frondosa,1242
Panaeolus fimicola,1240
Uromyces ficariae,1240
Chroogomphus rutilus,1237
Glechoma hederacea,1235
Vaccinium myrtillus,1230
Cedrus,1227
Conocybe tenera,1227
Radulomyces confluens,1221
Alnicola escharioides,1220
Lactarius chrysorrheus,1219
Ammophila arenaria,1216
Parasola leiocephala,1211
Plicatura crispa,1209
Hyaloscypha aureliella,1208
Anemone nemorosa,1207
Hygrocybe glutinipes,1200
Ulmus glabra,1200
Comatricha nigra,1197
Coprinopsis picacea,1193
Puccinia menthae,1189
Hygrocybe miniata,1188
Agrocybe praecox,1187
Cortinarius hemitrichus,1186
Russula nitida,1172
Abies,1166
Sarcomyxa serotina,1156
Tricholoma scalpturatum,1155
Lactarius aurantiacus,1154
Rumex,1153
Russula puellaris,1148
Macrotyphula fistulosa,1145
Puccinia urticata,1145
Russula caerulea,1142
Melanoleuca melaleuca,1140
Polyporus tuberaster,1139
Buxus sempervirens,1136
Stemonitis fusca,1135
Sparassis crispa,1133
Mycena capillaris,1132
Phragmidium mucronatum,1132
Epilobium hirsutum,1130
Russula velenovskyi,1127
Uromyces dactylidis,1123
Mycena crocata,1117
Puccinia obscura,1116
Rosa canina,1114
Hemimycena tortuosa,1112
Melampsora caprearum,1110
Lactarius hepaticus,1091
Mycena stylobates,1089
Russula heterophylla,1089
Lycoperdon utriforme,1088
Puccinia lapsanae,1088
Erysiphe aquilegiae,1086
Puccinia caricina,1082
Tubifera ferruginosa,1082
Laurus nobilis,1078
Clitocybe phyllophila,1074
Gloeophyllum sepiarium,1072
Trichoderma pulvinatum,1072
Metatrichia floriformis,1071
Pucciniastrum epilobii,1067
Abortiporus biennis,1066
Xerocomellus porosporus,1066
Entoloma cetratum,1063
Russula densifolia,1061
Puccinia glechomatis,1060
Tapinella atrotomentosa,1055
Collybia personata,1049
Cheilymenia granulata,1048
Didymium squamulosum,1048
Russula rosea,1048
Rhodotus palmatus,1044
Calycina claroflava,1043
Postia tephroleuca,1041
Arrhenatherum elatius,1040
Mycoacia uda,1037
Legaliana badia,1032
Triphragmium ulmariae,1031
Carex,1025
Entoloma serrulatum,1025
Calluna vulgaris,1018
Milesina kriegeriana,1018
Puccinia smyrnii,1017
Inocybe sindonia,1016
Salix repens,1014
Armillaria ostoyae,1005
Alatospora acuminata,1004
Bovista nigrescens,1004
Hydnum rufescens,1002
Ascocoryne cylichnium,1001
Entoloma porphyrophaeum,998
Macrocystidia cucumis,995
Salix alba x euxina = S. x fragilis,992
Pleurotus dryinus,989
Pluteus chrysophaeus,985
Suillellus luridus,985
Rubus idaeus,979
Heracleum,976
Clavaria fumosa,975
Angelica sylvestris,973
Tricholoma sciodes,973
Rhizomarasmius setosus,972
Pseudoinonotus dryadeus,968
Galerina vittiformis,967
Leccinum variicolor,967
Puccinia circaeae,965
Amanita pantherina,960
Otidea onotica,959
Rumex acetosa,959
Hericium erinaceus,958
Roridomyces roridus,957
Rutstroemia firma,955
Nemania serpens,951
Clavaria falcata,950
Puccinia hieracii,947
Malus,942
Malva sylvestris,942
Hygrocybe lepida,941
Hygrophorus hypothejus,938
Hypholoma capnoides,938
Lactarius serifluus,932
Russula sororia,932
Trametes betulina,932
Cuphophyllus fornicatus,926
Inocybe napipes,926
Quercus ilex,925
Calyptella capula,924
Melanomma pulvis-pyrius,922
Phragmidium bulbosum,921
Trichia decipiens,920
Agaricus augustus,911
Britzelmayria multipedata,911
Psathyrella microrhiza,904
Lactarius fulvissimus,903
Puccinia ribis-pendulae,899
Schizophyllum commune,898
Hypoxylon petriniae,897
Viola riviniana,897
Asplenium scolopendrium,894
Auriscalpium vulgare,893
Amanita crocea,891
Physisporinus sanguinolentus,891
Tubaria dispersa,891
Cortinarius semisanguineus,890
Pluteus romellii,888
Lasiosphaeria ovina,886
Dialonectria episphaeria,885
Lachnum apalum,884
Coprinellus domesticus,883
Lepiota castanea,881
Taxus,880
Phellinus igniarius,875
Botryobasidium aureum,868
Mycena olivaceomarginata,867
Holcus lanatus,864
Tricholoma album,864
Lophodermium pinastri,863
Craterellus cornucopioides,856
Hygrophorus eburneus,856
Melampsora hypericorum,853
Epilobium,852
Inosperma maculatum,852
Podosphaera aphanis,852
Collybia sordida,851
Russula silvestris,849
Geastrum michelianum,848
Macrolepiota mastoidea,848
Collybia cirrhata,847
Russula ionochlora,847
Cortinarius cinnamomeus,845
Pleurocybella porrigens,845
Prunus avium,845
Trichoglossum hirsutum,845
Smyrnium olusatrum,843
Phloeomana hiemalis,842
Rhododendron ponticum,842
Entoloma nidorosum,837
Eutypa maura,836
Coprinopsis nivea,835
Anthriscus sylvestris,832
Prunus laurocerasus,832
Hypholoma marginatum,830
Peniophorella praetermissa,828
Hymenoscyphus scutula,827
Phlebiella vaga,827
Phellinus pomaceus,825
Leucocybe connata,823
Taphrina alni,820
Clavulinopsis laeticolor,817
Melampsora euphorbiae,813
Marasmius wynneae,809
Agrocybe pediades,807
Ovis aries,807
Molinia caerulea,806
Castanea,802
Boeremia hedericola,799
Galium aparine,799
Russula sanguinaria,796
Taphrina betulina,791
Golovinomyces depressus,789
Leccinum holopus,787
Resupinatus applicatus,787
Russula gracillima,787
Xerocomus ferrugineus,783
Seifertia azaleae,782
Marasmiellus perforans,780
Coleroa robertiani,778
Crepidotus epibryus,777
Inocybe flocculosa,777
Peziza repanda,774
Coltricia perennis,772
Podosphaera pannosa,772
Cuphophyllus flavipes,770
Deschampsia cespitosa,768
Naohidemyces vacciniorum,765
Strobilurus tenacellus,765
Adoxa moschatellina,764
Leccinum aurantiacum,764
Cudoniella clavus,763
Morchella esculenta,762
Albugo candida,760
Geoglossum cookeanum,757
Podosphaera epilobii,757
Centaurea nigra,756
Trichia botrytis,756
Crepidotus applanatus,755
Trametes ochracea,755
Hemimycena lactea,754
Podosphaera clandestina,753
Golovinomyces cynoglossi,752
Singerocybe phaeophthalma,752
Basidioradulum radula,751
Entoloma clandestinum,749
Russula adusta,747
Plantago lanceolata,744
Primula vulgaris,744
Torula herbarum,744
Diatrype bullata,743
Trichoderma viride,742
Typhula erythropus,741
Hygrocybe splendidissima,739
Milesina scolopendrii,739
Mycena amicta,736
Sonchus oleraceus,736
Puccinia behenis,732
Arcyria cinerea,731
Morchella semilibera,731
Typhula quisquiliaris,729
Phyllactinia guttata,726
Cirsium,725
Hapalopilus nidulans,724
Hypomyces aurantius,724
Crepidotus luteolus,722
Mycena cinerella,721
Puccinia calcitrapae,720
Hygrocybe intermedia,719
Galerina pumila,718
Epichloe typhina,716
Bellis perennis,714
Erysiphe circaeae,714
Blumeria graminis,713
Cirsium vulgare,713
Peziza micropus,713
Mitrula paludosa,712
Mollisia fusca,711
Suillus granulatus,708
Cortinarius bolaris,707
Erysiphe polygoni,707
Pluteus phlebophorus,705
Psathyrella artemisiae,705
Russula grisea,704
Peziza vesiculosa,703
Stropharia pseudocyanea,702
Cyathus striatus,700
Erysiphe trifoliorum,700
Botryobasidium subcoronatum,699
Entoloma chalybeum,699
Russula chloroides,699
Craterium minutum,698
Geranium robertianum,698
Leucoagaricus leucothites,694
Caloboletus radicans,693
Hypholoma elongatum,692
Plasmopara crustosa,691
"Conocybe albipes non Fr., 1863",689
Lycoperdon lividum,689
Melampsora epitea,689
Ascomycota,688
Pluteus umbrosus,688
Asterophora parasitica,687
Mycena stipata,687
Cortinarius elatior,682
Hortiboletus rubellus,682
Tricholoma lascivum,682
Caloboletus calopus,681
Puccinia acetosae,680
Neonectria coccinea,679
Galerina clavata,678
Cortinarius hinnuleus,676
Arcyria incarnata,672
Mycosphaerella punctiformis,672
Hyphoderma setigerum,669
Pholiota alnicola,666
Inocybe lacera,664
Pluteus nanus,663
Dendryphion comosum,662
Cortinarius decipiens,660
Cortinarius flexipes,660
Pseudoboletus parasiticus,659
Sphaerobolus stellatus,657
Sonchus asper,656
Alliaria petiolata,654
Lactarius helvus,654
Hebeloma sinapizans,652
Mollisia melaleuca,652
Pholiotina arrhenii,651
Trechispora farinacea,650
Podosphaera erigerontis-canadensis,646
Rosellinia aquila,645
Stereum rameale,645
Entoloma prunuloides,644
Geastrum fimbriatum,644
Spinellus fusiger,642
Geum urbanum,641
Russula risigallina,640
Inosperma cookei,639
Mycena capillaripes,637
Amanita ceciliae,635
Cystolepiota seminuda,635
Gomphidius roseus,634
Trichia affinis,634
Encoelia furfuracea,631
Ruzenia spermoides,629
Cirsium palustre,628
Miyagia pseudosphaeria,628
Agaricus crocodilinus,627
Collybia cookei,626
Russula grata,626
Pholiota highlandensis,623
Mentha aquatica,622
Phanerochaete velutina,622
Crucibulum laeve,621
Otidea alutacea,616
Podosphaera fusca,616
Luzula sylvatica,615
Entoloma hebes,614
Melanoleuca cognata,614
Puccinia buxi,614
Macrotyphula juncea,613
Boletus,612
Botrytis cinerea,612
Cyanoboletus pulverulentus,612
Hymenoscyphus tetracladius,612
Propolis farinosa,612
Russula exalbicans,612
Cortinarius torvus,610
Cyclocybe erebia,610
Pinopsida,610
Amylostereum laevigatum,608
Peronospora ficariae,608
Panellus mitis,607
Vuilleminia coryli,607
Inocybe assimilata,605
Lactarius pallidus,605
Mycena pseudocorticola,602
Allium ursinum,600
Lachnellula occidentalis,600
Phragmidium fragariae,600
Potentilla sterilis,600
Protomyces macrosporus,600
Puccinia iridis,600
Pucciniastrum circaeae,600
Pseudohydnum gelatinosum,599
Lycoperdon molle,598
Trechispora mollusca,597
Tricholoma columbetta,597
Exidia plana,595
Russula queletii,595
Lactifluus piperatus,594
Amanita porphyria,591
Craterellus sinuosus,590
Russula amoenolens,590
Tylopilus felleus,587
Pholiota flammans,586
Ulmus procera,585
Tilia cordata,583
Lactarius fluens,579
Cortinarius triumphans,578
Artemisia vulgaris,576
Dryopteris dilatata,576
Deconica horizontalis,575
Dryopteris filix-mas,575
Paragalactinia succosa,574
Phlebia rufa,574
Hygrocybe mucronella,573
Cortinarius sanguineus,572
Erysiphe adunca,572
Leucocoprinus brebissonii,572
Ascodichaena rugosa,570
Parasola auricoma,570
Arctium,569
Eutypa spinosa,569
Ischnoderma benzoinum,569
Phanerochaete sordida,569
Pleurotus pulmonarius,568
Didymium difforme,567
Puccinia pulverulenta,567
Puccinia vincae,567
Radulomyces molaris,567
Exidia recisa,566
Mollisia ligni,566
Pholiota aurivella,566
Glutinoglossum glutinosum,565
Resinicium bicolor,564
Tricholoma stiparophyllum,562
Bremia lactucae,561
Cupressus,561
Hymenoscyphus calyculus,559
Steccherinum ochraceum,559
Cortinarius croceus,558
Lentinellus cochleatus,558
Populus canescens,558
Agaricus impudicus,557
Milesina dieteliana,557
Polygonum aviculare sensu Stace,556
Postia ptychogaster,556
Urocystis anemones,556
Trichia persimilis,555
Holcus mollis,554
Lamium album,554
Venturia rumicis,554
Puccinia punctata,553
Tilia cordata x platyphyllos = T. x europaea,553
Bulbillomyces farinosus,551
Phalaris arundinacea,551
Scopuloides rimosa,548
Inocybe cincinnata,546
Skeletocutis amorpha,546
Tsuga heterophylla,546
Helvella elastica,545
Clitopilus hobsonii,544
Erysiphe cruciferarum,540
Iris foetidissima,540
Hedera,539
Scleroderma bovista,539
Hypomyces rosellus,538
Veronica montana,537
Strobilurus esculentus,536
Hypericum androsaemum,534
Laccaria bicolor,533
Puccinia veronicae,533
Helvella macropus,532
Pholiotina aporos,531
Phragmites,531
Milesina blechni,530
Tricholoma imbricatum,530
Hymenoscyphus splendens,529
Russula pseudointegra,528
Uromyces rumicis,528
Hyaloperonospora parasitica,527
Puccinia cnici,527
Hebeloma leucosarx,526
Inocybe glabripes,526
Calycina herbarum,525
Phragmidium rubi-idaei,525
Tephrocybe rancida,525
Collybiopsis vaillantii,523
Psathyrella spadicea,523
Puccinia mirabilissima,523
Stropharia coronilla,522
Stropharia inuncta,521
Vinca major,521
Arcyria obvelata,520
Galerina paludosa,520
Hygrocybe citrinovirens,520
Neonectria lugdunensis,520
Merismodes anomala,519
Russula lutea,518
Oxyporus populinus,517
Russula virescens,517
Lycoperdon echinatum,516
Marasmius hudsonii,515
Entoloma clypeatum,514
Leocarpus fragilis,514
Lonicera periclymenum,512
Psilachnum chrysostigmum,511
Cortinarius alboviolaceus,510
Leptospora rubella,510
Subulicystidium longisporum,510
Bos,508
Euonymus europaeus,507
Bertia moriformis,504
Hygrophorus discoxanthus,504
Agaricus moelleri,503
Puccinia graminis,502
Uromyces geranii,502
Blechnum spicant,501
Ganoderma resinaceum,500
Micropodia pteridina,500
Pluteus plautus,500
Stachys sylvatica,500
Cortinarius mucifluus,494
Inocybe griseolilacina,494
Taphrina tosquinetii,492
Lactarius fuliginosus,491
Trifolium pratense,491
Elymus repens,488
Leccinum cyaneobasileucum,488
Clitocybe ditopus,484
Disciotis venosa,484
Tyromyces chioneus,484
Cortinarius delibutus,483
Entoloma jubatum,483
Digitalis purpurea,481
Hygrocybe aurantiosplendens,480
Leptosphaeria doliolum,480
Puccinia aegopodii,480
Melastiza cornubiensis,479
Valeriana officinalis,479
Hypoxylon howeanum,478
Bjerkandera fumosa,477
Inocybe petiginosa,477
Lachnella alboviolascens,477
Russula violeipes,476
Agaricus langei,474
Collybia phyllophila,474
Russula versicolor,474
Gloniopsis praelonga,473
Lachnella villosa,473
Pustula obtusata,473
Galerina graminea,472
Glyceria maxima,472
Cornus sanguinea,471
Phleogena faginea,471
Hymenoscyphus caudatus,470
Brachypodium sylvaticum,468
Puccinia phragmitis,468
Uromyces viciae-fabae,468
Mahonia aquifolium,467
Pluteus thomsonii,467
Tranzschelia anemones,466
Puccinia adoxae,465
Incrucipulum ciliare,464
Taphrina pruni,464
Ustilago avenae,463
Cervidae,462
Coprinopsis acuminata,462
Cordyceps farinosa,462
Peniophorella pubera,462
Leratiomyces ceres,461
Russula graveolens,461
Aspropaxillus giganteus,460
Tricholoma virgatum,460
Lepraria incana,458
Laccaria tortilis,457
Verpa conica,457
Colpoma quercinum,456
Ramularia urticae,456
Arrhenia retiruga,453
Cervus elaphus,452
Hyalopeziza millepunctata,452
Hyphodontia alutaria,452
Inocybe curvipes,452
Macrolepiota konradii,451
Evernia prunastri,450
Boletus aestivalis,449
Humaria hemisphaerica,448
Lepidoptera,448
Marasmiellus foetidus,448
Mollisia revincta,448
Monilinia johnsonii,446
Phyllachora junci,446
Sarcoscypha coccinea,446
Trifolium repens,446
Clematis vitalba,444
Stemonitopsis typhina,442
Tricholoma cingulatum,442
Sistotrema brinkmannii,441
Golovinomyces sonchicola,440
Ascobolus stercorarius,439
Ammophila,438
Anthoxanthum odoratum,438
Microbotryum lychnidis-dioicae,438
Steccherinum fimbriatum,438
Polyporus ciliatus,437
Mycena polyadelpha,436
Cyclocybe cylindracea,435
Peronospora ranunculi,435
Tricholomopsis decora,435
Physcia tenella,433
Uromyces valerianae,432
Clavulinopsis umbrinella,431
Sonchus arvensis,431
Erysiphe urticae,430
Microglossum olivaceum,430
Parmelia sulcata,430
Lecanora chlarotera,429
Cuphophyllus colemannianus,428
Exobasidium vaccinii,428
Hymenoscyphus repandus,428
Russula aquosa,428
Malus sylvestris,427
Septoria aegopodii,427
Cortinarius armillatus,426
Euphorbia peplus,426
Geoglossum umbratile,426
Physarum leucophaeum,426
Capsella bursa-pastoris,425
Cercospora mercurialis,425
Heteroradulum deglubens,424
Acrospermum compressum,422
Galerina mniophila,422
Quercus cerris,421
Brevicellicium olivascens,420
Leptotrochila ranunculi,420
Xanthoriicola physciae,420
Henningsomyces candidus,418
Terana coerulea,418
Hypogymnia physodes,416
Russula subfoetens,416
Arcyria pomiformis,414
Cortinarius purpurascens,414
Crinipellis scabella,414
Lactarius circellatus,414
Peziza varia,414
Puccinia cnici-oleracei,413
Polypodium vulgare,412
Marasmius cohaerens,411
Tapinella panuoides,410
Gyroporus castaneus,409
Helvella acetabulum,409
Russula decolorans,409
Serpula himantioides,409
Tetracladium setigerum,408
Clavariopsis aquatica,407
Elaphomyces granulatus,407
Beta vulgaris,406
Melanoleuca exscissa,406
Periconia byssoides,406
Puccinia umbilici,406
Mycena bulbosa,405
Trichopeziza sulphurea,405
Cistella grevillei,403
Entoloma incanum,403
Hygrocybe conicoides,403
Microthyrium ciliatum,403
Conopodium majus,402
Ramularia ari,402
Physisporinus vitreus,401
Puccinia primulae,401
Cortinarius lepidopus,399
Tricholoma sejunctum,399
Trichopeziza mollissima,399
Teucrium scorodonia,398
Russula farinipes,397
Boletales,396
Phyllactinia fraxini,396
Puccinia annularis,396
Rhodocollybia asema,396
Lactarius controversus,394
Ceriporiopsis gilvescens,393
Russula velutipes,393
Tetracladium marchalianum,393
Golovinomyces orontii,392
Cristulariella depraedans,391
Deconica coprophila,391
Pinus contorta,391
Trochila craterium,391
Diplocarpon rosae,390
Psathyrella prona,390
Cyathicula coronata,388
Jacobaea vulgaris,387
Ganoderma lucidum,385
Prunus domestica,385
Puccinia chaerophylli,385
Ranunculus acris,385
Simocybe centunculus,384
Atheniella adonis,383
Crepidotus caspari,383
Phaeoclavulina abietina,383
Lepiota boudieri,382
Plantae,382
Stropholoma aurantiacum,382
Apiaceae,381
Arctium minus,381
Gymnosporangium cornutum,381
Hyaloperonospora niessliana,381
"Lachnum brevipilosum non Lachnum brevipilum (Höhn.) Nannf., 1932",381
Otidea bufonia,379
Russula paludosa,379
Chamaecyparis,378
Tolypocladium ophioglossoides,378
Viola,377
Ceriporia reticulata,376
Gloeocystidiellum porosum,376
Hemimycena cucullata,376
Peronospora alta,376
Pilobolus crystallinus,374
Mollisia,373
Oenanthe crocata,373
Mycena flavescens,372
Helianthemum,371
Mycosphaerella tassiana,371
Dendrothele acerina,370
Erysiphe tortilis,370
Sidera vulgaris,370
Clavaria argillacea,369
Mycena,369
Puccinia brachypodii,369
Vaccinium vitis-idaea,369
Asterophora lycoperdoides,367
Inocybe mixtilis,367
Agrocybe rivulosa,366
Agrostis capillaris,365
Peronospora grisea,365
Trametes pubescens,365
Physcia adscendens,364
Scopuloides hydnoides,364
Quaternaria quaternata,363
Enerthenema papillatum,362
Podosphaera plantaginis,362
Psathyrella obtusata,362
Tarzetta cupularis,362
Inonotus obliquus,360
Lolium perenne,360
Caltha palustris,359
Heterosphaeria patella,359
Hymenoscyphus fraxineus,359
Peronospora aparines,359
Deconica montana,358
Puccinia tumida,358
Rigidoporus ulmarius,357
Agaricus comtulus,356
Myriosclerotinia curreyana,356
Bactridium flavum,355
Geastrum striatum,355
Hydnellum concrescens,355
Lactarius quieticolor,355
Petasites hybridus,355
Amanita echinocephala,354
Mollisia clavata,354
Prunus padus,354
Thelephora penicillata,354
Tulosesus impatiens,354
Botryobasidium conspersum,353
Hygrophorus cossus,353
Melanoleuca grammopodia,352
Phragmidium sanguisorbae,352
Cystolepiota bucknallii,351
Gyromitra esculenta,351
Orbilia auricolor,351
Pluteus podospileus,351
Periconia cookei,350
Cyathus olla,349
Tarzetta catinus,349
Neosetophoma samarorum,346
Epilobium montanum,345
Varicosporium elodeae,345
Cortinarius obtusus,344
Neohygrocybe nitrata,344
Panus conchatus,344
Badhamia utricularis,343
Russula anthracina,343
Ceriporia viridans,342
Cribraria argillacea,342
Phellodon melaleucus,342
Hydnellum peckii,341
Illosporiopsis christiansenii,341
Delicatula integrella,340
Inocybe hirtella,340
Lactarius obscuratus,340
Melanophyllum haematospermum,340
Plasmoverna pygmaea,340
Quercus rubra,340
Agaricus bitorquis,339
Golovinomyces artemisiae,339
Inocybe praetervisa,339
Juniperus communis,339
Phragmidium tuberculatum,338
Ramariopsis kunzei,338
Boletus pinophilus,337
Sphagnurus paluster,337
Tranzschelia discolor,337
Dryopteris,335
Orbilia leucostigma,335
Gomphidius glutinosus,334
Iodophanus carneus,334
Cortinarius,333
Lactarius lacunarum,333
Lactarius uvidus,333
Mycena pearsoniana,333
Conium maculatum,332
Cytisus scoparius,332
Hypholoma myosotis,332
Russula brunneoviolacea,332
Ustilago filiformis,332
Volvariella bombycina,332
Cheilymenia fimicola,331
Cortinarius caperatus,331
Poronia punctata,331
Anthracobia macrocystis,330
Myrrhis odorata,330
Amanita submembranacea,329
Diaporthe eres,329
Geranium pratense,329
Panaeolus cinctulus,329
Stemphylium herbarum,329
Trachyspora intrusa,329
Butyriboletus appendiculatus,328
Ramularia lapsanae,328
Antrodia xantha,326
Athelia arachnoidea,326
Conocybe subovalis,326
Trichoderma gelatinosum,326
Elaphomyces muricatus,325
Suillellus queletii,325
Rhytisma salicinum,324
Spathularia flavida,323
Sorbus,322
Umbilicus rupestris,322
Agaricus bisporus,321
Arrhenia acerosa,321
Eutypa lata,321
Pholiota tuberculosa,321
Gymnopilus hybridus,320
Aesculus,319
Diaporthe samaricola,319
Brunnipila dumorum,318
Gymnopus ocior,318
Mollisia discolor,318
Gymnopilus sapineus,317
Populus alba,317
Sebacina incrustans,317
Amanita virosa,315
Gloioxanthomyces vitellinus,315
Junghuhnia nitida,315
Physarum viride,315
Lepiota magnispora,314
Salix alba,314
Typhula setipes,314
Stemonitis axifera,313
Cortinarius mucifluoides,312
Mycena abramsii,312
Psilocybe cyanescens,312
Cortinarius trivialis,311
Parasola conopilea,311
Rhizopogon luteolus,311
Succisa pratensis,311
Entoloma infula,310
Heliscella stellata,310
Pluteus ephebeus,310
Chlorophyllum olivieri,309
Phellodon fuligineoalbus,309
Ripartites tricholoma,309
Scutellinia trechispora,309
Taeniospora gracilis,309
Golovinomyces fischeri,308
Hyphoderma argillaceum,308
Inosperma bongardii,308
Calcarisporium arbuscula,307
Rosellinia mammiformis,307
Stellaria media,307
Cortinarius integerrimus,306
Cortinarius rubellus,306
Lactarius azonites,306
Pluteus leoninus,305
Russula luteotacta,305
Tulostoma brumale,305
Coprinopsis cinerea,304
Galium saxatile,304
Hebeloma pusillum,304
Lathyrus pratensis,304
Sequoiadendron giganteum,304
Tomentella sublilacina,304
Coniophora arida,303
Kneiffiella barba-jovis,303
Suillus viscidus,303
Eupatorium cannabinum,302
Phlebiopsis gigantea,302
Puccinia poae-nemoralis,302
Lasiobolus papillatus,301
Poterium sanguisorba,301
Hypholoma udum,300
Mallocybe dulcamara,300
Perichaena corticalis,300
Psathyrella ammophila,300
Pseudopeziza trifolii,300
Rutstroemia sydowiana,300
Silene latifolia,300
Entoloma sinuatum,299
Lactarius musteus,298
Resinomycena saccharifera,298
Cortinarius uliginosus,297
Ericaceae,297
Gomphidius maculatus,297
Suillus flavidus,297
Odontites vernus,296
Parmelia saxatilis,296
Peziza cerea,296
Dipsacus fullonum,295
Hymenoscyphus imberbis,295
Melampsoridium hiratsukanum,295
Trichia scabra,295
Anthracobia melaloma,294
Nemania confluens,294
Rhodocollybia prolixa,294
Tricholoma equestre,294
Carex acutiformis,293
Flagelloscypha minutissima,293
Hyphodontia pallidula,293
Ramularia inaequalis,293
Brunnipila fuscescens,292
Pinus radiata,292
Tragopogon pratensis,292
Erysiphe berberidis,291
Jackrogersella cohaerens,291
Capreolus capreolus,290
Hypocreopsis rhododendri,290
Russula,290
Colletotrichum liliacearum,289
Peziza echinospora,289
Hyaloscypha leuconica,288
Mycena corynephora,288
Parasola misera,288
Ramularia digitalis,288
Puccinia albescens,287
Cortinarius acutus,286
Gloiothele lactescens,286
Stellaria graminea,286
Hypoderma rubi,285
Lamium purpureum,285
Ciboria caucus,284
Malus domestica,284
Simocybe sumptuosa,284
Acer platanoides,283
Conocybe filaris,283
Cystolepiota hetieri,283
Pyrenopeziza urticicola,283
Cedrus atlantica,282
Chlorophyllum brunneum,282
Hortiboletus engelii,282
Ramularia didyma,282
Hysterium angustatum,281
Lasiosphaeris hirsuta,281
Lepista panaeolus,281
Alnicola subconspersa,280
Linum catharticum,280
Melampsora lini,280
Mollisia cinerella,280
Bolbitius reticulatus,279
Resupinatus trichotis,279
Trochila laurocerasi,279
Lepiota felina,278
Peronospora viciae,278
Sarcodon squamosus,278
Clavaria flavipes,277
Conocybe pubescens,277
Cortinarius largus,277
Ramularia primulae,277
Agrocybe molesta,276
Fusidium griseum,276
Mycena clavularis,276
Ophiostoma novo-ulmi,276
Strobilomyces strobilaceus,276
Cortinarius gentilis,275
Gymnosporangium confusum,275
Inocybe fraudans,275
Lachnum nudipes,275
Podosphaera fugax,275
Ramularia pratensis,275
Scutellinia umbrorum,275
Melanconis stilbostoma,274
Ophiostoma ulmi,274
Ramularia lactea,274
Mycena rubromarginata,273
Puccinia variabilis,273
Sphaerellopsis filum,273
Carex riparia,272
Filipendula,272
Inocybe corydalina,271
Mycosphaerella rubi,271
Psathyrella laevissima,271
Coprinopsis radiata,270
Leucoagaricus badhamii,270
Vicia sepium,270
Amanita junquillea,269
Dinemasporium strigosum,269
Hygrocybe helobia,269
Microbotryum stellariae,269
Phyllachora graminis,268
Alnicola striatula,267
Glyphium elatum,267
Insecta,267
Pyrenopeziza petiolaris,267
Amandinea punctata,266
Hericium cirrhatum,264
Melampsorella symphyti,264
Mollisina rubi,264
Salix herbacea,264
Clavatospora longibrachiata,263
Entoloma griseocyaneum,263
Lactifluus volemus,263
Potentilla erecta,263
Psathyrella potteri,263
Viburnum opulus,263
Entoloma exile,262
Entoloma lampropus,262
Hemileccinum impolitum,262
Marasmius epiphylloides,262
Puccinia oxalidis,262
Puccinia saniculae,262
Entoloma hirtipes,261
Lepiota erminea,261
Podoscypha multizonata,261
Gymnopus acervatus,260
Gymnopus aquosus,260
Hericium coralloides,260
Leratiomyces squamosus,260
Symphytum officinale,260
Cymadothea trifolii,259
Lemonniera aquatica,259
Polycephalomyces tomentosus,259
Clavaria amethystina,258
Amphinema byssoides,257
Cystoderma jasonis,257
Mycena pterigena,257
Physarum bivalve,257
Russula integra,257
Hyphodontia arguta,256
Uromyces polygoni-avicularis,256
Ditiola peziziformis,255
Gymnopus brassicolens,255
Mentha,255
Tricholoma ustaloides,255
Antrodia albida,254
Iris pseudacorus,254
Tricholoma portentosum,254
Erysiphe hyperici,253
Geopora sumneriana,253
Omphalina pyxidata,253
Puccinia polygoni-amphibii,253
Helianthemum nummularium,252
Plasmopara densa,252
Carex flacca,251
Cortinarius violaceus,251
Entoloma corvinum,251
Inonotus cuticularis,251
Lyophyllum anthracophilum,251
Plasmopara nivea,251
Puccinia recondita,251
Typha latifolia,251
Daleomyces petersii,250
Eutypella scoparia,250
Leucocybe candicans,250
Paxillus rubicundulus,250
Collybia tuberosa,249
Entoloma bloxamii,249
Flammulaster carpophilus,249
Lyophyllum atratum,249
Melampsora laricis-epitea,249
Podosphaera leucotricha,249
Ranunculus,249
Trichia contorta,249
Inocybe stellatospora,248
Licea parasitica,248
Neoerysiphe galii,247
Pluteus cinereofuscus,247
Psathyrella pseudogracilis,247
Alcea rosea,246
Leccinellum pseudoscabrum,246
Narcissea cordispora,246
Phylloporia ribis,246
Russula turci,246
Adelphella babingtonii,245
Cortinarius limonius,245
Cortinarius raphanoides,245
Entoloma politum,245
Larix kaempferi,245
Neohygrocybe ovina,245
Tricholoma atrosquamosum,245
Calocera glossoides,244
Chenopodium album,244
Eutypa flavovirens,244
Phaeomarasmius erinaceus,244
Salix aurita,244
Inosperma erubescens,243
Microbotryum violaceum,243
Phellodon tomentosus,243
Cribraria aurantiaca,241
Erysiphe lonicerae,241
Russula olivacea,241
Lactarius spinosulus,240
Myosotis arvensis,240
Cortinarius tabularis,239
Deconica phillipsii,239
Gymnosporangium sabinae,238
Puccinia tanaceti,238
Amanita strobiliformis,237
Microglossum viride,237
Desarmillaria tabescens,236
Epicoccum nigrum,236
Solanum tuberosum,236
Hydropisphaera peziza,235
Inosperma adaequatum,235
Lanzia echinophila,235
Polytrichum,235
Cribraria cancellata,234
Deconica inquilina,234
Entoloma turbidum,234
Hygrophorus pustulatus,234
Mycena purpureofusca,234
Ophiobolus acuminatus,234
Thekopsora agrimoniae,234
Macrolepiota excoriata,233
Marasmius torquescens,233
Ovis,233
Rhinanthus minor,233
Symphytum,233
Triticum aestivum,233
Inosperma calamistratum,232
Penicillium brevicompactum,232
Poa,232
Puccinia antirrhini,232
Ramalina farinacea,232
Ejnerjensenia myriocarpa,231
Exidiopsis effusa,231
Ganoderma pfeifferi,231
Lachnum carneolum,231
Lotus pedunculatus,231
Erysiphe pisi,230
Inocybe godeyi,230
Microscypha grisella,230
Physarum cinereum,230
Puccinia conii,230
Rhizina undulata,230
Cistella fugiens,229
Didymium clavus,229
Ribes uva-crispa,229
Stemonitis flavogenita,229
Entoloma sericatum,228
Mycoacia aurea,228
Ramularia sphaeroidea,228
Glomerella cingulata,227
Phytophthora infestans,227
Typhula phacorrhiza,227
Agaricus dulcidulus,226
Didymium nigripes,226
Lactarius flexuosus,226
Lanzia luteovirescens,226
Geranium molle,225
Lachnum diminutum,225
Lactarius trivialis,225
Thanatephorus cucumeris,225
Dennisiella babingtonii,224
Didymium melanospermum,224
Leccinellum crocipodium,224
Myriolecis dispersa,224
Puccinia magnusiana,224
Russula albonigra,224
Stilbella fimetaria,224
Myrica gale,223
Hebeloma radicosum,222
Hebeloma velutipes,222
Populus deltoides x nigra = P. x canadensis,222
Ciboria batschiana,221
Hyalorbilia inflatula,221
Inocybe hystrix,221
Melanoleuca brevipes,221
Pucciniastrum guttatum,221
Avenella flexuosa,220
Chamaemyces fracidus,220
Ganoderma australe,220
Hydropus floccipes,220
Lophiostoma aquaticum,220
Phlebiopsis ravenelii,220
Populus nigra,220
Spermosporina aricola,220
Veronica beccabunga,220
Cortinarius flabellus,219
Lecanora expallens,219
Lepiota clypeolaria,219
Phaeolepiota aurea,219
Puccinia betonicae,219
Senecio squalidus,219
Tilletia sphaerococca,219
Cortinarius caninus,218
Flabellospora acuminata,218
Microbotryum silenes-dioicae,218
Puccinia chrysosplenii,218
Meottomyces dissimulans,217
Microthyrium microscopicum,217
Milesina whitei,217
Parasola kuehneri,217
Pluteus aurantiorugosus,217
Pyrenopeziza escharodes,217
Cortinarius variicolor,216
"Daldinia vernicosa non DC. & Lam.: Fr., 1815",216
Entoloma formosum,216
Agrimonia eupatoria,215
Antirrhinum majus,215
Arctium lappa,215
Collybia irina,215
Vanderbylia fraxinea,215
Cortinarius rigidus,214
Persicaria amphibia,214
Tricholoma acerbum,214
Cupressus lawsoniana,213
Entoloma poliopus,213
Lepiota oreadiformis,213
Rumex crispus,213
Agaricus bernardii,212
Betonica officinalis,212
Coccomyces dentatus,212
Rhamnus cathartica,212
Ribes rubrum,212
Rubroboletus satanas,212
Uromyces pisi-sativi,212
Botryosphaeria dothidea,211
Cortinarius saturninus,211
Helminthosphaeria clavariarum,211
Hygrocybe marchii,211
Hymenoscyphus fagineus,211
Lachnellula subtilissima,211
Lecanora conizaeoides,211
Psathyrella pennata,211
Alnicola scolecina,210
Mahonia,210
Proliferodiscus pulveraceus,210
Cortinarius umbrinolens,209
Desmidiaceae,209
Entoloma pleopodium,209
Lactarius acerrimus,209
Mucronella calva,209
Mycena clavicularis,209
Ascobolus albidus,208
Sanguisorba officinalis,208
Tubulicrinis subulatus,208
Antrodia serialis,207
Candelariella vitellina,207
Coprinus micaceus,207
Diptera,207
Inocybe whitei,207
Mycena vulgaris,206
Sanicula europaea,206
Abies procera,205
Cortinarius evernius,205
Deconica crobula,205
Gnomonia cerastis,205
Kneiffiella subalutacea,205
Persicaria hydropiper,205
Porphyrellus porphyrosporus,205
Anguillospora crassa,204
Coprinellus radians,204
Dendrostoma leiphaemia,204
Lepiota subincarnata,204
Boletaceae,203
Melanelixia fuliginosa,203
Puccinia epilobii,203
Puccinia festucae,203
Euphorbia helioscopia,202
Mycoacia fuscoatra,202
Ramularia septata,202
Scrophularia nodosa,202
Trimmatostroma betulinum,202
Geastrum fornicatum,201
Sisymbrium officinale,201
Tremella encephala,201
Armillaria,200
Conocybe rickeniana,200
Cribraria rufa,200
Elymus athericus,200
Galium verum,200
Spartina anglica,200
Thuja,200
Hebeloma laterinum,199
Lactarius hysginus,199
Leccinum,199
Leptosporomyces fuscostratus,199
Paradiacheopsis fimbriata,199
Gymnosporangium clavariiforme,198
Hymenoscyphus albidus,198
Juniperus,198
Melanoleuca bataillei,198
Phyllachora dactylidis,198
Schizothecium tetrasporum,198
Cortinarius anthracinus,197
Cryptosphaeria eunomia,197
Hypholoma subericaeum,197
Luzula campestris,197
Mycena megaspora,197
Strobilurus stephanocystis,197
Erysiphe ulmariae,196
Eucalyptus,196
Geastrum rufescens,195
Microglossum atropurpureum,195
Paradiacheopsis solitaria,195
Pholiota adiposa,195
Verrucaria nigrescens,195
Dendrospora erecta,194
Golovinomyces biocellatus,194
Lachnum controversum,194
Sporormiella intermedia,194
Urocystis ranunculi,194
Amylostereum chailletii,193
Botryobasidium candicans,193
Calycellina punctata,193
Cheilymenia stercorea,193
Menispora ciliata,193
Tranzschelia pruni-spinosae,193
Tulasnella violea,193
Chrysosplenium oppositifolium,192
Dumontinia tuberosa,192
Lachnum tenuissimum,192
Lepiota pseudolilacea,192
Thelephora anthocephala,192
Cortinarius glandicolor,191
Cryptosporella betulae,191
Cystoderma carcharias,191
Dictydiaethalium plumbeum,191
Equus,191
Ramularia purpurascens,191
Stypella dubia,191
Variospora flavescens,191
Verticillium alboatrum,190
Aphanobasidium pseudotsugae,189
Cortinarius infractus,189
Cortinarius ochroleucus,189
Cristinia helvetica,189
Entoloma minutum,189
Morchella elata,189
Rhodocybe gemina,189
Thuja plicata,189
Cruciata laevipes,188
Podosphaera filipendulae,188
Agaricus porphyrizon,187
Golovinomyces verbasci,187
Hemitrichia calyculata,187
Hypochnicium punctulatum,187
Stictis stellata,187
Xylodon nesporii,187
Ascobolus immersus,186
Cladium mariscus,186
Clavariadelphus pistillaris,186
Clitocybe brumalis,186
Gaeumannomyces tritici,186
Mercurialis,186
Mycosphaerella superflua,186
Conocybe rickenii,185
Euphorbia amygdaloides,185
Holcus,185
Hypholoma ericaeum,185
Pseudotsuga,185
Stypella grilletii,184
Cytospora populina,183
Lecidella elaeochroma,183
Sonchus,183
Taphrina populina,183
Abies alba,182
Arrhenia rickenii,182
Dothidella ulmi,182
Entoloma atrocoeruleum,182
Lemonniera terrestris,182
Angelica,181
Cystodermella granulosa,181
Dichomitus campestris,181
Entoloma asprellum,181
Lactarius decipiens,181
Lecanora campestris,181
Myriolecis albescens,181
Russula vinosa,181
Trechispora cohaerens,181
Buglossoporus quercinus,180
Cortinarius mucosus,180
Hydnellum spongiosipes,180
Hypoxylon intermedium,180
Infundibulicybe costata,180
Lactarius semisanguifluus,180
Mollisia palustris,180
Coprinellus xanthothrix,179
Mycosphaerella hedericola,179
Mycosphaerella isariphora,179
Orbilia sarraziniana,179
Peronospora farinosa,179
Pluteus pouzarianus,179
Botryobasidium vagum,178
Craterellus lutescens,178
Crepidotus versutus,178
Helminthosporium velutinum,178
Hypoderma hederae,178
Lacrymaria pyrotricha,178
Molinia,178
Mycena maculata,178
Tricholoma psammopus,178
Tulosesus angulatus,178
Coleosporium senecionis,177
Entoloma euchroum,177
Humulus lupulus,177
Rhizophydium ubiquetum,177
Russula nauseosa,177
Simocybe haustellaris,177
Coprinopsis marcescibilis,176
Cyathicula dolosella,176
Erysiphe viburni,176
Galanthus nivalis,176
Mycetinis alliaceus,176
Panaeolus olivaceus,176
Platismatia glauca,176
Pluteus petasatus,176
Pyrenopeziza mercurialis,176
Saccobolus versicolor,176
Synchytrium taraxaci,176
Syzygites megalocarpus,176
Tephromela atra,176
Athelia epiphylla,175
Clitocybe dealbata,175
Cortinarius pholideus,175
Epilobium palustre,175
Guepinia helvelloides,175
Lactarius zonarius,175
Rosa arvensis,175
Tricholoma focale,175
Cladonia coniocraea,174
Diploicia canescens,174
Entomophthora muscae,174
Orbilia eucalypti,174
Alnicola bohemica,173
Arcyria ferruginea,173
Orbilia curvatispora,173
Ossicaulis lignatilis,173
Pleuroceras pseudoplatani,173
Psathyrella pygmaea,173
Tolypocladium capitatum,173
Clathrus archeri,172
Diderma hemisphaericum,172
Elaphomyces,172
Sphacelotheca hydropiperis,172
Strossmayeria basitricha,172
Arrhenia spathulata,171
Puccinia allii,171
Ustilago striiformis,171
Xenodochus carbonarius,171
Carpinus,170
Flammulaster granulosus,170
Hedera hibernica,170
Hydnoporia tabacina,170
Periconia minutissima,170
Sagaranella tylicolor,170
Trichoderma aureoviride,170
Urocystis violae,170
Chromocyphella muscicola,169
Dacrymyces capitatus,169
Agrostis,168
Eriopezia caesia,168
Inocybe pusio,168
Leccinum melaneum,168
Peronospora trifoliorum,168
Psathyrella tephrophylla,168
Pyrus communis,168
Tulosesus hiascens,168
Dendrospora tenella,167
Jackrogersella minutella,167
Peronospora arvensis,167
Pyrenopeziza rubi,167
Neodasyscypha cerina,166
Pilaira anomala,166
Podosphaera xanthii,166
Stypella vermiformis,166
Catinella olivacea,165
Coprinopsis friesii,165
Hymenoscyphus epiphyllus,165
Mycelis muralis,165
Podosphaera euphorbiae,165
Polycauliona polycarpa,165
Septoriella vagans,165
Stypella subhyalina,165
Aureoboletus gentilis,164
Cantharellus amethysteus,164
Ceriporia purpurea,164
Cortinarius puniceus,164
Helminthotheca echioides,164
Inocybe phaeoleuca,164
Phlebia livida,164
Puccinia galii-verni,164
Ramularia interstitialis,164
Ramularia simplex,164
Russula alutacea,164
Trichopezizella nidulus,164
Tulasnella eichleriana,164
Lophodermium arundinaceum,163
Mycena rosella,163
Tricholoma albobrunneum,163
Lactarius pterosporus,162
Leucocybe houghtonii,162
Pezicula livida,162
Phaeophyscia orbicularis,162
Trifolium dubium,162
Veronica hederifolia,162
Ypsilina graminea,162
Botrytis globosa,161
Cerastium fontanum,161
Entoloma undatum,161
Hymenoscyphus vitellinus,161
Laxitextum bicolor,161
Neottiella rutilans,161
Berlesiella nigerrima,160
Diaporthe arctii,160
Gymnopus fuscopurpureus,160
Pholiota lenta,160
Calycellina flaveola,159
Coprinopsis stercorea,159
Dacryobolus karstenii,159
Lecanora polytropa,159
Mycena citrinomarginata,159
Pholiotina rugosa,159
Viola odorata,159
Amanita betulae,158
Erysiphe convolvuli,158
Eutypella prunastri,158
Galium odoratum,158
Lyophyllum loricatum,158
Melampsora laricis-populina,158
Peniophora polygonia,158
Peziza ammophila,158
Ramularia carneola,158
Rhizomarasmius undatus,158
Solanum lycopersicum,158
Xylodon crustosus,158
Buxus,157
Galerina calyptrata,157
Inocybe margaritispora,157
Jalapriya toruloides,157
Lamproderma scintillans,157
Leccinum duriusculum,157
Pappia fissilis,157
Pteridophyta,157
Ramularia rhabdospora,157
Battarrea phalloides,156
Calystegia sepium,156
Cupressaceae,156
Fungi,156
Plasmopara pusilla,156
Podosphaera spiraeae,156
Scutellinia crinita,156
Silene uniflora,156
Trametes gallica,156
Trichobelonium kneiffii,156
Venturia maculiformis,156
Ampelomyces quisqualis,155
Calycellina pseudopuberula,155
Cantharellula umbonata,155
Ceriporiopsis pannocincta,155
Clitocybe bresadolana,155
Galium palustre,155
Pholiota conissans,155
Pluteus hispidulus,155
Veronica serpyllifolia,155
Entoloma caesiocinctum,154
Inocybe obscuroides,154
Monilinia fructigena,154
Mycena chlorantha,154
Podospora conica,154
Echinostelium minutum,153
Litschauerella clematidis,153
Rhizocarpon geographicum,153
Scutellinia subhirtella,153
Tomentella ferruginea,153
Vicia faba,153
Acarospora fuscata,152
Cuphophyllus lacmus,152
Lepiota echinella,152
Mollisia lividofusca,152
Ophiognomonia setacea,152
Ramariopsis subtilis,152
Senecio,152
Tricladium angulatum,152
Boletus aereus,151
Coleophoma cylindrospora,151
Craterium leucocephalum,151
Diplodia sapinea,151
Hypholoma ericaeoides,151
Peziza arvernensis,151
Rubus ulmifolius,151
Aleurodiscus aurantius,150
Badhamia panicea,150
Carex paniculata,150
Comatricha pulchella,150
Dactylis,150
Podosphaera tridactyla,150
Agrocybe arvalis,149
Coprinellus heptemerus,149
Discostroma tostum,149
Golovinomyces montagnei,149
Graphis scripta,149
Hygrocybe calciphila,149
Lepra amara,149
Leucogyrophana mollusca,149
Mollisia ramealis,149
Pertusaria pertusa,149
Phellodon niger,149
Ramularia gei,149
Volutella ciliata,149
Xerula pudens,149
Bisporella subpallida,148
Calycellina lachnobrachya,148
Cheilymenia vitellina,148
Fomitopsis pinicola,148
Lepiota ignivolvata,148
Lycoperdon umbrinum,148
Polygonum aviculare,148
Russula solaris,148
Tetracladium furcatum,148
Tremella globispora,148
Uromyces lineolatus,148
Alatospora flagellata,147
Diachea leucopodia,147
Echinoderma echinaceum,147
Granulobasidium vellereum,147
Lecidella stigmatea,147
Pholiotina velata,147
Podosphaera dipsacacearum,147
Protoparmeliopsis muralis,147
Pyrenopeziza carduorum,147
Scleroderma cepa,147
Thedgonia ligustrina,147
Triposporium elegans,147
Agrocybe elatella,146
Lichenomphalia hudsoniana,146
Pilobolus kleinii,146
Porpidia tuberculosa,146
Psilolechia lucida,146
Pyronema omphalodes,146
Ramularia lamii,146
Uromyces beticola,146
Cheilymenia raripila,145
Deconica merdaria,145
Erysiphe knautiae,145
Lotus corniculatus,145
Mucor mucedo,145
Galerina atkinsoniana,144
Hohenbuehelia atrocoerulea,144
Matricaria discoidea,144
Myxomphalia maura,144
Puccinia arrhenatheri,144
Ribes nigrum,144
Rosa spinosissima,144
Clavaria incarnata,143
Cortinarius saniosus,143
Entoloma,143
Erysiphe flexuosa,143
Medicago lupulina,143
Peronospora conferta,143
Phragmidium rosae-pimpinellifoliae,143
Potentilla reptans,143
Pteridium,143
Sebacina epigaea,143
Silene,143
Verbascum thapsus,143
Calocybe gangraenosa,142
Crepidotus calolepis,142
Diplocarpon fragariae,142
Entyloma microsporum,142
Hemitrichia clavata,142
Ochrolechia parella,142
Ramularia glechomatis,142
Venturia inaequalis,142
Arthrocladiella mougeotii,141
Entoloma sarcitulum,141
Mycena erubescens,141
Mycena mirata,141
Rhizocarpon reductum,141
Spilopodia nervisequa,141
Taphrina sadebeckii,141
Asplenium ruta-muraria,140
Cerrena unicolor,140
Hemimycena delectabilis,140
Hippophae rhamnoides,140
Lachnellula resinaria,140
Sporidesmiella hyalosperma,140
Bispora antennata,139
Calomyxa metallica,139
Cylindrium aeruginosum,139
Lachnum soppittii,139
Peniophora violaceolivida,139
Perichaena depressa,139
Puccinia hordei,139
Rugosomyces ionides,139
Russula romellii,139
Vesiculomyces citrinus,139
Calycellina rubescens,138
Conocybe pilosella,138
Crepidotus autochthonus,138
Entoloma ameides,138
Flavoparmelia caperata,138
Galerina tibiicystis,138
Golovinomyces asperifolii,138
Hohenbuehelia cyphelliformis,138
Ischnoderma resinosum,138
Psathyrella gossypina,138
Ramularia calcea,138
Ramularia pastinacae-sativae,138
Scutellinia cejpii,138
Tetrachaetum elegans,138
Cedrus libani,137
Chrysothrix candelaris,137
Colletotrichum trichellum,137
Diderma effusum,137
Galerina uncialis,137
Geoglossum nigritum,137
Hypospilina pustula,137
Mycena diosma,137
Peziza ampliata,137
Phlyctis argena,137
Schizothecium vesticola,137
Tricholomella constricta,137
Uromyces trifolii,137
Anthracobia maurilabra,136
Coprinopsis urticicola,136
Cyathicula starbaeckii,136
Lepiota subgracilis,136
Pirottaea nigrostriata,136
Prunus cerasifera,136
Pseudotricholoma metapodium,136
Russula praetervisa,136
Sowerbyella radiculata,136
Calycellina alniella,135
Cortinarius brunneus,135
Cupressus macrocarpa x nootkatensis = C. x leylandii,135
Lachnellula willkommii,135
Lophiostoma semiliberum,135
Neonectria ditissima,135
Puccinia striiformis,135
Skeletocutis carneogrisea,135
Thelephora palmata,135
Tomentellopsis echinospora,135
Viola hirta,135
Cistella acuum,134
Coprinellus silvaticus,134
Hypericum calycinum,134
Hypholoma radicosum,134
Lidophia graminis,134
Melanelixia subaurifera,134
Orbilia luteorubella,134
Puccinia urticae-acutiformis,134
Tranzscheliella hypodytes,134
Brassica oleracea,133
Clitocybe diatreta,133
Cortinarius traganus,133
Merismodes fasciculata,133
Peronospora alsinearum,133
Calogaya pusilla,132
Coprinopsis cortinata,132
Echinosphaeria canescens,132
Hohenbuehelia petaloides,132
Lyophyllum fumosum,132
Russula cessans,132
Veronica chamaedrys,132
Agaricus cappellianus,131
Alchemilla,131
Alnus incana,131
Cladonia fimbriata,131
Cortinarius purpureus,131
Festuca rubra,131
Limacella guttata,131
Pholiota scamba,131
Physcia aipolia,131
Sistotrema confluens,131
Trechispora stevensonii,131
Phaeoclavulina flaccida,130
Psilachnum inquilinum,130
Sarea resinae,130
Amanita franchetii,129
Golovinomyces asperifoliorum,129
Inocybe nitidiuscula,129
Juncus inflexus,129
Lactuca sativa,129
Lophiostoma angustilabrum,129
Pleurophragmium parvisporum,129
Psathyrella leucotephra,129
Asterostroma cervicolor,128
Camarographium stephensii,128
Cortinarius callochrous,128
Dendrostilbella prasinula,128
Fuligo candida,128
Hydnellum ferrugineum,128
Hypochnicium geogenium,128
Melanelixia glabratula,128
Phloeospora ulmi,128
Pyrenopeziza lychnidis,128
Baeomyces rufus,127
Campanula rotundifolia,127
Craterellus cinereus,127
Erysiphe ornata,127
Geranium dissectum,127
Hemimycena mairei,127
Hydrocotyle vulgaris,127
Lactarius mammosus,127
Lepraria finkii,127
Marasmius bulliardii,127
Rhizodiscina lignyota,127
Russula recondita,127
Uromyces armeriae,127
Albotricha acutipila,126
Aphis (Aphis) fabae,126
Flagellospora curvula,126
Galerina sphagnorum,126
Gloeoporus taxicola,126
Lecanora sulphurea,126
Pezicula rubi,126
Rumex sanguineus,126
Arachnopeziza aurata,125
Athallia holocarpa,125
Camaropella lutea,125
Chaetomium elatum,125
Fusarium sambucinum,125
Moehringia trinervia,125
Peniophorella pallida,125
Phaeosphaeria eustoma,125
Psathyrella cotonea,125
Puccinia glomerata,125
Pyrus,125
Ramularia valerianae,125
Russula faginea,125
Russula odorata,125
Tyromyces wynneae,125
Agaricus macrocarpus,124
Anguillospora longissima,124
Bonomyces sinopicus,124
Clitopilus scyphoides,124
Dematioscypha delicata,124
Lophodermium seditiosum,124
Psilachnum eburneum,124
Ramaria botrytis,124
Septoria stachydis,124
Trichoderma citrinum,124
Tulosesus pellucidus,124
Verrucaria muralis,124
Brassica,123
Buchwaldoboletus lignicola,123
Cardamine hirsuta,123
Diderma spumarioides,123
Emmia latemarginata,123
Hebeloma album,123
Lentinus tigrinus,123
Protoblastenia rupestris,123
Tomentella crinalis,123
Alnicola salicis,122
Bambuseae,122
Dictyochaeta callimorpha,122
Epilobium ciliatum,122
Luzula multiflora,122
Peronospora lamii,122
Schizopora radula,122
Tanacetum vulgare,122
Tilia platyphyllos,122
Trichothecium roseum,122
Tuberculina sbrozzii,122
Conocybe pulchella,121
Cortinarius subbalaustinus,121
Dissingia leucomelaena,121
Entoloma longistriatum,121
Geastrum pectinatum,121
Hypochaeris radicata,121
Lactarius acris,121
Lichenomphalia alpina,121
Melampsorella caryophyllacearum,121
Peniophora rufomarginata,121
Phellodon confluens,121
Podospora decipiens,121
Puccinia calthae,121
Brunnipila palearum,120
Cortinarius rigens,120
Gyrophanopsis polonensis,120
Malvipezia howsei,120
Milesina murariae,120
Mollisia amenticola,120
Polystichum setiferum,120
Agaricus osecanus,119
Alloexidiopsis calcea,119
Cerastium glomeratum,119
Circinaria calcarea,119
Colletotrichum dematium,119
Erysiphe euonymi,119
Exophiala calicioides,119
Hymenochaete cinnamomea,119
Hymenoscyphus vernus,119
Lonicera,119
Lyophyllum ambustum,119
Mollisia ventosa,119
Paraisaria gracilis,119
Peronospora conglomerata,119
Physarum compressum,119
Puccinia hysterium,119
Tomentella bryophila,119
Ascobolus carbonarius,118
Botryobasidium laeve,118
Conocybe mesospora,118
Coprinopsis tuberosa,118
Diplotomma alboatrum,118
Erysiphe penicillata,118
Hyphoderma roseocremeum,118
Hypogymnia tubulosa,118
Inocybe phaeodisca,118
Lactarius aspideus,118
Menispora glauca,118
Phanerochaete laevis,118
Aleurodiscus wakefieldiae,117
Badhamia foliicola,117
Codinaea fertilis,117
Coprinellus truncorum,117
Erysiphe azaleae,117
Impatiens glandulifera,117
Inocybe haemacta,117
Magnoliidae,117
Peltigera membranacea,117
Stellaria holostea,117
Tetraploa aristata,117
Tuber aestivum,117
Agrostis stolonifera,116
Apiognomonia errabunda,116
Araucaria araucana,116
Botryobasidium danicum,116
Cladonia portentosa,116
Gloeoporus dichrous,116
Mycena smithiana,116
Oryctolagus,116
Podosphaera mors-uvae,116
Xylodon brevisetus,116
Agaricus,115
Cortinarius cinnabarinus,115
Cortinarius cinnamomeoluteus,115
Entoloma ortonii,115
Fibrodontia gossypina,115
Helvella sublicia,115
Hygrophorus chrysodon,115
Inocybe proximella,115
Microthyrium ilicinum,115
Neolentinus lepideus,115
Paragalactinia michelii,115
Stictis radiata,115
Agrocybe vervacti,114
Brachysporium bloxamii,114
Calendula officinalis,114
Coprinopsis semitalis,114
Cortinarius collinitus,114
Hymenoscyphus phyllogenus,114
Lactarius lilacinus,114
Lepiota fuscovinacea,114
Lopadostoma turgidum,114
Lophodermium juniperinum,114
Sclerotinia sclerotiorum,114
Taphrina padi,114
Tricholoma pessundatum,114
Arthonia radiata,113
Arthrinium phaeospermum,113
Brunnipila clandestina,113
Ceriporia excelsa,113
Euonymus japonicus,113
Mallocybe agardhii,113
Narcissea patouillardii,113
Otidea cochleata,113
Perilachnea hemisphaerioides,113
Pyrenopeziza adenostylidis,113
Russula cicatricata,113
Russula illota,113
Tricholoma vaccinum,113
Cortinarius bivelus,112
Dryas octopetala,112
Entoloma vernum,112
Nardus stricta,112
Phyllosticta philoprina,112
Puccinia maculosa,112
Pyrenopeziza digitalina,112
Scytinostroma portentosum,112
Stomiopeltis betulae,112
Suillus collinitus,112
Syringa vulgaris,112
Tricladium fallax,112
Uromyces hyacinthi,112
Volvariella pusilla,112
Xenotypa aterrima,112
Agaricus porphyrocephalus,111
Aquilegia vulgaris,111
Brefeldia maxima,111
Cirsium heterophyllum,111
Coprinopsis jonesii,111
Corynespora smithii,111
Erysiphe capreae,111
Erysiphe euonymicola,111
Lentomitella cirrhosa,111
Lophiotrema vagabundum,111
Narcissea ephemeroides,111
Phoma herbarum,111
Trechispora nivea,111
Tubeufia cerea,111
Carex panicea,110
Clitocella popinalis,110
Comatricha tenerrima,110
Conocybe siennophylla,110
Cortinarius amoenolens,110
Cyathicula amenti,110
Helminthosporium oligosporum,110
Helvella corium,110
Hysterographium fraxini,110
Mollisia caricina,110
Neohygrocybe ingrata,110
Parasola schroeteri,110
Podosphaera senecionis,110
Sphaerulina cornicola,110
Vicia sativa,110
Achillea millefolium,109
Diaporthe strumella,109
Exidia saccharina,109
Lecidella scabra,109
Peronospora sordida,109
Peziza fimeti,109
Ploettnera exigua,109
Podosphaera myrtillina,109
Septoria rumicum,109
Buellia aethalea,108
Faerberia carbonaria,108
Lepiota brunneoincarnata,108
Lepiota grangei,108
Lepiota subalba,108
Marasmius curreyi,108
Pyrenopeziza dilutella,108
Russula persicina,108
Sphaeronaemella fimicola,108
Tubulicrinis glebulosus,108
Carex binervis,107
Clavaria tenuipes,107
Culicidospora aquatica,107
Fomitiporia hippophaicola,107
Geastrum britannicum,107
Lunaria annua,107
Mycocentrospora acerina,107
Onygena equina,107
Oxalis articulata,107
Triticum,107
Tulosesus ephemerus,107
Typhula micans,107
Uromyces acetosae,107
Alternaria alternata,106
Ascotremella faginea,106
Cryptocoryneum condensatum,106
Entoloma anatinum,106
Favolaschia claudopus,106
Fusoidiella depressa,106
Geastrum coronatum,106
Inocybe subcarpta,106
Mollisia filispora,106
Nectriopsis sporangiicola,106
Trechispora confinis,106
Acer palmatum,105
Agaricus bresadolanus,105
Arrhenia gerardiana,105
Carex hirta,105
Cladonia furcata,105
Cladonia pyxidata,105
Conocybe semiglobata,105
Eranthis hyemalis,105
Golovinomyces asterum,105
Lachnum pudibundum,105
Mentha spicata,105
Somion occarium,105
Tricholoma orirubens,105
Bistorta officinalis,104
Claussenomyces atrovirens,104
Clypeosphaeria mamillana,104
Erysiphe prunastri,104
Gnomonia gnomon,104
Hordeum,104
Peronospora arborescens,104
Pseudocercospora depazeoides,104
Ramularia caduca,104
Sydowiella fenestrans,104
Verrucaria hochstetteri,104
Armeria maritima,103
Erysiphe symphoricarpi,103
Hyacinthoides,103
Hypericum perforatum sensu Stace,103
Leucoagaricus serenus,103
Neovaginatispora fuckelii,103
Peltigera hymenina,103
Psathyrella,103
Russula veternosa,103
Salix viminalis,103
Schizophyllum amplum,103
Ciboria conformata,102
Cortinarius talus,102
Cryptomyces maximus,102
Geoscypha violacea,102
Helosciadium nodiflorum,102
Leucocoprinus birnbaumii,102
Rinodina oleae,102
Urocystis eranthidis,102
Agaricus phaeolepidotus,101
Chaetosphaeria innumera,101
Morchella vulgaris,101
Peziza sepiatra,101
Pterula gracilis,101
Ramsbottomia asperior,101
Ramularia sambucina,101
Sclerophomella complanata,101
Synchytrium mercurialis,101
Tripolium pannonicum,101
Agaricus litoralis,100
Algae,100
Alnicola alnetorum,100
Arrhenia griseopallida,100
Canis lupus,100
Craterium aureum,100
Desmazierella acicola,100
Entoloma mougeotii,100
Galerina sideroides,100
Geranium sylvaticum,100
Inocybe,100
Lachnum corticale,100
Metatrichia vesparia,100
Mycena alcalina,100
Periconia hispidula,100
Phaeoclavulina decurrens,100
Phaeosphaeria herpotrichoides,100
Phaeosphaeria nigrans,100
Phaeosphaeriopsis glaucopunctata,100
Porodaedalea pini,100
Porpidia macrocarpa,100
Prunus lusitanica,100
Puccinia holcina,100
Thanatephorus fusisporus,100
Uromyces behenis,100
Agaricus bohusii,99
Brachysporium nigrum,99
Conocybe juniana,99
Galerina praticola,99
Lycoperdon dermoxanthum,99
Mollisia hydrophila,99
Pholiotina brunnea nom. nud.,99
Podosphaera fuliginea,99
Postia wakefieldiae,99
Pulvinula convexella,99
Russula curtipes,99
Tomentella ellisii,99
Volvariella surrecta,99
Aphanobasidium filicinum,98
Conocybe brunneola,98
Hebeloma anthracophilum,98
Hygrophorus lucorum,98
Inocybe grammata,98
Melanophyllum eyrei,98
Phellinopsis conchata,98
Pholiotina teneroides,98
Physarum pusillum,98
Psathyrella bipellis,98
Psilocybe subcoprophila,98
Russula insignis,98
Suillus cavipes,98
Symphytum asperum x officinale = S. x uplandicum,98
Thelebolus nanus,98
Valsa ceratosperma,98
Arrhenia oniscus,97
Aulographum hederae,97
Botryobasidium isabellinum,97
Clonostachys ralfsii,97
Cortinarius helvelloides,97
Cortinarius scaurus,97
Fuscolachnum pteridis,97
Knautia arvensis,97
Menispora caesia,97
Octospora humosa,97
Poa trivialis,97
Resupinatus poriaeformis,97
Tubulicrinis accedens,97
Usnea subfloridana,97
Vararia ochroleuca,97
Verrucaria macrostoma,97
Amanita eliae,96
Entoloma araneosum,96
Frommeella tormentillae,96
Lamiastrum galeobdolon,96
Melastiza scotica,96
Microstroma album,96
Petasites pyrenaicus,96
Phlebiella tulasnelloidea,96
Poa humilis,96
Russula aurea,96
Stemonitis herbatica,96
Typhula uncialis,96
Viburnum tinus,96
Cheilymenia coprinaria,95
Cinereomyces lindbladii,95
Clitocybe agrestis,95
Entoloma lividoalbum,95
Euphrasia,95
Exidia repanda,95
Flavoplaca citrina,95
Hebeloma pumilum,95
Mnium hornum,95
Phallus hadriani,95
Phanerochaete sanguinea,95
Ramaria formosa,95
Russula acetolens,95
Sertulicium niveocremeum,95
Helicogloea lagerheimii,94
Helvella atra,94
Hypomyces lateritius,94
Iris,94
Laccaria purpureobadia,94
Leptosphaeria,94
Lophodermium apiculatum,94
Neonectria punicea,94
Orbilia coccinella,94
Phaeosphaeria microscopica,94
Podosphaera macularis,94
Pyrenopeziza chamaenerionis,94
Rubroboletus legaliae,94
Rubus caesius,94
Sordaria fimicola,94
Sporormiella australis,94
Tapesia rosae,94
Tricladium castaneicola,94
Uromyces fallens,94
Avena sativa,93
Cladosporium cladosporioides,93
Cyathicula subhyalina,93
Erysiphe grossulariae,93
Farysia thuemenii,93
Hygrophorus nemoreus,93
Lecidea fuscoatra,93
Lepra albescens,93
Lophodermium conigenum,93
Perichaena chrysosperma,93
Pseudoperonospora humuli,93
Puccinia pseudosphaeria,93
Ramularia geranii,93
Ramularia vallisumbrosae,93
Rosellinia britannica,93
Tubeufia paludosa,93
Byssonectria fusispora,92
Cortinarius caerulescens,92
Diaporthe pardalota,92
Empetrum nigrum,92
Hymenoscyphus phyllophilus,92
Inosperma cervicolor,92
Myosotis sylvatica,92
Parastagonospora nodorum,92
Peronospora chenopodii,92
Phaeostalagmus cyclosporus,92
Pluteus pellitus,92
Rumex acetosella,92
Russula laccata,92
Sorbus aria,92
Athelopsis lembospora,91
Carex nigra,91
Cladonia macilenta,91
Cortinarius stillatitius,91
Galerina nana,91
Helvella levis,91
Hydnellum aurantiacum,91
Odoria alborubescens,91
Peronospora calotheca,91
Puccinia dioicae,91
Puccinia piloselloidearum,91
Spondylocladiopsis cupulicola,91
Symphoricarpos albus,91
Thyronectria sinopica,91
Volvariella murinella,91
Xylohypha nigrescens,91
Agaricus lanipes,90
Albotricha albotestacea,90
Arctostaphylos uva-ursi,90
Athelia neuhoffii,90
Botryosporium pulchrum,90
Candelariella aurella,90
Clathrus ruber,90
Coniochaeta ligniaria,90
Echinoderma perplexum,90
Entoloma lividocyanulum,90
Entyloma helosciadii,90
Euepixylon udum,90
Geranium pyrenaicum,90
Hebeloma,90
Hypocenomyce scalaris,90
Lepiota ochraceofulva,90
Leucocoprinus cepistipes,90
Nectriopsis rexiana,90
Postia leucomallella,90
Pyrenopeziza pulveracea,90
Trapelia coarctata,90
Xylodon quercinus,90
Zoophthora aphidis,90
Astraeus hygrometricus,89
Corticium roseum,89
Cortinarius bibulus,89
Dialonectria magnusiana,89
Fuligo muscorum,89
Geopora arenosa,89
Hygrocybe spadicea,89
Ligustrum ovalifolium,89
Megalocystidium luridum,89
Muscinupta laevis,89
Mycoacia nothofagi,89
Naematelia aurantia,89
Nigrograna fuscidula,89
Parietaria judaica,89
Pocheina rosea,89
Pseudonectria buxi,89
Russula badia,89
Stegonsporium pyriforme,89
Agaricus subperonatus,88
Armillaria bulbosa,88
Berberis,88
Chamerion,88
Echinula asteriadiformis,88
Galium album,88
Gyroporus cyanescens,88
Hodophilus atropunctus,88
Hydnellum scrobiculatum,88
Juglans regia,88
Lactarius mairei,88
Lepiota tomentella,88
Lichenomphalia velutina,88
Muscari armeniacum,88
Oculimacula yallundae,88
Ophiocordyceps forquignonii,88
Parmotrema perlatum,88
Peniophora nuda,88
Peniophora proxima,88
Petasites,88
Phragmocephala elliptica,88
Ramularia ulmariae,88
Tsuga,88
Verrucaria viridula,88
Alternaria tenuissima,87
Ascobolus brassicae,87
Coleosporium euphrasiae,87
Coprinellus flocculosus,87
Davidiella macrospora,87
Erysiphe lycopsidis,87
Hebeloma sordescens,87
Inocybe calospora,87
Isthmotricladia britannica,87
Licea variabilis,87
Lycium barbarum,87
Malva neglecta,87
Mollisia benesuada,87
Mollisia fallax,87
Mycena mucor,87
Paraconiothyrium fuckelii,87
Pyrenochaeta ilicis,87
Rutstroemia petiolorum,87
Serpula lacrymans,87
Sporormiella minima,87
Terriera cladophila,87
Uromyces junci,87
Vialaea insculpta,87
Aquilegia,86
Calocera furcata,86
Camarophyllopsis schulzeri,86
Conocybe velutipes,86
Entoloma cuneatum,86
Entoloma turci,86
Galeopsis tetrahit,86
Hyacinthoides non-scripta x hispanica = H. x massartiana,86
Macbrideola cornea,86
Nitschkia grevillii,86
Ochropsora ariae,86
Parasola hemerobia,86
Phellinus lundellii,86
Phlebia subochracea,86
Pyronema domesticum,86
Schizopora flavipora,86
Velutarina rufo-olivacea,86
Abrothallus parmeliarum,85
Ajuga reptans,85
Ascobolus crenulatus,85
Boidinia furfuracea,85
Candelabrum spinulosum,85
Deschampsia,85
Gliophorus perplexus,85
Gyrodon lividus,85
Kneiffiella alutacea,85
Lecanora soralifera,85
Legaliana limnaea,85
Mycena meliigena,85
Ophiognomonia alni-viridis,85
Otidea leporina,85
Peronospora agrestis,85
Persicaria maculosa,85
Phlebia lilascens,85
Russula cuprea,85
Schedonorus giganteus,85
Xanthoria calcicola,85
Antherospora hortensis,84
Beauveria bassiana,84
Boeremia exigua,84
Camarops polysperma,84
Cortinarius elegantissimus,84
Crepidotus,84
Diderma floriforme,84
Hordeum vulgare,84
Hydropus subalpinus,84
Hygrophorus persoonii,84
Leptotrochila verrucosa,84
Microbotryum succisae,84
Narcissus,84
Pilosella officinarum,84
Postia balsamea,84
Puccinia hydrocotyles,84
Pyrenopeziza plantaginis,84
Ramularia rufibasis,84
Tetracladium breve,84
Viola canina,84
Arundinaria,83
Calycellina fagina,83
Cliostomum griffithii,83
Diaporthe pulla,83
Gamundia striatula,83
Hebeloma birrus,83
Hygrophorus unicolor,83
Hypoxylon subticinense,83
Licea minima,83
Limacella glioderma,83
Melanconis alni,83
Mentha arvensis,83
Pellidiscus pallidus,83
Punctelia subrudecta,83
Septoria scabiosicola,83
Symphytocarpus flaccidus,83
Taphridium umbelliferarum,83
Taphrina deformans,83
Trichophaea woolhopeia,83
Agaricus fuscofibrillosus,82
Ascozonus woolhopensis,82
Clonostachys rosea,82
Coprinopsis macrocephala,82
Cyathicula culmicola,82
Dermoloma pseudocuneifolium,82
Diaporthopsis urticae,82
Golovinomyces macrocarpus,82
Helicobasidium purpureum,82
Hyaloscypha fuckelii,82
Hymenoscyphus salicellus,82
Melanustilospora ari,82
Pholiotina blattaria,82
Plasmopara angelicae,82
Pluteus atromarginatus,82
Pseudaleuria fibrillosa,82
Pseudovalsa lanciformis,82
Puccinia heraclei,82
Puccinia paludosa,82
Schoenoplectus lacustris,82
Scorzoneroides autumnalis,82
Xeromphalina campanella,82
Ascochyta mercurialis,81
Basidiodendron eyrei,81
Berberis thunbergii,81
Caryophylloseptoria lychnidis,81
Chamaenerion,81
Coleosporium sonchi,81
Cronartium ribicola,81
Lactarius,81
Lactarius citriolens,81
Licea kleistobolus,81
Nitschkia confertula,81
Psathyrella fusca,81
Pseudoperonospora urticae,81
Puccinia urticae-hirtae,81
Russula alnetorum,81
Russula melliolens,81
Scoliciosporum umbrinum,81
Trifolium medium,81
Tripospermum camelopardus,81
Tulosesus callinus,81
Acremonium,80
Daphne laureola,80
Dermoloma atrocinereum,80
Entoloma lucidum,80
Fallopia convolvulus,80
Ganoderma,80
Hamatocanthoscypha laricionis,80
Hebeloma aestivale,80
Hygrophorus agathosmus,80
Hymenoscyphus rokebyensis,80
Hypsizygus ulmarius,80
Karstenia rhopaloides,80
Leptosporomyces galzinii,80
Ligustrum vulgare,80
Marchandiomyces corallinus,80
Mycena alba,80
Myosotis,80
Peniophora,80
Phaeoisaria clavulata,80
Phellinus tremulae,80
Pholiotina mairei nom. nud.,80
Pholiotina vexans,80
Physarum virescens,80
Tetracladium maxilliforme,80
Anthostomella rubicola,79
Calycellina ulmariae,79
Cenangium ferruginosum,79
Centranthus ruber,79
Chaetosphaeria inaequalis,79
Cheilymenia crucipila,79
Clitocybe,79
Conocybe pygmaeoaffinis,79
Coprinopsis laanii,79
Cortinarius malicorius,79
Daedaleopsis tricolor,79
Diaporthe rostellata,79
Erysiphe buhrii,79
Lactuca serriola,79
Leccinum schistophilum,79
Lepra corallina,79
Leymus arenarius,79
Mycena silvae-nigrae,79
Mycosphaerella latebrosa,79
Periconia atra,79
Placynthiella icmalea,79
Polyporus melanopus,79
Pyrenopeziza brassicae,79
Ruscus aculeatus,79
Tremella versicolor,79
Trichoglossum walteri,79
Tuberculina persicina,79
Vuilleminia alni,79
Acrospermum pallidulum,78
Alatospora pulchella,78
Allium schoenoprasum,78
Alopecurus pratensis,78
Amarenomyces ammophilae,78
Apiospora montagnei,78
Cladonia floerkeana,78
Cortinarius livido-ochraceus,78
Drepanopeziza ribis,78
Entoloma elodes,78
Exobasidium myrtilli,78
Galerina,78
Ginkgo biloba,78
Goniopila monticola,78
Leccinum vulpinum,78
Peronospora schachtii,78
Physcia leptalea,78
Plagiostoma inclinatum,78
Plagiostoma salicellum,78
Puccinia calthicola,78
Puccinia nitida,78
Rhytidiadelphus squarrosus,78
Setoseptoria arundinacea,78
Tomentella,78
Tricladium attenuatum,78
Uromyces airae-flexuosae,78
Athelia decipiens,77
Cheirospora botryospora,77
Cryptodiaporthe salicina,77
Dasyscyphella crystallina,77
Epilobium obscurum,77
Erythricium aurantiacum,77
Gloeocystidiellum clavuligerum,77
Hieracium,77
Hypochnicium bombycinum,77
Imperator rhodopurpureus,77
Marasmiellus candidus,77
Myriolecis crenulata,77
Sarcosphaera coronaria,77
Sparassis spathulata,77
Sphaeropsis visci,77
Trapeliopsis flexuosa,77
Aethusa cynapium,76
Brachysporium britannicum,76
Calycellina spiraeae,76
Capitotricha bicolor,76
Cephalotrichum stemonitis,76
Chrysomphalina grossula,76
Chytridium isthmiophilum,76
Coelomycetes,76
Cortinarius croceocoeruleus,76
Cryptostroma corticale,76
Geranium,76
Hodophilus foetens,76
Hortiboletus bubalinus,76
Lachnum pygmaeum,76
Leptosphaeria purpurea,76
Melampsora rostrupii,76
Microthyrium macrosporum,76
Phragmocephala atra,76
Phyllactinia mali,76
Physarum bitectum,76
Puccinia polygoni,76
Ramularia ajugae,76
Ramularia cynarae,76
Ramularia parietariae,76
Ramularia triboutiana,76
Ramularia veronicae,76
Tricholoma arvernense,76
Urtica urens,76
Coleosporium campanulae,75
Cortinarius pratensis,75
Hemimycena hirsuta,75
Hyaloscypha albohyalina,75
Hydnellum glaucopus,75
Hypochnicium erikssonii,75
Inocybe ovatocystis,75
Lecanactis abietina,75
Melanoleuca friesii,75
Peniophora laeta,75
Pezicula cinnamomea,75
Physcia caesia,75
Plenodomus agnitus,75
Rutstroemia vagabunda,75
Spilopodia melanogramma,75
Taphrina caerulescens,75
Trichodelitschia bisporula,75
Tripospermum myrti,75
Uromyces anthyllidis,75
Chaenotheca ferruginea,74
Coprinopsis pseudonivea,74
Dacrymyces minor,74
Dirina massiliensis,74
Endophragmiella boothii,74
Flammulaster ferrugineus,74
Geopora arenicola,74
Hypholoma polytrichi,74
Marasmius limosus,74
Miladina lecithina,74
Peronospora destructor,74
Pholiotina vestita,74
Phyllactinia betulae,74
Polyscytalum fecundissimum,74
Puccinia porri,74
Taphrina potentillae,74
Tricholoma stans,74
Tubaria confragosa,74
Xylaria cinerea,74
Alternaria infectoria,73
Ascocoryne albida,73
Aureoboletus moravicus,73
Clavaria rosea,73
Conocybe dunensis,73
Cortinarius camphoratus,73
Hygrophorus arbustivus,73
Lathyrus oleraceus,73
Lindtneria leucobryophila,73
Lophiostoma caulium,73
Microthyrium versicolor,73
Mollisia coerulans,73
Phaeosphaeria fuckelii,73
Plectania melastoma,73
Polypodium interjectum x vulgare = P. x mantoniae,73
Protomyces pachydermus,73
Psathyrella sphagnicola,73
Robinia pseudoacacia,73
Russula decipiens,73
Russula furcata,73
Sordariomycetes,73
Tainosphaeria simplex,73
Thecaphora seminis-convolvuli,73
Tylospora asterophora,73
Xylodon asper,73
Allophylaria campanuliformis,72
Aphididae,72
Calamagrostis epigejos,72
Calycellina populina,72
Clinopodium vulgare,72
Coprinellus ellisii,72
Coprotus granuliformis,72
Cortinarius azureovelatus,72
Cribraria persoonii,72
Exobasidium japonicum,72
Geastrum schmidelii,72
Hemimycena mauretanica,72
Incrucipulum sulphurellum,72
Lachnum clavigerum,72
Lepiota xanthophylla,72
Lycoperdon mammiforme,72
Melampsora allii-fragilis,72
Melanoleuca strictipes,72
Melanoleuca verrucipes,72
Microbotryum tragopogonis-pratensis,72
Ranunculus bulbosus,72
Stemonitopsis hyperopta,72
Stephanonectria keithii,72
Tephrocybe confusa,72
Thelebolus microsporus,72
Toniniopsis aromatica,72
Alnicola luteolofibrillosa,71
Armillaria borealis,71
Comatricha laxa,71
Coniophora olivacea,71
Coprinus,71
Dendryphion nanum,71
Fusarium,71
Godronia ribis,71
Heliscina campanulata,71
Hydnellum caeruleum,71
Hyphodermella corrugata,71
Laetinaevia carneoflavida,71
Lichen,71
Malva,71
Mollisia juncina,71
Pentaglottis sempervirens,71
Phomatospora berkeleyi,71
Puccinia angelicae,71
Puccinia pimpinellae,71
Saccobolus depauperatus,71
Stropharia cyanea,71
Suillus tridentinus,71
Varicosporium delicatum,71
Venturia ditricha,71
Amaurochaete atra,70
Appendiculella calostroma,70
Aspicilia contorta,70
Betula utilis,70
Borago officinalis,70
Buddleja davidii,70
Ceraceomyces crispatus,70
Cladosporium macrocarpum,70
Cortinarius leucopus,70
Cystolepiota adulterina,70
Geastrum minimum,70
Laetisaria fuciformis,70
Lepus timidus,70
Macrolepiota rhodosperma,70
Mycenella bryophila,70
Neoerysiphe nevoi,70
Nitschkia cupularis,70
Ombrophila pileata,70
Oxyporus obducens,70
Physarum robustum,70
Physconia grisea,70
Podosphaera aucupariae,70
Polystigma rubrum,70
Puccinia crepidicola,70
Puccinia pygmaea,70
Saccobolus glaber,70
Sillia ferruginea,70
Abies grandis,69
Alchemilla alpina,69
Clematis,69
Diderma globosum,69
Diploschistes scruposus,69
Entoloma roseum,69
Fibroporia vaillantii,69
Guignardia aesculi,69
Hyacinthoides hispanica,69
Inocybe auricoma,69
Ionomidotis fulvotingens,69
Lactifluus bertillonii,69
Magnolia,69
Peronospora tomentosa,69
Phaeostalagmus tenuissimus,69
Piptocephalis freseniana,69
Pseudevernia furfuracea,69
Amanita inopinata,68
Ascobolus stictoideus,68
Chalara pteridina,68
Crustomyces subabruptus,68
Dama dama,68
Entoloma nitidum,68
Entoloma rhombisporum,68
Entoloma sordidulum,68
Erysiphe syringae,68
Inocybe posterula,68
Inocybe soluta,68
Limacella vinosorubescens,68
Marssonina betulae,68
Mollisiopsis dennisii,68
Origanum vulgare,68
Pachyella violaceonigra,68
Perofascia lepidii,68
Peronospora affinis,68
Polytrichum commune s.l.,68
Pyrenopeziza pastinacae,68
Russula pelargonia,68
Sydowia polyspora,68
Thelonectria mammoidea,68
Veronica persica,68
Vicia cracca,68
Agaricus cupreobrunneus,67
Anemone coronaria,67
Cellypha goldbachii,67
Cyclaneusma minus,67
Cystolepiota moelleri,67
Flammulaster muricatus,67
Galerina stylifera,67
Golovinomyces monardae,67
Graddonidiscus coruscatus,67
Hieracium vagum,67
Hyaloscypha,67
Inocybe acuta,67
Laccaria fraterna,67
Lactarius glaucescens,67
Lophodermium hedericola,67
Microbotryum silenes-inflatae,67
Omphalina subhepatica,67
Paraleptosphaeria macrospora,67
Physarum psittacinum,67
Quaternaria dissepta,67
Ramularia calthae,67
Reticularia jurana,67
Rhynchosporium agropyri,67
Thalictrum flavum,67
Tubaria romagnesiana,67
Vibrissea truncorum,67
Amanita nivalis,66
Arbutus unedo,66
Arthonia atra,66
Basidiodendron spinosum,66
Brassica napus,66
Buerenia inundata,66
Chalciporus rubinus,66
Ciboria viridifusca,66
Conocybe echinata,66
Conocybe subpubescens,66
Coprinopsis romagnesiana,66
Cortinarius varius,66
Cryptosporella suffusa,66
Diplodia mutila,66
Entoleuca mammata,66
Epichloe baconii,66
Erysiphe betae,66
Hilberina caudata,66
Inocybe obscurobadia,66
Lepiota griseovirens,66
Leptopeltis litigiosa,66
Leptosphaeria maculans,66
Ligustrum,66
Melanogaster ambiguus,66
Mollisia mutabilis,66
Mollisia olivascens,66
Papaver rhoeas,66
Peronospora dipsaci,66
Peronospora oerteliana,66
Psilocybe subviscida,66
Puccinia taraxaci,66
Spongipellis spumea,66
Trapeliopsis granulosa,66
Tulasnella tomaculum,66
Tulosesus congregatus,66
Ustilago tritici,66
Xanthonectria pseudopeziza,66
Agaricus subfloccosus,65
Anthracoidea karii,65
Aureobasidium pullulans,65
Blennothallia crispa,65
Collaria elegans,65
Cortinarius basililaceus,65
Cortinarius epsomiensis,65
Cudonia circinans,65
Entomophthora planchoniana,65
Geopyxis carbonaria,65
Graphis elegans,65
Gymnopilus dilepis,65
Hygrocybe turunda,65
Lagarobasidium detriticum,65
Leucoagaricus nympharum,65
Milesina carpatorum,65
Mycena corticola,65
Placopyrenium fuscellum,65
Quercus petraea x robur = Q. x rosacea,65
Russula maculata,65
Stypella crystallina,65
Urceolella crispula,65
Vibrissea guernisacii,65
Calycellina ochracea,64
Discostroma corticola,64
Enchylium tenax,64
Entoloma xanthochroum,64
Epilobium tetragonum,64
Euphrasia officinalis,64
Hygrocybe coccineocrenata,64
Juncus conglomeratus,64
Licea marginata,64
Licea pusilla,64
Nidularia deformis,64
Pezicula acericola,64
Phoma,64
Phyllactinia orbicularis,64
Puccinia deschampsiae,64
Puccinia urticae-flaccae,64
Russula azurea,64
Sawadaea tulasnei,64
Xanthoparmelia conspersa,64
Xenasma pulverulentum,64
Xylaria filiformis,64
Alchemilla vulgaris,63
Andromeda polifolia,63
Atriplex portulacoides,63
Bilimbia sabuletorum,63
Cladonia chlorophaea,63
Cortinarius balteatocumatilis,63
Daleomyces phillipsii,63
Entyloma eburneum,63
Erysimum cheiri,63
Erysiphe necator,63
Hygrophoropsis macrospora,63
Hypericum,63
Lactarius evosmus,63
Lecanora conferta,63
Lophium mytilinum,63
Paragyromitra infula,63
Paraphaeosphaeria michotii,63
Pertusaria leioplaca,63
Polyscytalum pustulans,63
Psathyrella clivensis,63
Pseudombrophila hepatica,63
Puccinia bromina,63
Acarospora privigna,62
Agrocybe putaminum,62
Anthyllis vulneraria,62
Arcyria oerstedii,62
Berberis vulgaris,62
Chrysomyxa empetri,62
Coniochaeta scatigena,62
Coprinopsis spelaiophila,62
Didymium minus,62
Discosia artocreas,62
Echinosphaeria strigosa,62
Elymus junceiformis,62
Ervilia hirsuta,62
Flammulaster limulatus,62
Lachnum,62
Leucoagaricus sericifer,62
Lophodermium gramineum,62
Lythrum salicaria,62
Parmelia,62
Phacellium carneum,62
Pholiota jahnii,62
Pseudolachnea hispidula,62
Pseudotomentella tristis,62
Ribes,62
Russula robertii,62
Russula violacea,62
Scrophularia auriculata,62
Tomentella radiosa,62
Truncospora atlantica,62
Tulasnella thelephorea,62
Vaccinium oxycoccos,62
Vitis vinifera,62
Chlorencoelia versiformis,61
Conocybe macrocephala,61
Entoloma incarnatofuscescens,61
Fuscidea lightfootii,61
Hydnellum scabrosum,61
Hypotrachyna revoluta,61
Lasiobolus cuniculi,61
Lecanora symmicta,61
Melanogaster broomeanus,61
Mycena epipterygioides,61
Ophiosphaerella herpotricha,61
Parasola galericuliformis,61
Phaeohelotium nobile,61
Porpidia soredizodes,61
Postia fragilis,61
Pseudosperma flavellum,61
Pseudosperma perlatum,61
Psilocybe fimetaria,61
Pyrenopeziza,61
Sclerotinia trifoliorum,61
Scutellinia olivascens,61
Stephanospora caroticolor,61
Tomentella punicea,61
Trametes suaveolens,61
Tulostoma melanocyclum,61
Tylospora fibrillosa,61
Uromyces limonii,61
Amanita battarrae,60
Arachnopeziza eriobasis,60
Bagliettoa parmigera,60
Camarosporium oreades,60
Camposporium pellucidum,60
Cantharellus ferruginascens,60
Cronartium quercuum,60
Durella atrocyanea,60
Erica,60
Exobasidium juelianum,60
Galerina subclavata,60
Geranium pusillum,60
Hyaloscypha herbarum,60
Hymenoscyphus robustior,60
Leucoagaricus georginae,60
Mastigosporium muticum,60
Mazzantia angelicae,60
Papaver somniferum,60
Peronospora myosotidis,60
Peziza,60
Pyrenopeziza millegrana,60
Ramalina fastigiata,60
Russula nana,60
Septoria polygonorum,60
Solidago virgaurea,60
Sordaria humana,60
Trichoderma alutaceum,60
Ustilago hordei,60
Anthracoidea caricis,59
Arachnopeziza aurelia,59
Arrhenia obscurata,59
Ascobolus lignatilis,59
Bolboschoenus maritimus,59
Buellia ocellata,59
Carduus crispus,59
Chlorociboria aeruginosa,59
Coprinus sterquilinus,59
Cucurbita pepo,59
Echinostelium fragile,59
Erysiphe howeana,59
Galium mollugo,59
Hyalopeziza ciliata,59
Hypoxylon,59
Inocybe lanuginosa,59
Inocybe xanthomelas,59
Juncus articulatus,59
Lepus europaeus,59
Melomastia mastoidea,59
Memnoniella dichroa,59
Ochrolechia androgyna,59
Paxillus obscurisporus,59
Pluteus luctuosus,59
Pseudospiropes obclavatus,59
Ramariopsis pulchella,59
Schedonorus arundinaceus,59
Scleromitrula candolleana,59
Sistotrema oblongisporum,59
Tremella exigua,59
Unguiculella hamulata,59
Volvariella caesiotincta,59
Wiesneriomyces laurinus,59
Xeromphalina cauticinalis,59
Acanthophiobolus helicosporus,58
Agaricus devoniensis,58
Armillaria cepistipes,58
Ballota nigra,58
Basidiodendron caesiocinereum,58
Cardamine flexuosa,58
Cheilymenia theleboloides,58
Coprinopsis echinospora,58
Entoloma aprile,58
Entyloma bellidis,58
Inocybe duriuscula,58
Lecania erysibe,58
Lepraria vouauxii,58
Peronospora antirrhini,58
Plantago maritima,58
Podosphaera ferruginea,58
Polyporus umbellatus,58
Pseudopeziza medicaginis,58
Pseudotomentella mucidula,58
Ramularia bistortae,58
Ramularia scolopendrii,58
Tomentellopsis submollis,58
Uromyces poae,58
Vibrissea filisporia,58
Vuilleminia cystidiata,58
Amanita olivaceogrisea,57
Athyrium filix-femina,57
Atriplex prostrata,57
Chromelosporiopsis carnea,57
Clavicorona taxophila,57
Crepidotus carpaticus,57
Diaporthe nobilis,57
Didymium bahiense,57
Hypericum hirsutum,57
Inocybe ochroalba,57
Lamproderma nigrescens,57
Lepidium coronopus,57
Niptera ramincola,57
Nodulisporium cecidiogenes,57
Nothofagus,57
Onygena corvina,57
Ophiognomonia leptostyla,57
Peronospora meconopsidis,57
Phaeosphaeria luctuosa,57
Pseudosperma squamatum,57
Pythium,57
Taphrina betulae,57
Thelephora caryophyllea,57
Tricladiopsis foliosa,57
Tubulicrinis medius,57
Acrogenospora carmichaeliana,56
Arcyria minuta,56
Articulospora antipodes,56
Bovista aestivalis,56
Cortinarius rufo-olivaceus,56
Cortinarius vibratilis,56
Cristinia eichleri,56
Cylindrium elongatum,56
Cylindrotrichum oligospermum,56
Cystolepiota pulverulenta,56
Durella connivens,56
Echinostelium colliculosum,56
Fomitiporella cavicola,56
Gaeumannomyces graminis,56
Galerina pseudomniophila,56
Hymenoscyphus laetus,56
Lactarius repraesentaneus,56
Lactarius rubrocinctus,56
Limonium vulgare,56
Massaria inquinans,56
Melanomma subdispersum,56
Metarhizium marquandii,56
Paracercosporidium microsorum,56
Perichaena vermicularis,56
Pyrenopeziza plicata,56
Pyrrhospora quernea,56
Rimbachia arachnoidea,56
Scirrhia rimosa,56
Sistotrema octosporum,56
Strossmayeria atriseda,56
Stypella legonii,56
Taphrina wiesneri,56
Viscum album,56
Volvariella hypopithys,56
Arcyria stipata,55
Bactrodesmium obovatum,55
Bartheletia paradoxa,55
Chaetomium globosum,55
Colloderma oculatum,55
Dissoderma paradoxum,55
Drepanopeziza salicis,55
Entyloma calendulae,55
Epithele typhae,55
Haplariopsis fagicola,55
Leptotrochila cerastiorum,55
Microthyrium pinophyllum,55
Mollisia pilosa,55
Nitschkia collapsa,55
Nodulosphaeria erythrospora,55
Passalora dubia,55
Peziza domiciliana,55
Pezizella roburnea,55
Platanus,55
Platanus occidentalis x orientalis = P. x hispanica,55
Primula veris,55
Prunella vulgaris,55
Psathyrella senex,55
Resupinatus europaeus,55
Sarcopodium circinatum,55
Septoria convolvuli,55
Sistotrema sernanderi,55
Tamus communis,55
Trechispora fastidiosa,55
Acanthonitschkea tristis,54
Armoracia rusticana,54
Ascocorticium anomalum,54
Asterina veronicae,54
Cejpia hystrix,54
Cladorrhinum coprophilum,54
Colacogloea peniophorae,54
Coprinopsis cothurnata,54
Coprinopsis narcotica,54
Corinectria fuckeliana,54
Cortinarius multiformis,54
Cortinarius olivaceofuscus,54
Dianthus barbatus,54
Diplocarpa bloxamii,54
Eutypella acericola,54
Eutypella stellulata,54
Gloeohypochnicium analogum,54
Hyphomycetes,54
Lactarius cyathuliformis,54
Lamproderma columbinum,54
Leucoscypha leucotricha,54
Loreleia postii,54
Mastigosporium album,54
Medicago sativa,54
Mollisia caespiticia,54
Paraperonospora leptosperma,54
Pastinaca sativa,54
Peronospora debaryi,54
Peronospora violacea,54
Podospora pleiospora,54
Postia rennyi,54
Prototrichia metallica,54
Psathyrella lutensis,54
Ramularia grevilleana,54
Russula barlae,54
Russula langei,54
Sclerencoelia fascicularis,54
Scutellinia setosa,54
Actinocladium rhodosporum,53
Albugo hohenheimia,53
Anungitea fragilis,53
Arthrinium puccinioides,53
Ascobolus denudatus,53
Brassica rapa,53
Calycellina,53
Calycina chionea,53
Calycina discreta,53
Calystegia,53
Centaurea scabiosa,53
Ciliolarina laricina,53
Cladosporium,53
Clavaria,53
Coenogonium pineti,53
Cystolepiota sistrata,53
Ditopella ditopa,53
Galerina embolus,53
Hemimycena candida,53
Hydropisphaera arenula,53
Inocybe splendens,53
Lactarius flavidus,53
Lentinellus ursinus,53
Leptosphaeria macrocapsa,53
Lophiostoma origani,53
Papaver cambricum,53
Populus nigra 'Italica',53
Porpidia cinereoatra,53
Puccinia convolvuli,53
Tricholoma populinum,53
Trifolium,53
Typha,53
Typhula spathulata,53
Xylodon rimosissimus,53
Acrogenospora sphaerocephala,52
Agaricus altipes,52
Agaricus lutosus,52
Allium porrum,52
Asterosporium asterospermum,52
Basidiomycetes,52
Bromus hordeaceus,52
Calicium viride,52
Catillaria chalybeia,52
Cercospora beticola,52
Coprinus stellatus,52
Cortinarius helvolus,52
Endophyllum euphorbiae-sylvaticae,52
Equisetum,52
Fragaria vesca,52
Frangula alnus,52
Gymnopus impudicus,52
Hebeloma helodes,52
Hebeloma theobrominum,52
Hyalopsora polypodii,52
Incrucipulum capitatum,52
Jacobaea aquatica,52
Lachnum rhytismatis,52
Lamprospora miniata,52
Macroconia leptosphaeriae,52
Mycena aurantiomarginata,52
Ophiognomonia intermedia,52
Pandora dipterigena,52
Penicillium vulpinum,52
Postia guttulata,52
Pyrenopeziza aquosa,52
Rosa sherardii,52
Rugosomyces obscurissimus,52
Russula fuscorubroides,52
Stellaria alsine,52
Stropharia albonitens,52
Tomentella italica,52
Achillea ptarmica,51
Aleurobotrys botryosus,51
Allium cepa,51
Allium vineale,51
Anthostomella phaeosticta,51
Anthostomella tomicoides,51
Arrhenia rustica,51
Caloplaca crenularia,51
Calystegia silvatica,51
Chloridium virescens,51
Diatrype,51
Epichloe clarkii,51
Fagus sylvatica group 'Atropurpurea',51
Filobasidiella lutea,51
Hyphoderma,51
Hyphoderma cryptocallimon,51
Hyponectria buxi,51
Juncus bufonius,51
Lentomitella vestita,51
Lewia scrophulariae,51
Megalocystidium leucoxanthum,51
Parmelia omphalodes,51
Peronospora digitalis,51
Phlebiella fibrillosa,51
Phycomyces nitens,51
Plagiosphaera immersa,51
Puccinia bistortae,51
Russula acrifolia,51
Russula pectinata,51
Russula viscida,51
Septoria hydrocotyles,51
Sphaerulina azaleae,51
Stachys palustris,51
Steccherinum bourdotii,51
Stereum ochraceoflavum,51
Trapelia placodioides,51
Trechispora microspora,51
Trechispora praefocata,51
Trechispora silvae-ryae,51
Trichoderma citrinoviride,51
Trimmatostroma salicis,51
Uromyces chenopodii,51
Veronica,51
Xanthoparmelia mougeotii,51
Arrhenia lobata,50
Arrhenia velutipes,50
Ascocoryne lilacina,50
Aurinia saxatilis,50
Calluna,50
Calycina vulgaris,50
Carex rostrata,50
Carlina vulgaris,50
Ceratobasidium cornigerum,50
Cerinomyces tortus,50
Clitocybe americana,50
Clitocybe truncicola,50
Clitopilus pinsitus,50
Coleosporium petasitis,50
Conocybe,50
Coprotus ochraceus,50
"Cortinarius cagei non Cortinarius bicolor Gray, 1821",50
Cryptomeria japonica,50
Episphaeria fraxinicola,50
Erynia rhizospora,50
Fayodia bisphaerigera,50
Funaria hygrometrica,50
Galerina ampullaceocystis,50
Ganoderma carnosum,50
Glyceria fluitans,50
Gymnopus inodorus,50
Hypoderma commune,50
Leproplaca chrysodeta,50
Leptostroma spiraeae,50
Malva moschata,50
Margaritispora aquatica,50
Melanoleuca humilis,50
Monoblepharis macrandra,50
Mus,50
Mycena aciculata,50
Opegrapha vulgata,50
Penicillium,50
Physcia,50
Physconia distorta,50
Plicaria endocarpoides,50
Puccinia difformis,50
Solanum dulcamara,50
Stachybotrys chartarum,50
Stemonitis splendens,50
Trechispora dimitica,50
Tricholoma batschii,50
Trichophaea abundans,50
Tympanis conspersa,50
Uromyces minor,50
Uromyces scillarum,50
Variocladium giganteum,50
Alisma plantago-aquatica,49
Calycina affinis,49
Camposporium cambrense,49
Cornus,49
Cortinarius callisteus,49
Cribraria violacea,49
Dendryphiella vinosa,49
Diaporthe crustosa,49
Glyceria,49
Hodophilus micaceus,49
Impatiens capensis,49
Juncorrhiza aschersoniana,49
Laccaria pumila,49
Lathyrus odoratus,49
Licea operculata,49
Melampyrum pratense,49
Ombrophila violacea,49
Pholiota mixta,49
Placynthium nigrum,49
Pleospora rubelloides,49
Pseudohelotium alaunae,49
Pseudombrophila theioleuca,49
Pseudopeziza calthae,49
Ramaria gracilis,49
Russula melzeri,49
Russula raoultii,49
Spongospora subterranea,49
Tomentella fuscocinerea,49
Viola arvensis,49
Asterostroma laxum,48
Capronia pilosella,48
Clitocybe barbularum,48
Crepis capillaris,48
Cyclothyriella rubronotata,48
Dryopteris affinis,48
Ellisembia leptospora,48
Entoloma byssisedum,48
Erysiphe alliariicola,48
Erysiphe platani,48
Euphorbia lathyris,48
Hydnotrya tulasnei,48
Hyphodontia sambuci,48
Hypochnella violacea,48
Hypoxylon cercidicola,48
Lactarius sphagneti,48
Leccinum pulchrum,48
Lophomerum ponticum,48
Microthyrium lauri,48
Mycena coccinea non (Murrill) Singer,48
Myochromella boudieri,48
Neottiella vivida,48
Pholiota spumosa,48
Phylloporus pelletieri,48
Physcia dubia,48
Pterula multifida,48
Puccinia cladii,48
Ramularia chamaedryos,48
Rhizopogon roseolus,48
Russula intermedia,48
Sesquicillium buxi,48
Sherardia arvensis,48
Sphaerosporella brunnea,48
Sphaerostilbella penicillioides,48
Stomiopeltis pinastri,48
Thelotrema lepadinum,48
Triangularia setosa,48
Trichia favoginea,48
Tricholoma sulphurescens,48
Trichophorum cespitosum,48
Uromyces appendiculatus,48
Viola palustris,48
Wilsonomyces carpophilus,48
Xerocomellus ripariellus,48
Anguillospora furtiva,47
Antrodia sinuosa,47
Badhamia macrocarpa,47
Brachysporium obovatum,47
Calycellina phalaridis,47
Calyptella campanula,47
Cortinarius malachius,47
Cribraria vulgaris,47
Diaporthe pustulata,47
Entoloma fernandae,47
Eutypella leprosa,47
Fuligo rufa,47
Fusarium lateritium,47
Hygrocybe phaeococcinea,47
Hygrophoropsis fuscosquamula,47
Hygrophorus lindtneri,47
Hyphoderma transiens,47
Hypomyces ochraceus,47
Hypomyces papulasporae,47
Lactarius romagnesii,47
Lecanora orosthea,47
Lecanora varia,47
Lepiota cortinarius,47
Leucoagaricus roseilividus,47
Mollisia chionea,47
Mollisia evilescens,47
Mycosphaerella recutita,47
Poa nemoralis,47
Postia,47
Protocrea farinosa,47
Ramularia alborosella,47
Ramularia kriegeriana,47
Rhizocarpon richardii,47
Tomentella stuposa,47
Trechispora minima,47
Variospora aurantia,47
Veronica officinalis,47
Alnicola amarescens,46
Aphanomyces cochlioides,46
Athelia bombacina,46
Catillaria lenticularis,46
Coprinopsis ammophilae,46
Coprinopsis erythrocephala,46
Cortinarius pilatii,46
Entoloma allospermum,46
Entoloma nigroviolaceum,46
Erysiphe arcuata,46
Fomitiporia punctata,46
Fomitiporia robusta,46
Geniculospora inflata,46
Gyoerffyella rotula,46
Hemitrichia leiotricha,46
Herpotrichia macrotricha,46
Lactarius omphaliiformis,46
Leontodon hispidus,46
Leucoagaricus sublittoralis,46
Lophodermium piceae,46
Lunulospora curvula,46
Luzula pilosa,46
Microbotryum cordae,46
Microbotryum kuehneanum,46
Mollisia obscura,46
Mucor hiemalis,46
Mycena rhenana,46
Nigroporus durus,46
Nodulosphaeria dolioloides,46
Peronospora obovata,46
Pertusaria hymenea,46
Phytophthora fragariae,46
Ramularia filaris,46
Ranunculus flammula,46
Sarcogyne regularis,46
Sclerococcum sphaerale,46
Stereum,46
Stilbella byssiseda,46
Sympodiella goidanichii,46
Tomentella coerulea,46
Tuber puberulum,46
Tubulicium vermiferum,46
Typhula crassipes,46
Ulex gallii,46
Uromyces scrophulariae,46
Vaccinium,46
Arachnida,45
Ascobolus foliicola,45
Atopospora betulina,45
Badhamia lilacina,45
Basidiodendron cinereum,45
Beltrania querna,45
Cephalotrichum microsporum,45
Cercosporella lindaviana,45
Ceriophora palustris,45
Ciboria americana,45
Cortinarius sodagnitus,45
Cynoglossum officinale,45
Echinostelium brooksii,45
Fusarium graminearum,45
Genea hispidula,45
Geopora tenuis,45
Hebeloma nauseosum,45
Hygrophorus mesotephrus,45
Inocybe oblectabilis,45
"Lactarius salmonicolor non Lactarius salmoneus Peck, 1898",45
Lentinellus herbarum,45
Lycopus europaeus,45
Microsphaeropsis hellebori,45
Monilinia laxa,45
Mycena seynii,45
Panaeolus subfirmus,45
Phanerochaete tuberculata,45
Physarum leucopus,45
Puccinia scirpi,45
Puccinia striiformoides,45
Pyrenopeziza arctii,45
Sarcoleotia turficola,45
Sistotrema diademiferum,45
Trichoderma hamatum,45
Tricholoma hemisulphureum nom. inval.,45
Uromyces ambiguus,45
Artemisia absinthium,44
Arthrinium sporophleum,44
Basidiodendron radians,44
Butyriboletus fuscoroseus,44
Cercospora armoraciae,44
Coccomyces coronatus,44
Comoclathris typhicola,44
Coprotus sexdecimsporus,44
Cortinarius balaustinus,44
Crepidotus subverrucisporus,44
Cribraria piriformis,44
Cucurbitaria berberidis,44
Dendryphiella infuscans,44
Entoloma sodale,44
Euphrasia nemorosa,44
Geoglossum glabrum,44
Hysterium pulicare,44
Licaethalium olivaceum,44
Lichenopeltella nigroannulata,44
Lobaria pulmonaria,44
Lysimachia maritima,44
Mollisia elegantior,44
Oidium,44
Peronospora lotorum,44
Plantago media,44
Plenodomus libanotidis,44
Pluteus,44
Pyrenopeziza atrata,44
Reseda luteola,44
Ripartites metrodii,44
Rosaceae,44
Russula torulosa,44
Stagonospora subseriata,44
Taphrina carpini,44
Thelebolus stercoreus,44
Tremella steidleri,44
Tulasnella albida,44
Tulasnella allantospora,44
Uromyces salicorniae,44
Agaricus depauperatus,43
Agropyron,43
Arcyria affinis,43
Armillaria lutea,43
Bispora pallescens,43
Botryobasidium pruinatum,43
Bourdotigloea vestita,43
Bromopsis ramosa,43
Cladonia rangiformis,43
Collybiopsis quercophila,43
Conocybe siliginea,43
Cortinarius laniger,43
Crataegus laevigata,43
Diderma deplanatum,43
Entomosporium mespili,43
Entyloma fergussonii,43
Equisetum arvense,43
Erysiphe hedwigii,43
Galerina cinctula,43
Hydropisphaera erubescens,43
Hygrophorus penarius,43
Inocybe dunensis,43
Lachnum impudicum,43
Lemonniera cornuta,43
Lophiostoma arundinis,43
Microbotryum scabiosae,43
Parmeliopsis ambigua,43
Peronospora cristata,43
Peronospora symphyti,43
Poa annua,43
Poa pratensis,43
Porpidia crustulata,43
Prosthecium platanoidis,43
Pseudomicrostroma juglandis,43
Puccinia,43
Puccinia commutata,43
Pulicaria dysenterica,43
Pyrenopeziza arenivaga,43
Rosa rugosa,43
Rumex conglomeratus,43
Russula sanguinea,43
Symphoricarpos,43
Trichoderma,43
Tricholoma inocybeoides,43
Alnus viridis,42
Anthracoidea paniceae,42
Arachnoscypha aranea,42
Asteroma coryli,42
Athelopsis glaucina,42
Bremia stellata,42
Campanula persicifolia,42
Cephalotrichum nanum,42
Cercospora scandens,42
Cetraria aculeata,42
Claviceps spartinae,42
Coprinopsis canoceps,42
Coprinopsis cinereofloccosa,42
Cortinarius parvannulatus,42
Cortinarius splendens,42
Cortinarius subtortus,42
Cupressus macrocarpa,42
Diaporthe incarcerata,42
Diderma umbilicatum,42
Doassansia sagittariae,42
Doassansiopsis hydrophila,42
Entoloma atromadidum,42
Erynia conica,42
Fumaria officinalis,42
Hymenoscyphus albopunctus,42
Infundibulicybe squamulosa,42
Inocybe salicis,42
Inocybe sambucina,42
Laburnum,42
Licea microscopica,42
Melampsora allii-populina,42
Microthyrium cytisi,42
Omphalina,42
Ononis repens,42
Phaeohelotium geogenum,42
Phellinus,42
Pholiota limonella,42
Pilaira moreaui,42
Postia sericeomollis,42
Potentilla anserina,42
Prunus cerasus,42
Puccinia liliacearum,42
Pyrenopeziza fuckelii,42
Pyrenophora tritici-repentis,42
Radulomyces rickii,42
Ramaria aurea,42
Ramularia adoxae,42
Rhizocarpon petraeum,42
Rhizochaete radicata,42
Russula lilacea,42
Sarcodontia crocea,42
Sporoschisma mirabile,42
Thesium humifusum,42
Aegopodium,41
Albugo lepigoni,41
Amanita argentea,41
Ascobolus viridis,41
Ascocoryne,41
Chromelosporium ochraceum,41
Collybia ocellata,41
Cortinarius porphyropus,41
Cudoniella tenuispora,41
Cymbalaria muralis,41
Diaporthe,41
Diatrype decorticata,41
Entoloma excentricum,41
Entoloma fuscomarginatum,41
Entoloma scabiosum,41
Geastrum floriforme,41
Gyoerffyella biappendiculata,41
Hyaloscypha quercicola,41
Hymenoscyphus lutescens,41
Hypericum pulchrum,41
Hypoderma ilicinum,41
Hypomyces cervinus,41
Kalmusia clivensis,41
Lactarius ruginosus,41
Lathagrium auriforme,41
Leucoscypha erminea,41
Mercurialis annua,41
Microbotryum reticulatum,41
Ornithogalum umbellatum,41
Paxillus,41
Peronospora minor,41
Peziza badiofusca,41
Peziza praetervisa,41
Phacidium lacerum,41
Phaeangellina empetri,41
Phaeohelotium umbilicatum,41
Phomopsis stictica,41
Pilidium acerinum,41
Pimpinella major,41
Pinus strobus,41
Plantago,41
Podosphaera ampla,41
Podospora appendiculata,41
Polypodium interjectum,41
Pseudomerulius aureus,41
Puccinia urticae-ripariae,41
Ramularia alpina,41
Russula carminipes,41
Sagittaria sagittifolia,41
Salix triandra,41
Sinapis arvensis,41
Tulosesus marculentus,41
Unguiculella foliicola,41
Xerocomus chrysonemus,41
Antherospora vaillantii,40
Butyriboletus fechtneri,40
Camarosporidiella laburni,40
Centaurea,40
Chaetocladium brefeldii,40
Chelidonium majus,40
Chrysanthemum,40
Ciborinia hirtella,40
Collybia,40
Cortinarius acetosus,40
Cotoneaster,40
Cyphella ferruginea,40
Cystodermella cinnabarina,40
Daldinia loculata,40
Diplosporonema delastrei,40
Dothiora ribesia,40
Entoloma majaloides,40
Erysiphe macleayae,40
Golovinomyces valerianae,40
Helleborus foetidus,40
Inocybe langei,40
Laburnum anagyroides,40
Lemonniera centrosphaera,40
Lepiota,40
Leucoagaricus carneifolius,40
Lyophyllum ellisii,40
Melanoleuca,40
Mycosphaerella rhododendri,40
Neoerysiphe geranii,40
Penicillium glaucoalbidum,40
Phaeohelotium flexuosum,40
Phylloscypha phyllogena,40
Ramularia aplospora,40
Ramularia chaerophylli,40
Rosellinia thelena,40
Rumex hydrolapathum,40
Rutstroemia calopus,40
Septocyta ruborum,40
Solicorynespora foveolata,40
Sporidesmium altum,40
Trichophaea gregaria,40
Typhicola typharum,40
Ulmus minor,40
Valsa cypri,40
Veronica arvensis,40
Allophylaria macrospora,39
Amanita,39
Apiospora arundinis,39
Botryolepraria lesdainii,39
Candelariella reflexa,39
Ceraceomyces sublaevis,39
Comatricha alta,39
Conocybe ambigua,39
Cortinarius orellanus,39
Cotylidia pannosa,39
Craterellus melanoxeros,39
Crepidotus cinnabarinus,39
Dendrothele citrisporella,39
Echinoderma hystrix,39
Enterographa crassa,39
Erythricium laetum,39
Eutypella sorbi,39
Hygrocybe substrangulata,39
Licea clarkii,39
Lophiostoma compressum,39
Micropeziza karstenii,39
Mniaecia jungermanniae,39
Mollisina acerina,39
Mycenella lasiosperma,39
Myriosclerotinia sulcatula,39
Neoboletus xanthopus,39
Niesslia ilicifolia,39
Nodulosphaeria derasa,39
Orbilia comma,39
Paurocotylis pila,39
Pholiotina coprophila,39
Pimpinella saxifraga,39
Pleurophragmium acutum,39
Polygonum arenastrum sensu Stace,39
Psathyrella noli-tangere,39
Rigidoporus undatus,39
Rutstroemia hercynica,39
Sarcoscypha,39
Scilla verna,39
Scoliciosporum chlorococcum,39
Stemonitis ferruginea,39
Thyronectria aquifolii,39
Tomentella cinerascens,39
Tomentella lapida,39
Tripleurospermum inodorum,39
Tubaria pallidispora,39
Vibrissea flavovirens,39
Agaricus semotus,38
Alchemilla glabra,38
Alchemilla mollis,38
Amyloxenasma allantosporum,38
Apioporthella vepris,38
Arcyodes incarnata,38
Arthopyrenia analepta,38
Byssocorticium atrovirens,38
Candelabrochaete septocystidia,38
Carduus nutans,38
Caudospora taleola,38
Cenococcum geophilum,38
Centaurea montana,38
Ceratiomyxa porioides,38
Dendrographa decolorans,38
Dianema depressum,38
Euphorbia cyparissias,38
Fomitopsis ramentacea,38
Fuscidea cyathoides,38
Galega officinalis,38
Geoglossum starbaeckii,38
Gibellula albolanata,38
Gymnopilus fulgens,38
Hydnomerulius pinastri,38
Hydrocharis morsus-ranae,38
Inocybe leptophylla,38
Inocybe muricellata,38
Lasiosphaeria phyllophila,38
Lecanora hybocarpa auct. brit. non (Tuck.) Brodo (1984),38
Lindbladia tubulina,38
Luellia recondita,38
Lylea tetracoila,38
Lyophyllum semitale,38
Microdochium nivale,38
Mycocalia denudata,38
Niesslia exosporioides,38
Nodulosphaeria cirsii,38
Peltigera praetextata,38
Petasites fragrans,38
Phaeosphaeria graminis,38
Phanerochaete leprosa,38
Pisolithus arhizus,38
Pluteus inquilinus,38
Populus alba x tremula = P. x canescens,38
Porina aenea,38
Psathyrella cernua,38
Puccinia saxifragae,38
Puccinia thesii,38
Russula mustelina,38
Scirrhia aspidiorum,38
Solidago canadensis,38
Sporormiella lageniformis,38
Stromatoseptoria castaneicola,38
Tarzetta scotica,38
Tracya hydrocharidis,38
Tricharina gilva,38
Trichia meylanii,38
Trichoconis echinophila,38
Tricholoma argyraceum,38
Tricholoma viridilutescens,38
Verpa digitaliformis,38
Viburnum lantana,38
Zea mays,38
Aleurodiscus amorphus,37
Apiognomonia hystrix,37
Biscogniauxia anceps,37
Buddleja,37
Bulgariella pulla,37
Campanella caesia,37
Cerastium,37
Ceriporia metamorphosa,37
Convolvulus arvensis,37
Coprinopsis martinii,37
Cortinarius alnetorum,37
Crustomyces expallens,37
Diaporthe circumscripta,37
Echinoderma jacobi,37
Echinoderma pseudoasperulum,37
Entoloma neglectum,37
Entoloma tenellum,37
Fusarium culmorum,37
Galerina cephalotricha,37
Glebionis segetum,37
Gliophorus reginae,37
Golovinomyces magnicellulatus,37
Hyaloscypha daedaleae,37
Leptosporomyces mutabilis,37
Lichenopeltella alpestris,37
Linnaea borealis,37
Marasmius anomalus,37
Marssonina daphnes,37
Melampsora,37
Melampsora amygdalinae,37
Melanamphora spinifera,37
Melanospora lagenaria,37
Mensularia nodulosa,37
Microbotryum anomalum,37
Mycena zephirus,37
Mycogone rosea,37
Nectriopsis violacea,37
Neottiospora caricina,37
Neozygites fresenii,37
Omphalina galericolor,37
Orbilia vinosa,37
Paxillus ammoniavirescens,37
Phaeohelotium subcarneum,37
Polyscytalum gracilisporum,37
Pseudoclitocybe expallens,37
Punctelia borreri,37
Ramularia hellebori,37
Russula subrubens,37
Scabiosa columbaria,37
Sistotrema hispanicum,37
Spergula arvensis,37
Stellaria aquatica,37
Tiarospora perforans,37
Tulasnella saveloides,37
Tulostoma niveum,37
Urocystis agropyri,37
Agaricus benesii,36
Atractosporocybe inornata,36
Brachysporium masonii,36
Cacumisporium capitulatum,36
Calycina marina,36
Ceraceomyces tessulatus,36
Chrysomyxa rhododendri,36
Cladonia polydactyla,36
Cladonia squamosa,36
Clitocybe obsoleta,36
Cortinarius cyanites,36
Crepis paludosa,36
Cytisus,36
Empetrum,36
Entoloma sepium,36
Euonymus,36
Eupezizella britannica,36
Fuchsia,36
Galerina allospora,36
Geastrum lageniforme,36
Geastrum quadrifidum,36
Hainesia rubi,36
Hebeloma vaccinum,36
Hyphoderma litschaueri,36
Hypholoma epixanthum,36
Inocybe tenebrosa,36
Juncorrhiza casparyana,36
Junghuhnia lacera,36
Lepraria membranacea,36
Lichenoconium erodens,36
Luzula,36
Lycogala,36
Mastigosporium rubricosum,36
Mollisia nervicola,36
Naetrocymbe punctiformis,36
Orbilia,36
Osmunda regalis,36
Paradiacheopsis cribrata,36
Peltigera canina,36
Peronospora,36
Peziza granulosa,36
Piloderma bicolor,36
Polyscytalum berkeleyi,36
Puccinia major,36
Pyrenopeziza ampelina,36
Ramariopsis biformis,36
Ramariopsis tenuiramosa,36
Ranunculus auricomus,36
Schizothyrioma ptarmicae,36
Scutellinia barlae,36
Sirococcus conigenus,36
Tephrocybe impexa,36
Tetracladium palmatum,36
Thelebolus polysporus,36
Torrendiella ciliata,36
Tricladium gracile,36
Tuckermannopsis chlorophylla,36
Tulosesus bisporus,36
Vouauxiella lichenicola,36
Amanita lividopallescens,35
Apium graveolens,35
Asteraceae,35
Aucuba japonica,35
Bactrodesmium abruptum,35
Boeremia foveata,35
Byssocorticium efibulatum,35
Calycellina chlorinella,35
Calycellina leucella,35
Carex demissa,35
Catenularia cupulifera,35
Cedrus deodara,35
Conocybe plicatella,35
Coprinopsis trispora,35
Cortinarius glaucopus,35
Cronartium pini,35
Diaporthe hederae,35
Didymium serpula,35
Erysiphe russellii,35
Exobasidium camelliae,35
Exobasidium karstenii,35
Filipendula vulgaris,35
Fusarium avenaceum,35
Fuscoporia contigua,35
Gymnopus alpinus,35
Hapalosphaeria deformans,35
Helicogloea,35
Helvella solitaria,35
Hohenbuehelia auriscalpium,35
Hymenogaster griseus,35
Hypoxylon macrocarpum,35
Hysterangium nephriticum,35
Leptodontidium trabinellum,35
Lonicera japonica,35
Lulworthia purpurea,35
Microscypha muelleri,35
Microsphaeropsis olivacea,35
Mycosphaerella pteridis,35
Naevala perexigua,35
Octospora leucoloma,35
Olla costata,35
Omphalina mutila,35
Oxalis,35
Phalaris,35
Phellinus laevigatus,35
Phragmoporthe conformis,35
Pinus mugo,35
Plantago coronopus,35
Plicaria carbonaria,35
Podosphaera amelanchieris,35
Postia ceriflua,35
Puccinia fergussonii,35
Puccinia ribis-nigri-paniculatae,35
Pyrenopeziza inornata,35
Ramularia agrestis,35
Ramularia tricherae,35
Reticularia lobata,35
Rhizocarpon lavatum,35
Rhizopus stolonifer,35
Rodwayella citrinula,35
Scotomyces subviolaceus,35
Scutellinia kerguelensis,35
Sonchus palustris,35
Sparganium erectum,35
Stemonitis lignicola,35
Tremella translucens,35
Tulosesus heterosetulosus,35
Urocystis fischeri,35
Venturia macularis,35
Venturia pyrina,35
Xylaria oxyacanthae,35
Acrocordia conoidea,34
Alyxoria varia,34
Antherospora tractemae,34
Anthostomella punctulata,34
Apiognomonia veneta,34
Asteroma impressum,34
Botryosphaeria quercuum,34
Capitotricha rubi,34
Catalpa bignonioides,34
Cladonia arbuscula,34
Clitocybe amarescens,34
Collaria arcyrionema,34
Comarum palustre,34
Cortinarius galeobdolon,34
Crepis vesicaria,34
Cystopteris fragilis,34
Dermea ariae,34
Didymium iridis,34
Diplocarpon saponariae,34
Discina ancilis,34
Ectostroma iridis,34
Entoloma dysthales,34
Entoloma incognitum,34
Entoloma kervernii,34
Entoloma rhodocylix,34
Entoloma saundersii,34
Entyloma linariae,34
Equisetum palustre,34
Eriophorum vaginatum,34
Graddonia coracina,34
Hebeloma hiemale,34
Hemipholiota populnea,34
Hygrophorus hedrychii,34
Hymenogaster tener,34
Inocybe incarnata,34
Isaria friesii,34
Lachnum brevipilum,34
Linaria vulgaris,34
Lolium,34
Lophodermium caricinum,34
Mariannaea elegans,34
Monodictys putredinis,34
Morenoina rhododendri,34
Mycosphaerella fagi,34
Narcissus pseudonarcissus,34
Oxalis debilis,34
Panaeolus,34
Penicillium aurantiogriseum,34
Peniophora boidinii,34
Peronospora valerianellae,34
Peronospora violae,34
Pezizella albosanguinea,34
Pezizella punctoidea,34
Phleum pratense,34
Physarum contextum,34
Pluteus diettrichii,34
Podosphaera erodii,34
Postia floriformis,34
Praetumpfia obducens,34
Puccinia artemisiella,34
Puccinia millefolii,34
Puccinia pelargonii-zonalis,34
Puccinia prunellarum-moliniae,34
Puccinia virgae-aureae,34
Ramularia abscondita,34
Rheubarbariboletus armeniacus,34
Roseodiscus rhodoleucus,34
Russula melitodes,34
Sabuloglossum arenarium,34
Saccobolus citrinus,34
Sequoia sempervirens,34
Taeniolella stilbospora,34
Taeniolina scripta,34
Tapesia cinerella,34
Telogalla olivieri,34
Tilletia holci,34
Trechispora invisitata,34
Tremella indecorata,34
Tricladium patulum,34
Trifolium hybridum,34
Triphragmium filipendulae,34
Triscelophorus,34
Tulasnella calospora,34
Tulasnella pinicola,34
Uromyces trifolii-repentis,34
Vibrissea leptospora,34
Viburnum,34
Acanthus mollis,33
Acer negundo,33
Anthracoidea subinclusa,33
Cantharellus friesii,33
Carex pseudocyperus,33
Choiromyces meandriformis,33
Chuppomyces handelii,33
Cirsium acaule,33
Cortinarius scandens,33
Dacrymyces variisporus,33
Diaporthopsis pantherina,33
Endophragmiella pinicola,33
Escallonia,33
Exidiopsis grisea,33
Exobasidium rostrupii,33
Filicupula suboperculata,33
Hemimycena cephalotricha,33
Hendersonia culmiseda,33
Hohenbuehelia fluxilis,33
Hypericum maculatum,33
Hypholoma laeticolor,33
Hypochniciellum molle,33
Lamium amplexicaule,33
Lepiota lilacea,33
Lepista ovispora,33
Leptosphaeria ogilviensis,33
Lophodermium petiolicola,33
Milesina vogesiaca,33
Oxalis acetosella,33
Patellariopsis clavispora,33
Peronospora radii,33
Pezizella nigrocorticata,33
Phaeogalera stagnina,33
Podosphaera balsaminae,33
Psilachnum acutum,33
Ramariopsis crocea,33
Ribes sanguineum,33
Russulaceae,33
Sorbus intermedia,33
Tomentella umbrinospora,33
Tomentellopsis zygodesmoides,33
Trichia verrucosa,33
Tussilago,33
Viola reichenbachiana,33
Virgaria nigra,33
Badhamia affinis,32
Badhamia capsulifera,32
Ceraceomyces borealis,32
Cercospora resedae,32
Ceriosporopsis halima,32
Chaetomella oblonga,32
Clathroporinopsis nidarosiensis,32
Collariella bostrychodes,32
Coprinopsis gonophylla,32
Coprinopsis pseudoradiata,32
Coremiella cubispora,32
Cortinarius collocandoides,32
Cortinarius paleaceus,32
Cortinarius rubricosus,32
Cyathicula megalospora,32
Dactylaria obtriangularia,32
Entoloma pseudoturci,32
Eriophorum angustifolium,32
Euphorbia hyberna,32
Exidia albida,32
Galactinia saniosa,32
Geum macrophyllum,32
Godronia fuliginosa,32
Griselinia littoralis,32
Inocybe helobia,32
Juglans,32
Mollisia fuscostriata,32
Mollisiopsis lanceolata,32
Mycosphaerella lineolata,32
Nowakowskiella elegans,32
Parvobasidium cretatum,32
Peltigera,32
Periconia britannica,32
Peronospora potentillae-sterilis,32
Peronospora rumicis,32
Pezizella,32
Phaeotremella frondosa,32
Phomopsis,32
Pinus pinaster,32
Plasmopara chaerophylli,32
Polycauliona candelaria,32
Psathyrella hirta,32
Puccinia extensicola,32
Puccinia luzulae,32
Pyrenopeziza subplicata,32
Pythium fluminum,32
Ragnhildiana ferruginea,32
Septoria anemones,32
Septoria epilobii,32
Septoria tormentillae,32
Stenocladiella neglecta,32
Symphyotrichum novi-belgii,32
Synchytrium aureum,32
Taeniolina centaurii,32
Thelonectria pinea,32
Trapelia involuta,32
Triscelophorus acuminatus,32
Verbascum,32
Zalerion maritima,32
Zymoseptoria tritici,32
Acolium inquinans,31
Amanita umbrinolutea,31
Cladonia ciliata,31
Clauzadea monticola,31
Claviceps nigricans,31
Clitocybe infundibuliformis,31
Clitopilus cystidiatus,31
Codinaea britannica,31
Coleroa chaetomium,31
Conocybe hadrocystis,31
Conocybe macrospora,31
Cortinarius erythrinus,31
Cortinarius osmophorus,31
Culicidospora gravida,31
Dichomitus efibulatus,31
Endoperplexa enodulosa,31
Entoloma costatum,31
Entoloma sericeoides,31
Erysiphe baeumleri,31
Galerina pseudomycenopsis,31
Helotium,31
Helvella fibrosa,31
Helvella pezizoides,31
Hymenochaete fuliginosa,31
Hymenoscyphus,31
Juncus subnodulosus,31
Lachnum deflexum,31
Lamium hybridum,31
Lamprospora dictydiola,31
Lasiobolus macrotrichus,31
Licea biforis,31
Lichenopeltella salicis,31
Lopadostoma gastrinum,31
Lycogala flavofuscum,31
Lycoperdon decipiens,31
Melanopsamma pomiformis,31
Melanotaenium endogenum,31
Milium effusum,31
Mollisia luctuosa,31
Niesslia exilis,31
Nodulisporium umbrinum,31
Patellaria atrata,31
Peniophora pithya,31
Pezizella fagi,31
Phaeoclavulina curta,31
Phaeoscypha cladii,31
Phoma macrostoma,31
Psathyrella panaeoloides,31
Pseudosperma obsoletum,31
Pucciniastrum,31
Ramularia lysimachiae,31
Russula puellula,31
Sequoia,31
Soleirolia soleirolii,31
Trechispora stellulata,31
Urocystis ficariae,31
Valeriana dioica,31
Volvariella taylorii,31
Xylaria,31
Acrocordia gemmata,30
Alphamyces chaetifer,30
Alternaria,30
Anisantha sterilis,30
Arctostaphylos,30
Ascobolus roseopurpurascens,30
Aspergillus glaucus,30
Bupleurum tenuissimum,30
Chaerophyllum temulum,30
Circinaria caesiocinerea,30
Cistella caricis,30
Cladonia coccifera,30
Cladonia ramulosa,30
Coleosporium melampyri,30
Coleroa circinans,30
Coprinopsis kubickae,30
Coprinopsis vermiculifer,30
Cortinarius albovariegatus,30
Cortinarius casimirii,30
Cucumis sativus,30
Cytospora salicis,30
Diaporthe inaequalis,30
Fontanospora,30
Fuscoporia torulosa,30
Galerina viscidula,30
Glomus microcarpum,30
Gymnopilus bellulus,30
Gyrothrix podosperma,30
Hydnum ellipsosporum,30
Hygrophorus olivaceoalbus,30
Hymenoscyphus immutabilis,30
Hyphoderma occidentale,30
Isothea rhytismoides,30
Lachnum imbecille,30
Lachnum papyraceum,30
Lactarius stephensii,30
Lecania cyrtella,30
Leccinum albostipitatum,30
Lepiota eriophora,30
Lepista gilva,30
Leucostoma persoonii,30
Liriodendron tulipifera,30
Lycium chinense,30
Mycena atromarginata,30
Mycena belliarum,30
Myriosclerotinia dennisii,30
Myriospora smaragdula,30
Ochrolechia subviridis,30
Otthia spiraeae,30
Parorbiliopsis extumescens,30
Phaeohelotium monticola,30
Plasmodiophora brassicae,30
Platanus orientalis,30
Pluteus griseoluridus,30
Psathyrella saponacea,30
Pseudombrophila cervaria,30
Psilachnum pteridigenum,30
Psilocybe strictipes,30
Puccinia bupleuri,30
Rhytisma punctatum,30
Rosa squarrosa,30
Scutellinia,30
Septoria sorbi,30
Sphaerophorus globosus,30
Sphaerulina rehmiana,30
Stagonospora calystegiae,30
Stictis friabilis,30
Sympodiocladium frondosum,30
Tilachlidium brachiatum,30
Tomentella badia,30
Trechispora hymenocystis,30
Trematosphaeria pertusa,30
Trichia,30
Tricladium chaetocladium,30
Tricladium curvisporum,30
Typha angustifolia,30
Verticillium,30
Volvariella volvacea,30
Allophylaria clavuliformis,29
Alnus cordata,29
Ascochyta leptospora,29
Ascochyta vincae,29
Bovista limosa,29
Bromopsis erecta,29
Byssocorticium pulchrum,29
Calycina parilis,29
Carex arenaria,29
Ceriporiopsis aneirina,29
Chalara,29
Chalara bulbosa,29
Cicuta virosa,29
Conocybe brachypodii,29
Coprinopsis pachyderma,29
Cortinarius incisus,29
Costantinella terrestris,29
Cudonia confusa,29
Cuphophyllus radiatus,29
Diaporthe aucubae,29
Diaporthe rudis,29
Echium vulgare,29
Endophyllum sempervivi,29
Entoloma atromarginatum,29
Entoloma catalaunicum,29
Entoloma mammosum,29
Exobasidium oxycocci,29
Geopora foliacea,29
Hebeloma velatum,29
Hypnum,29
Hysterostegiella dumeti,29
Inocybe erinaceomorpha,29
Inocybe pelargonium,29
Inocybe virgatula,29
Leptostroma juncacearum,29
Leucoagaricus pilatianus,29
Leucocoprinus straminellus,29
Leucostoma niveum,29
Lindtneria trachyspora,29
Lycopsis arvensis,29
Metacoleroa dickiei,29
Micarea lignaria,29
Muellerella lichenicola,29
Mycena lineata,29
Mycenella salicina,29
Mycopan scabripes,29
Nectriopsis candicans,29
Nymphoides peltata,29
Otidea,29
Otidea phlebophora,29
Peniophora pini,29
Perrotia flammea,29
Peziza depressa,29
Phaseolus coccineus,29
Phomatodes nebulosa,29
Plasmopara euphrasiae,29
Pleospora phaeocomoides,29
Pleospora scirpicola,29
Pluteus satur,29
Pseudaegerita viridis,29
Pseudoplectania nigrella,29
Puccinia cicutae,29
Puccinia pringsheimiana,29
Ramularia asplenii,29
Ramularia sylvestris,29
Ranunculus sceleratus,29
Stagonospora innumerosa,29
Tetraploa scheueri,29
Thelebolus crustaceus,29
Thysanorea rousseliana,29
Tricholoma,29
Tuber maculatum,29
Umbilicaria polyphylla,29
Xerocomus silwoodensis,29
Agaricus subrufescens,28
Animalia,28
Arrhenatherum,28
Arrhenia latispora,28
Artemisia,28
Asteromella,28
Betula nana,28
Boeremia lycopersici,28
Caloplaca flavocitrina,28
Calycina italica,28
Cercosporella primulae,28
Chaetosphaerella fusca,28
Cirsium dissectum,28
Coniochaeta pulveracea,28
Contumyces rosellus,28
Cornus alba,28
Cortinarius nigrocuspidatus,28
Cortinarius venetus,28
Cresponea premnea,28
Cryptococcus aquaticus,28
Dendrocollybia racemosa,28
Drepanopeziza castagnei,28
Drepanopeziza sphaerioides,28
Epilobium brunnescens,28
Erodium moschatum,28
Flammulina elastica,28
Fuchsia magellanica,28
Geastrum corollinum,28
Glaucomaria rupicola,28
Helminthosphaeria corticiorum,28
Hesperis matronalis,28
Hydnum umbilicatum,28
Hygrocybe,28
Hyphodiscus hymeniophilus,28
Hypoxylon fuscoides,28
Hysterobrevium curvatum,28
Lasiobelonium variegatum,28
Leptotrochila prunellae,28
Leucoagaricus barssii,28
Leveillula verbasci,28
Limacella delicata,28
Lysimachia vulgaris,28
Melampsora euonymi-caprearum,28
Micarea denigrata,28
Mucor racemosus nom. illegit.,28
Mycena dasypus,28
Mycena luteovariegata,28
Naohidea sebacea,28
Nodulosphaeria jaceae,28
Octospora coccinea,28
Oliveonia pauxilla,28
Orbilia rosea,28
Peronospora gei,28
Podosphaera macrospora,28
Polemonium caeruleum,28
Psathyrella fatua,28
Psathyrella typhae,28
Pterula caricis-pendulae,28
Puccinia longicornis,28
Puccinia persistens,28
Ramsbottomia macracantha,28
Ramularia armoraciae,28
Reticularia intermedia,28
Rhizophlyctis ingoldii,28
Saccothecium sepincola,28
Salix babylonica,28
Saprolegnia,28
Scutellinia superba,28
Scytinium gelatinosum,28
Septoria urticae,28
Silene vulgaris,28
Sistotrema,28
Sphaerulina gei,28
Splanchnonema pupula,28
Sticta fuliginosa,28
Stigmidium ascophylli,28
Suaeda maritima,28
Tilletia caries,28
Tomentella pilosa,28
Tremella moriformis,28
Trichobolus zukalii,28
Tricholoma inamoenum,28
Trochila tini,28
Tuber rufum,28
Tulasnella deliquescens,28
Wilsoniana amaranthi,28
Xenasma pruinosum,28
Zyzygomyces physciacearum,28
Acremoniella atra,27
Acrospermum graminum,27
Agaricus gennadii,27
Amelanchier lamarckii,27
Ceratobasidium calosporum,27
Chrysomphalina chrysophylla,27
Cirsium eriophorum,27
Cistella geelmuydenii,27
Conocybe dumetorum,27
Cortinarius psammocephalus,27
Cortinarius vernus,27
Dermea cerasi,27
Entoloma versatile,27
Equus asinus,27
Eutypa scabrosa,27
Galerina jaapii,27
Guignardia istriaca,27
Heyderia abietis,27
Hyaloperonospora nasturtii-aquatici,27
Hydnangium carneum,27
Hysterostegiella valvata,27
Juncus maritimus,27
Kuettlingeria teicholyta,27
Lepiota kuehneri,27
Leptosphaerulina myrtillina,27
Lophodermium foliicola,27
Lophodermium typhinum,27
Mahonia japonica,27
Melilotus altissimus,27
Microbotryum pinguiculae,27
Mucor,27
Mycena latifolia,27
Mycosphaerella plantaginis,27
Mytilinidion acicola,27
Octospora hetieri,27
Paxillus cuprinus,27
Perenniporia medulla-panis,27
Peronospora arenariae,27
Peronospora sepium,27
Phaeoclavulina eumorpha,27
Pholiota lucifera,27
Phyllachora sylvatica,27
Phyllotopsis nidulans,27
Pinguicula vulgaris,27
Pirottaea veneta,27
Plasmopara epilobii,27
Pleomassaria siparia,27
Psathyrella olympiana,27
Puccinia asteris,27
Pulmonaria officinalis,27
Ramularia cardamines,27
Rhizophlyctis,27
Rhodonia placenta,27
Russula clavipes,27
Rutstroemia lindaviana,27
Silene acaulis,27
Sphaeridium candidulum,27
Sporobolomyces roseus,27
Subulispora britannica,27
Subulispora minima,27
Thysselinum palustre,27
Tomentella testaceogilva,27
Trametopsis cervina,27
Trechispora alnicola,27
Tremella polyporina,27
Tubulicrinis angustus,27
Tulasnella cystidiophora,27
Tulasnella permacra,27
Typhula,27
Urocystis primulae,27
Uromyces ervi,27
Usnea florida,27
Valsa abietis,27
Valsaria insitiva,27
Verrucaria glaucina,27
Xenodidymella applanata,27
Brachypodium pinnatum,26
Caloscypha fulgens,26
Camellia japonica,26
Camposporium antennatum,26
Candelariella medians,26
Cercospora violae,26
Chalara cylindrosperma,26
Chrysosplenium alternifolium,26
Cladonia subcervicornis,26
Cladonia subulata,26
Cladonia uncialis,26
Clitocybe subspadicea,26
Colletotrichum coccodes,26
Collybiopsis obscuroides,26
Coniochaeta hansenii,26
Cortinarius armeniacus,26
Cortinarius subpurpurascens,26
Cortinarius valgus,26
Cryptodiaporthe populea,26
Deconica phyllogena,26
Diderma radiatum,26
Entyloma serotinum,26
Euphorbia,26
Festuca ovina,26
Galium,26
Geranium rotundifolium,26
Grandinia mucida,26
Hordeum distichon,26
Hypochnicium lyndoniae,26
Inocybe fibrosoides,26
Inocybe pseudodestricta,26
Lateriramulosa uniinflata,26
Lepraria nivalis,26
Licea belmontiana,26
Lycogala exiguum,26
Marasmius,26
Melampsora salicis-albae,26
Melanohalea exasperata,26
Melissa officinalis,26
Microsphaeropsis concentrica,26
Mycocentrospora clavata,26
Mycosphaerella brassicicola,26
Mytilinidion gemmigenum,26
Nectria,26
Niptera eriophori,26
Nolanea radiata,26
Octospora musci-muralis,26
Oenothera,26
Paragalactinia succosella,26
Paramyrothecium roridum,26
Peltigera rufescens,26
Pholiota lubrica,26
Plectosphaerella alismatis,26
Pleospora penicillus,26
Pyrenula macrospora,26
Ramaria pallida,26
Ramularia epilobiana,26
Russula gigasperma,26
Russula ochracea,26
Sarocladium strictum,26
Sasa,26
Scleroderma,26
Sorbus torminalis,26
Sporidesmium eupatoriicola,26
Stachybotrys cylindrosporus,26
Tapesia,26
Urceolella carestiana,26
Uromyces sparsus,26
Verbena bonariensis,26
Verbena officinalis,26
Acrocordia salweyi,25
Agaricales,25
Amanita coryli,25
Amphiporthe hranicensis,25
Arabidopsis thaliana,25
Atrichum undulatum,25
Badhamia nitens,25
Beltraniella pirozynskii,25
Camaropella microspora,25
Campanula,25
Capronia,25
Centaurea cyanus,25
Chytriomyces aureus,25
Chytriomyces hyalinus,25
Circaea,25
Coniochaeta velutina,25
Coprinopsis lagopides,25
Cortinarius biformis,25
Cortinarius pearsonii,25
Cortinarius saporatus,25
Crumenulopsis sororia,25
Cylindrocephalum hughesii,25
Cylindrotrichum clavatum,25
Dennisiodiscus prasinus,25
Didymosphaeria conoidea,25
Digitalis,25
Entoloma cyaneoviridescens,25
Entoloma parasiticum,25
Entoloma pseudocruentatum,25
Epichloe sylvatica,25
Epilobium parviflorum,25
Equisetum telmateia,25
Ervilia sylvatica,25
Euphorbia exigua,25
Euphrasia nemorosa x confusa,25
Festuca,25
Fibroporia gossypium,25
Geoglossum difforme,25
Haasiella venustissima,25
Hippophae,25
Hydrangea,25
Hymenogaster vulgaris,25
Immotthia atrograna,25
Jaapia ochroleuca,25
Lamproderma echinulatum,25
Lemalis aurea,25
Leptosphaeria galiorum,25
Leptostroma spiraeinum,25
Lophodermium pini-excelsae,25
Lycogala conicum,25
Marasmiellus tricolor,25
Melanconium stromaticum,25
Mespilus germanica,25
Micraspis strobilina,25
Muellerella pygmaea,25
Mycena picta,25
Mycosphaerella clymenia,25
Mytilinidion mytilinellum,25
Ochrolechia tartarea,25
Peronospora tabacina,25
Peziza granularis,25
Phanerochaete magnoliae,25
Phellinus populicola,25
Physarum galbeum,25
Prunus domestica x spinosa = P. x fruticans,25
Prunus dulcis,25
Pseudoperonospora cubensis,25
Pseudopithomyces chartarum,25
Pseudovalsaria foedans,25
Pucciniastrum pyrolae,25
Ramaria,25
Ramularia doronici,25
Rhinotrichum repens,25
Rhodophana melleopallens,25
Russula amoenoides,25
Russula zvarae,25
Schizothecium hispidulum,25
Septoria lysimachiae,25
Sistotrema brinkmanii,25
Sistotrema muscicola,25
Sphaerulina hyperici,25
Spirosphaera floriformis,25
Tricholoma apium,25
Tulasnella danica,25
Ustilago grandis,25
Veronica agrestis,25
Vinca difformis,25
Viola altaica x lutea x tricolor = V. x wittrockiana,25
Acanthus spinosus,24
Arctoparmelia incurva,24
Ascochyta equiseti,24
Ascochyta metulispora,24
Ascochyta sonchi,24
Atropa belladonna,24
Bovista,24
Calosporella innesii,24
Calycellina indumenticola,24
Campanula trachelium,24
Carex vesicaria,24
Chlorociboria glauca,24
Circinotrichum britannicum,24
Colchicum autumnale,24
Coniella castaneicola,24
Conocybe dentatomarginata nom. nud.,24
Coprinopsis,24
Cortinarius bataillei,24
Cortinarius olearioides,24
Cortinarius olidus,24
Cortinarius quarciticus,24
Cortinarius rubicundulus,24
Cryptocoryneum rilstonei,24
Dacrymyces chrysocomus,24
Dacrymyces chrysospermus,24
Diaporthe decedens,24
Entoloma aethiops,24
Entoloma cephalotrichum,24
Entoloma indutoides,24
"Entoloma leptopus non Entoloma tenuipes Murrill, 1917",24
Erysiphe intermedia,24
Erysiphe limonii,24
Eschscholzia californica,24
Euphorbia paralias,24
Fagus sylvatica 'Aspleniifolia',24
Frullania,24
Fungus (unidentified),24
Fusarium heterosporum,24
Fuscolachnum misellum,24
Galanthus,24
Gibellula arachnophila,24
Glaucomaria carpinea,24
Hastodontia hastata,24
Hohenbuehelia culmicola,24
Hohenbuehelia mastrucata,24
Hyphoderma cremeoalbum,24
Immersiella caudata,24
Inocybe brunnea,24
Juncus acutus,24
Lachnum salicariae,24
Lasallia pustulata,24
Lembosina aulographoides,24
Lepidoderma tigrinum,24
Leucanthemum vulgare,24
Lichenoconium xanthoriae,24
Lichenopeltella ammophilae,24
Lichenopeltella pinophylla,24
Lipandra polysperma,24
Lophodermium melaleucum,24
Marchandiomyces quercinus,24
Microglossum truncatum,24
Nemania aenea,24
Neomassariosphaeria typhicola,24
Niptera melatephra,24
Normandina pulchella,24
Peniophorella guttulifera,24
Peronospora effusa,24
Phlyctochytrium planicorne,24
Pholiotina striipes,24
Phoma violacea,24
Phragmonaevia hysterioides,24
Physalacria stilboidea,24
Physarum vernum,24
Pleurotheciopsis bramleyi,24
Polyporus,24
Protoparmelia badia,24
Psathyrella longicauda,24
Puccinia bulbocastani,24
Puccinia urticae-inflatae,24
Ramalina fraxinea,24
Ramariopsis robusta,24
Rhabdocline alpina,24
Rhinotrichum thwaitesii,24
Russula carpini,24
Sagina procumbens,24
Salicornia,24
Sclerogaster compactus,24
Scutellinia pseudotrechispora,24
Secale cereale,24
Senecio viscosus,24
Septoria apiicola,24
Septoria cymbalariae,24
Sepultariella semiimmersa,24
Skeletocutis lenis,24
Sphagnum papillosum,24
Stagonospora typhoidearum,24
Stereocaulon vesuvianum,24
Symphytum tuberosum,24
Synchytrium succisae,24
Taphrina crataegi,24
Thamnidium elegans,24
Umbelopsis ramanniana,24
Unguiculariopsis thallophila,24
Unguiculella incarnatina,24
Urocystis colchici,24
Varicosporium giganteum,24
Volutella arundinis,24
Xerocomellus,24
Xylodon pruni,24
Alchemilla xanthochlora,23
Allium ampeloprasum,23
Allium sativum,23
Anthostomella formosa,23
Antrodiella pallescens,23
Arachnopeziza obtusipila,23
Araneae,23
Arum italicum,23
Bambusa,23
Bisporella fuscocincta,23
Botryobasidium obtusisporum,23
Calamagrostis canescens,23
Calycellina separabilis,23
Calycina gemmarum,23
Carex echinata,23
Catenophlyctis variabilis,23
Ceratosebacina longispora,23
Cercospora chenopodii,23
Cervus,23
Circaea alpina x lutetiana = C. x intermedia,23
Clavaria zollingeri,23
Clitopilus passeckerianus,23
Cortinarius cisticola,23
Cortinarius spilomeus,23
Cortinarius tubarius,23
Costantinella micheneri,23
Dendrodochium citrinum,23
Dendrothele commixta,23
Dermatocarpon miniatum,23
Diaporthe impulsa,23
Diaporthe scobina,23
Diderma testaceum,23
Diplodia ilicicola,23
Discogloeum veronicae,23
Endococcus propinquus,23
Entoloma queletii,23
Entoloma querquedula,23
Epibryon plagiochilae,23
Eryngium maritimum,23
Eutypa,23
Fraxinicola fraxini,23
Golovinomyces cucurbitacearum,23
Hercospora tiliae,23
Horisme tersata,23
Hyaloscypha fuscostipitata,23
Hygrocybe mollis,23
Hymenogaster olivaceus,23
Hypocreopsis lichenoides,23
Incrupila aspidii,23
Kabatia periclymeni,23
Laetisaria lichenicola,23
Lathyrus latifolius,23
Lepidoderma chailletii,23
Lepra multipuncta,23
Leptopeltis filicina,23
Loreleia marchantiae,23
Lycogala confusum,23
Magnoliaceae,23
Marchantia polymorpha,23
Micropeziza cornea,23
Mycosphaerella confusa,23
Myriosclerotinia duriaeana,23
Nannfeldtiomyces sparganii,23
Neohendersonia kickxii,23
Neonectria hederae,23
Octospora excipulata,23
Omphaliaster asterosporus,23
Otidea apophysata,23
Oxalis corniculata,23
Paradendryphiella salina,23
Parasola lilatincta,23
Peronospora romanica,23
Phaeangella ulicis,23
Phaeoisaria clematidis,23
Phormium tenax,23
Physarum didermoides,23
Physarum straminipes,23
Placuntium andromedae,23
Podosphaera phtheirospermi,23
Porina chlorotica,23
Psathyrella spintrigeroides,23
Pseudomicrodochium aciculare,23
Puccinia campanulae,23
Ramsbottomia crechqueraultii,23
Ramularia deusta,23
Rhizophlyctis rosea,23
Rhodophana nitellina,23
Rubus leyanus,23
Russula scotica,23
Salix pentandra,23
Scorpiosporium minutum,23
Senecio sylvaticus,23
Sistotrema porulosum,23
Sphinctrina turbinata,23
Spilopodia ranunculi,23
Stictis,23
Stictis arundinacea,23
Stylonectria purtonii,23
Thekopsora areolata,23
Tomentella lilacinogrisea,23
Trichia munda,23
Uromyces gentianae,23
Xylaria bulbosa,23
Anthostomella appendiculosa,22
Aspergillus fumigatus,22
Bremia tulasnei,22
Caducirostrum foliicola,22
Calosphaeria wahlenbergii,22
Ceuthospora euonymi,22
Cladonia cervicornis,22
Cladonia diversa,22
Coniocarpon cinnabarinum,22
Conocybe lenticulospora,22
Coprinus heptemerus,22
Cortinarius hoeftii,22
Cosmospora viridescens,22
Cyathicula straminea,22
Dacryobolus sudans,22
Deightoniella arundinacea,22
Didymium crustaceum,22
Drepanopeziza brunnea,22
Drepanopeziza populi,22
Endoperplexa dartmorica,22
Eocronartium muscicola,22
Eupropolella britannica,22
Flagelloscypha orthospora,22
Flammula inopus,22
Furia americana,22
Globulicium hiemale,22
Golovinomyces sparsus,22
Haematomma ochroleucum,22
Hemimycena epichloe,22
Hemitrichia minor,22
Herpotrichia herpotrichoides,22
Hydnotrya michaelis,22
Hymenoscyphus menthae,22
Hymenoscyphus vitigenus,22
Hypoxylon rutilum,22
Hysteropezizella pusilla,22
Juncus acutiflorus,22
Laurus,22
Lecanora pulicaris,22
Leucoagaricus melanotrichus,22
Leucoagaricus meleagris,22
Limacella ochraceolutea,22
Lophodermium culmigenum,22
Lyophyllum eustygium,22
Lyophyllum mephiticum,22
Lysimachia nummularia,22
Massarina eburnea,22
Melanoleuca luteolosperma,22
Metacapnodium dingleyae,22
Microdiscula phragmitis,22
Microthyrium fagi,22
Minimelanolocus subulifer,22
Mollisia pulla,22
Mollisia spectabilis,22
Monodictys castaneae,22
Mycena septentrionalis,22
Mycosphaerella ligustri,22
Myochromella inolens,22
Myosotis scorpioides,22
Neocosmospora haematococca,22
Octaviania asterosperma,22
Ophiostoma piceae,22
Paullicorticium delicatissimum,22
Peltigera horizontalis,22
Peniophora erikssonii,22
Peronospora linariae,22
Peronospora rubi,22
Pezicula ocellata,22
Phaeoramularia punctiformis,22
Phomatospora coprophila,22
Phyllactinia alnicola,22
Physarum crateriforme,22
Pirostoma viridisporum,22
Plicaria trachycarpa,22
Polytrichum piliferum,22
Puccinia chrysanthemi,22
Ramularia galegae,22
Ramularia succisae,22
Rosenscheldia abundans,22
Rubus silurum,22
Rugosomyces persicolor,22
Russula amethystina,22
Salvia officinalis,22
Saprolegnia diclina,22
Scirpus sylvaticus,22
Septoria cerastii,22
Septoria lavandulae,22
Serendipita sigmaspora,22
Sistotrema coroniferum,22
Stomiopeltis cupressicola,22
Tragopogon porrifolius,22
Trimmatostroma scutellare,22
Tubulicrinis regificus,22
Tulasnella bourdotii,22
Usnea hirta,22
Ustilago bullata,22
Valerianella carinata,22
Xanthocarpia crenulatella,22
Allium,21
Anisomeridium biforme,21
Anthracoidea arenariae,21
Arthonia calcarea,21
Arthroderma curreyi,21
Artomyces pyxidatus,21
Atriplex patula,21
Botrytis fabae,21
Brachypodium,21
Calyptella griseopallida,21
Camellia,21
Ceratosporium fuscescens,21
Ceuthospora mahoniae,21
Chromosera citrinopallida,21
Cistella,21
Clavaria atroumbrina,21
Clitocybe ericetorum,21
Conocybe intrusa,21
Coprinopsis xantholepis,21
Cortinarius urbicus,21
Cortinarius vulpinus,21
Dacrymyces estonicus,21
Dermoloma josserandii,21
Diarthonis spadicea,21
Dichostereum granulosum,21
Diderma simplex,21
Didymella,21
Didymium dubium,21
Doronicum pardalianches,21
Echinostelium corynophorum,21
Elaphomyces asperulus,21
Endococcus rugulosus,21
Endogone lactiflua,21
Entoloma caccabus,21
Entoloma caeruleopolitum,21
Eriophorum,21
Erophila verna,21
Erysiphe vanbruntiana,21
Exidiopsis galzinii,21
Flagelloscypha,21
Geoglossum,21
Geopora cervina,21
Hyaloscypha minuta,21
Hydnellum,21
Hydnellum cumulatum,21
Hymenogaster arenarius,21
Hymenoscyphus foliicola,21
Hymenostilbe muscaria,21
Hypochnicium albostramineum,21
Koorchaloma melaloma,21
Lachnum clavisporum,21
Lachnum elongatisporum,21
Lactuca virosa,21
Lepiota cingulum,21
Leucocortinarius bulbiger,21
Marcelleina rickii,21
Menyanthes trifoliata,21
Microthyrium,21
Milospium graphideorum,21
Mollisia asteroma,21
Murispora rubicunda,21
Naevia punctiformis,21
Nasturtium officinale,21
Neocamarosporium calvescens,21
Nowakowskiella profusa,21
Oenothera glazioviana,21
Oligonema schweinitzii,21
Ophiognomonia ischnostyla,21
Orbilia oligospora,21
Orbilia rectispora,21
Peronospora galii,21
Phaeohelotium lilacinum,21
Phellinus nigricans,21
Phlebia subcretacea,21
Phyllosticta fraxinicola,21
Physalacria cryptomeriae,21
Physarum lateritium,21
Piloderma byssinum,21
Piloderma sphaerosporum,21
Pinus wallichiana,21
Piptocephalis arrhiza,21
Pirottaea brevipila,21
Pluteus semibulbosus,21
Podophacidium xanthomelum,21
Pseudocercospora viburnigena,21
Pseudoschismatomma rufescens,21
Puccinia agropyrina,21
Puccinia ammophilina,21
Puccinia schoeleriana,21
Puccinia urticae-paniceae,21
Pyrenopeziza chailletii,21
Quercus suber,21
Reynoutria japonica,21
Russula sericatula,21
Scutellinia legaliae,21
Septoria,21
Septoria violae-palustris,21
Serendipita vermifera,21
Silene flos-cuculi,21
Solidago,21
Spergularia marina,21
Spiraea,21
Splanchnonema argus,21
Sporidesmium folliculatum,21
Stemonitis virginiensis,21
Tamarix gallica,21
Torilis japonica,21
Tricholoma basirubens,21
Ustilago maydis,21
Valsa laurocerasi,21
Varicellaria hemisphaerica,21
Verticillium dahliae,21
Amanita spadicea,20
Artemisia maritima,20
Ascochyta,20
Ascorhizoctonia praecox,20
Aspergillus,20
Bacidia rubella,20
Britzelmayria supernula,20
Cephalotrichum purpureofuscum,20
Ceriporia,20
Chaenothecopsis caespitosa,20
Chalara urceolata,20
Chromosera xanthochroa,20
Ciboria acerina,20
Cladosporium epiphyllum,20
Clonostachys compactiuscula,20
Collaria rubens,20
Coprinopsis phlyctidospora,20
Coprotus lacteus,20
Cordyceps tuberculata,20
Cortinarius bulbosus,20
Cortinarius bulliardii,20
Cortinarius claricolor,20
Cortinarius emollitus,20
Cortinarius turgidus,20
Cosmos bipinnatus,20
Cydonia oblonga,20
Cystidiopostia hibernica,20
Didymella curtisii,20
Didymium anellus,20
Durella commutata,20
Eleocharis palustris,20
Entoloma plebejum,20
Entoloma subradiatum,20
Exidiopsis opalea,20
Fontanospora eccentrica,20
Gagea lutea,20
Galerina badipes,20
Galium uliginosum,20
Gnomoniella rubicola,20
Helianthemum oelandicum,20
Helicodendron tubulosum,20
Helvella hypocrateriformis,20
Hirschfeldia incana,20
Hyalopeziza niveocincta,20
Hyaloscypha bicolor,20
Hyaloscypha leucostigma,20
Hyaloscypha spiralis,20
Hymenochaete carpatica,20
Hymenoscyphus cortisedus,20
Hypomyces viridis,20
Hypotrachyna laevigata,20
Hysterobrevium mori,20
Inocybe squarrosa,20
Kiliasia episema,20
Kriegeriella mirabilis,20
Lathagrium cristatum,20
Lavandula angustifolia,20
Leucoagaricus tener,20
Libertella betulina,20
Lupinus,20
Medicago arabica,20
Melanoleuca arcuata,20
Melanospora caprina,20
Merismodes ochracea,20
Muntiacus reevesi,20
Nemania bipapillata,20
Niptera lychnidis,20
Odonticium romellii,20
Ophiocordyceps ditmarii,20
Otidea concinna,20
Pachyphlodes citrina,20
Pandora neoaphidis,20
Papulaspora,20
Peronospora chlorae,20
Pestalotiopsis funerea,20
Petasites japonicus,20
Phaeopezia apiculata,20
Phanerochaete calotricha,20
Phlox,20
Phyllosticta eupatorii,20
Pleotrichocladium opacum,20
Pleurotus,20
Polygonum,20
Psathyrella pertinax,20
Pseudohelotium pineti,20
Pseudovalsa longipes,20
Puccinia argentata,20
Puccinia cyani,20
Puccinia magnusii,20
Ramularia beticola,20
Ruptoseptoria unedonis,20
Russula pascua,20
Sclerococcum stygium,20
Scytinium lichenoides,20
Scytinostroma ochroleucum,20
Septoria ficariae,20
Septoriella junci,20
Seticyphella niveola,20
Sistotremella perpusilla,20
Spadicoides fuscolutea,20
Stamnaria persoonii,20
Stropharia rugosoannulata,20
Suaeda vera,20
Symphyosirinia angelicae,20
Symphytocarpus amaurochaetoides,20
Tapesia strobilicola,20
Thalictrum minus,20
Tomentella fibrosa,20
Tricellula aquatica,20
Trichaptum fuscoviolaceum,20
Trichia flavicoma,20
Trichoderma piluliferum,20
Trichopeziza discolor,20
Tubaria,20
Typhula incarnata,20
Typhula pusilla,20
Urceolella hirta,20
Vibrissea laxa,20
Willkommlangea reticulata,20
Acanthaceae,19
Alysidium resinae,19
Amanita solitaria,19
Anaptychia ciliaris,19
Anthostomella fuegiana,19
Arnium mendax,19
Belonopsis excelsior,19
Botryobasidium ellipsosporum,19
Bovista paludosa,19
Byssonectria terrestris,19
Campanula latifolia,19
Cantharellus pallens,19
Carex elata,19
Cheilymenia pulcherrima,19
Circinaria contorta,19
Cistella hoehnelii,19
Cladobotryum mycophilum,19
Cladochytrium menyanthis,19
Clitocella mundula,19
Cochlearia danica,19
Coenogonium luteum,19
Conocybe farinacea,19
Cortinarius disjungendus,19
Cortinarius dolabratus,19
Cortinarius junghuhnii,19
Cyathus stercoreus,19
Dasyscyphus pteridialis,19
Daucus carota,19
Dermoloma phaeopodium,19
Desarmillaria ectypa,19
Diaporthe sarothamni,19
Didymocyrtis slaptoniensis,19
Diplomitoporus flavescens,19
"Endophragmiella ellisii non Endophragmiella biseptata (Peck) S. Hughes, 1978",19
Entoloma inutile,19
Equisetum fluviatile,19
Erysiphe friesii,19
Erysiphe guarinonii,19
Gerronema albidum,19
Gibellula pulchra,19
Golovinomyces echinopis,19
Heracleum mantegazzianum,19
Heteroacanthella acanthophysa,19
Honckenya peploides,19
Hordeum murinum,19
Hygrophorus,19
Hyphoderma multicystidium,19
Irpex lacteus,19
Jaapia argillacea,19
Kionocephala catenulata,19
Lachnellula calyciformis,19
Lactarius picinus,19
Lactarius resimus,19
Lactarius violascens,19
Lanmaoa fragrans,19
Lathyrus linifolius,19
Lecanora albella,19
Lecidea lithophila,19
Lepiota clypeolarioides,19
Licea scyphoides,19
Lindtneria panphyliensis,19
Lophiostoma macrostomum,19
Luellia cystidiata,19
Lycoperdon caudatum,19
Micranthes stellaris,19
Microthyrium gramineum,19
Monilinia aucupariae,19
Mycena discopus,19
Mycena pullata,19
Oliveonia fibrillosa,19
Omphalotus illudens,19
Penicillium chrysogenum,19
Penicillium expansum,19
Penicillium glabrum,19
Peronospora honckenyae,19
Peronospora polygoni,19
Peronospora verbenae,19
Pertusaria pseudocorallina,19
Pezicula carpinea,19
Peziza aurata,19
Pezoloma ciliiferum,19
Phellinidium ferrugineofuscum,19
Pholiotina exannulata nom. inval.,19
Phragmidium potentillae,19
Phyllosticta foliorum,19
Pleuropedium tricladioides,19
Podospora curvicolla,19
Podospora intestinacea,19
Potamogeton,19
Prunus persica,19
Psathyrella bifrons,19
Puccinia cancellata,19
Pythium oligandrum,19
Ramularia lychnidicola,19
Rimbachia bryophila,19
Rinodina teichophila,19
Rosellinia corticium,19
Salix alba x babylonica = S. x sepulcralis,19
Salix aurita x cinerea = S. x multinervis,19
Schaereria fuscocinerea,19
Scutellinia armatospora,19
Spinacia oleracea,19
Spongipellis pachyodon,19
Stemphylium,19
Stylodothis puccinioides,19
Stypella glaira,19
Subulicium lautum,19
Syntrichia ruraliformis,19
Taphrophila argyllensis,19
Tellima grandiflora,19
Tomentella lateritia,19
Trichonectria hirta,19
Tricladium terrestre,19
Tripospermum prolongatum,19
Tuber borchii,19
Tulasnella,19
Tulosesus velatopruinatus,19
Usnea ceratina,19
Valeriana,19
Valsa sordida,19
Varicellaria lactea,19
Vulpes vulpes,19
Xylaria crozonensis,19
Acer saccharum,18
Agaricus luteomaculatus,18
Alnicola sphagneti,18
Alternaria ramulosa,18
Amanita simulans,18
Anguillospora curvula,18
Anthostomella alchemillae,18
Anthostomella lugubris,18
Antirrhinum,18
Anungitea continua,18
Aphanobasidium albidum,18
Aphanomyces stellatus,18
Arthonia parietinaria,18
Asparagus officinalis,18
Berkeleyomyces basicola,18
Blumeria dactylidis,18
Bromus,18
Byssonectria deformis,18
Calycina fungorum,18
Cardamine amara,18
Cardamine pratensis,18
Centaurium erythraea,18
Cephaloscypha mairei,18
Cladonia digitata,18
Cladonia humilis,18
Clasterosporium caricinum,18
Coprinellus,18
Coprinus lagopus,18
Cortinarius ammophiloides,18
Cortinarius bovinus,18
Cortinarius durus,18
Cortinarius geraniolens,18
Cortinarius myxo-anomalus,18
Cribraria microcarpa,18
Cynara cardunculus,18
Cytidia salicina,18
Dacrymyces ovisporus,18
Diplocladiella scalaroides,18
Diplonaevia bresadolae,18
Erysiphe divaricata,18
Escallonia rubra,18
Euphorbia characias,18
Eutypa petrakii,18
Flagellospora fusarioides,18
Flammocladiella decora,18
Fulvia fulva,18
Fusarium oxysporum,18
Galerina heimansii,18
Galerina triscopa,18
Gnomonia comari,18
Gymnopus fagiphilus,18
Gymnopus terginus,18
Helicodendron triglitziense,18
Helminthosporium tiliae,18
Hemileucoglossum elongatum,18
Hodophilus hymenocephalus,18
Hormiactella asetosa,18
Hydnotrya cubispora,18
Hyphodiscus smaragdinus,18
Hypochnicium eichleri,18
Hypocrea,18
Hypomyces luteovirens,18
Ileodictyon cibarium,18
Inocybe albomarginata,18
Inocybe amethystina,18
Inocybe appendiculata,18
Inocybe serotina,18
Jacobaea erucifolia,18
Lactarius scrobiculatus,18
Lamprospora carbonicola,18
Lasiosphaeris hispida,18
Lecanora confusa,18
Lecanora gangaleoides,18
Lepiota hymenoderma,18
Leptotrochila lugubris,18
Leucocoprinus cretaceus,18
Leucocoprinus ianthinus,18
Licea sambucina,18
Linospora saligna,18
Lolium multiflorum,18
Lysimachia europaea,18
Melampsora ribis-viminalis,18
Microbotryum intermedium,18
Microscypha enrhizus,18
Mollisina oedema,18
Morenoina clarkii,18
Mycosphaerella,18
Naucoria,18
Naucoria melinoides,18
Octospora wrightii,18
Ophioparma ventosa,18
Paradidymella clarkii,18
Paullicorticium pearsonii,18
Pectenia cyanoloma,18
Peltigera didactyla,18
Peniophora reidii,18
Peniophora tamaricicola,18
Periconia,18
Peronospora hariotii,18
Pezicula carnea,18
Pezicula sepium,18
Phaeosphaeria nardi,18
Phlebia segregata,18
Pholiotina aeruginosa,18
Phomopsis durandiana,18
Phycomyces blakesleeanus,18
Picea orientalis,18
Picris hieracioides,18
Plasmopara viticola,18
Pleurothecium recurvatum,18
Podosordaria tulasnei,18
Psathyrella orbitarum,18
Pseudosperma arenicola,18
Psilachnum asemum,18
Psilolechia leprosa,18
Puccinia absinthii,18
Puccinia opizii,18
Punctelia jeckeri,18
Rhinanthus,18
Rhizocybe vermicularis,18
Russula laeta,18
Rutstroemia,18
Sasa palmata,18
Sempervivum tectorum,18
Septoria leucanthemi,18
Septoria petroselini,18
Serratula tinctoria,18
Sordaria macrospora,18
Sphaerostilbella broomeana,18
Sphagnum capillifolium s.l.,18
Stachys,18
Stagonospora caricis,18
Stypella subgelatinosa,18
Syringa,18
Tarzetta spurcata,18
Trichia lutescens,18
Trichoderma strictipile,18
Uromyces striatus,18
Usnea dasopoga,18
Violella fucata,18
Volucrispora ornithomorpha,18
Acanthobasidium norvegicum,17
Acer cappadocicum,17
Acer rubrum,17
Achlya racemosa,17
Acronicta aceris,17
Aesculus carnea,17
Agonimia tristicula,17
Amaranthus bouchonii,17
Anthriscus,17
Antrodiella onychoides,17
Arabis caucasica,17
Arnium leporinum,17
Arrhenia chlorocyanea,17
Botryotrichum murorum,17
Bremia lapsanae,17
Bryonia dioica,17
Calogaya decipiens,17
Caloplaca chlorina,17
Camarosporidiella spartii,17
Campanula glomerata,17
Capra hircus,17
Chitonospora ammophila,17
Cladochytrium replicatum,17
Cladonia,17
Cladonia gracilis,17
Cladonia ochrochlora,17
Cladonia parasitica,17
Cladonia pocillum,17
Cladosporium uredinicola,17
Clauzadea immersa,17
Conocybe inocybeoides,17
Coprinopsis pseudofriesii,17
Coprinopsis saccharomyces,17
Coprotus albidus,17
Cortinarius fulvescens,17
Cortinarius sphagnophilus,17
"Craterium muscorum non Craterium globosum (Schwein.) Fr., 1829",17
Cryptodiaporthe aubertii,17
Cudoniella rubicunda,17
Cuphophyllus atlanticus,17
Cystocoleus ebeneus,17
Cytospora oxyacanthae,17
Dasyscyphus,17
Delitschia winteri,17
Dianema corticatum,17
Diderma donkii,17
Didymella holosteae,17
Didymium ilicinum,17
Diplodia seriata,17
Dothideomycetes,17
Entoloma albotomentosum,17
Entoloma jahnii,17
Entoloma pascuum,17
Erysiphe eschscholziae,17
Erysiphe hypophylla,17
Fabaceae,17
Geejayessia desmazieri,17
Geranium phaeum,17
Gibellula leiopus,17
Gloeophyllum abietinum,17
Gloeophyllum odoratum,17
Glomus macrocarpum,17
Glonium lineare,17
Golovinomyces ambrosiae,17
Gymnopilus stabilis,17
Helicoscypha heterotricha,17
Helicosporium,17
Hohenbuehelia tremula,17
Hygrophoropsis rufa,17
Hymenoscyphus limonium,17
Hyphoderma mutatum,17
Hypocrea argillacea,17
Hysterium acuminatum,17
Inocybe glabrodisca,17
Lepiota forquignonii,17
Leptotrochila astrantiae,17
Leucoagaricus croceovelutinus,17
Leucoagaricus ionidicolor,17
Leucopaxillus gentianeus,17
Licea bryophila,17
Limacella illinita,17
Limonomyces roseipellis,17
Linum usitatissimum,17
Lophiostoma caudatum,17
Lophiostoma viridarium,17
Malvipezia lividula,17
Melanoleuca stridula,17
Microbotryum flosculorum,17
Micropeziza poae,17
Mollisia subglobosa,17
Monoblepharis insignis,17
Mycena fagetorum,17
Mycosphaerella buxicola,17
Myriosclerotinia scirpicola,17
Nemania chestersii,17
Niesslia,17
Oenanthe,17
Orbilia cardui,17
Ozonium aureum,17
Peltigera lactucifolia,17
Penicillium glaucum,17
Peronospora sherardiae,17
Peronospora sparsa,17
Pertusaria,17
Pertusaria flavida,17
Phaeoseptoria caricicola,17
Phanerochaete martelliana,17
Phellodon violascens,17
Pholiotina dasypus,17
Phoma ulicis,17
Phyllosticta impatientis,17
Phyllosticta teucrii,17
Plasmopara ribicola,17
Pleospora straminis,17
Podosphaera polemonii,17
Podospora excentrica,17
Pogonoloma spinulosum,17
Preussia funiculata,17
Protounguicularia barbata,17
Psammina bommerae,17
Psathyrella caput-medusae,17
Pseudomassaria islandica,17
Pseudosperma xanthocephalum,17
Puccinia hypochaeridis,17
Puccinia septentrionalis,17
Puccinia urticae-vesicariae,17
Pyrenopeziza lycopincola,17
Pyrenopeziza polygoni,17
Pyrenopeziza thalictri,17
Ramaria flava,17
Russula amoena,17
Russula rutila,17
Septoria clematidis,17
Septoria rhododendri,17
Sesquicillium candelabrum,17
Solenopsora candicans,17
Sphaceloma mattiroloanum,17
Sporoschisma juvenile,17
Strasseria geniculata,17
Suillus bresadolae,17
Syspastospora parasitica,17
Thelonectria veuillotiana,17
Thyronectria coryli,17
Tomentella subtestacea,17
Trametes,17
Tremella,17
Trichosphaerella decipiens,17
Trichosphaeria notabilis,17
Trifolium campestre,17
Tulosesus subdisseminatus,17
Tympanis ligustri,17
Ulmus aggregate,17
Venturiocistella diversipila,17
Viola tricolor,17
Vuilleminia macrospora,17
Xanthoparmelia verruculifera,17
Achlya americana,16
Achlya flagellata,16
Acrostalagmus luteoalbus,16
Agrocybe dura,16
Amylostereum areolatum,16
Anthostomella,16
Anthostomella clypeoides,16
Aphanes arvensis,16
Apodachlya brachynema,16
Arachniotus ruber,16
Arrhenia cupulatoides,16
Ascochyta viciae,16
Aspergillus niger,16
Belemnospora epiphylla,16
Boletus badiorufus,16
Brachysporium dingleyae,16
Bryoria fuscescens,16
Buellia disciformis,16
Butyriboletus subappendiculatus,16
Calonectria pyrochroa,16
Candelabrum,16
Candida,16
Carex aquatilis,16
Carex laevigata,16
Carex leporina,16
Ciboria betulae,16
Cladobotryum,16
Cladosporium magnusianum,16
Clavaria amoenoides,16
Clitocella fallax,16
Coniothyrium,16
Conocybe fuscimarginata,16
Coprinopsis phaeospora,16
Cortinarius alcalinophilus,16
Cortinarius pluvius,16
Cortinarius subferrugineus,16
Cortinarius zosteroides,16
Cribraria tenella,16
Cryptodiaporthe galericulata,16
Cynosurus cristatus,16
Dactylaria,16
Dendrothele alliacea,16
Diachea subsessilis,16
Diaporthe dulcamarae,16
Didymella proximella,16
Didymium megalosporum,16
Diplonaevia seriata,16
Elymus caninus,16
Endophragmiella biseptata,16
Endophragmiella fallacia,16
Entoloma testaceum,16
Entyloma chrysosplenii,16
Eonema pyriforme,16
Erica cinerea,16
Erysiphe akebiae,16
Erysiphe elevata,16
Erysiphe mayorii,16
Eupatorium,16
Fumago vagans,16
Galerina salicicola,16
Galzinia incrustans,16
Geastrum berkeleyi,16
Gymnopus putillus,16
Hebeloma odoratissimum,16
Helianthus annuus,16
Hygrophorus discoideus,16
Hyperphyscia adglutinata,16
Hysteropezizella,16
Inocybe tigrina,16
Juncus tenuis,16
Kavinia alboviridis,16
Keissleriella culmifida,16
Lactarius porniniae,16
Lagopus muta,16
Lentinellus vulpinus,16
Lentoporia carbonica,16
Lepista caespitosa,16
Leptosphaeria culmifraga,16
Leptothyrium ilicinum,16
Leucoagaricus subcretaceus,16
Lophiostoma,16
Lulworthia opaca,16
Mallocybe fuscomarginata,16
Malva arborea,16
Marasmius graminum,16
Melampyrum,16
Melanoleuca schumacheri,16
Melastiza contorta,16
Mollisia polygoni,16
Monodictys paradoxa,16
Mutinus ravenelii,16
Mycocentrospora angulata,16
Mycoporum antecellens,16
Mycosphaerella elodis,16
Nectria aurantiaca,16
Nectriopsis microspora,16
Nitschkia parasitans,16
Orbicula parietina,16
Oxalis incarnata,16
Peronospora arthurii,16
Peronospora ervi,16
Peronospora verbasci,16
Peyronelina glomerulata,16
Phellodon,16
Phlebiella christiansenii,16
Pholiota,16
Phyllosticta lonicerae,16
Physarum auriscalpium,16
Physcia tribacia,16
Plasmodiophora alni,16
Podosphaera parietariae,16
Podospora fimiseda,16
Polystichum aculeatum,16
Populus balsamifera,16
Protoglossum niveum,16
Pseudoclitopilus rhodoleucus,16
Pyrenopeziza foliicola,16
Quercus coccinea,16
Ramularia didymarioides,16
Ramularia winteri,16
Rhizophydium keratinophilum,16
Rosa canina group 'Transitoriae',16
Rosellinia desmazieri,16
Russula plumbeobrunnea,16
Salsola kali,16
Scutomollisia punctum,16
Scytinium plicatile,16
Silaum silaus,16
Skeletocutis kuehneri,16
Sphaeropsis,16
Stomiopeltis juniperina,16
Stropharia,16
Stropharia luteonitens,16
Symphyotrichum,16
Sympodiella acicola,16
Tanacetum parthenium,16
Thyronectria cucurbitula,16
Tricellula aurantiaca,16
Trichocladium crispatum,16
Tricholoma gausapatum,16
Tuber excavatum,16
Tuber rapaeodorum,16
Tulipa,16
Typhula lutescens,16
Uromyces silphii,16
Yucca,16
Yucca gloriosa,16
Zakatoshia erikssonii,16
Zygodesmus fuscus,16
Agrocybe,15
Anaptychia runcinata,15
Arthrinium morthieri,15
Aspergillus nidulans,15
Aves,15
Basidiomycota,15
Bistorta vivipara,15
Blumeriella jaapii,15
Botrytis narcissicola,15
Brevilegnia,15
Brunnipila calyculiformis,15
Bryum argenteum,15
Byssoporia terrestris,15
Calycina subtilis,15
Camarops tubulina,15
Carya,15
Cerastium tomentosum,15
Cercospora rhamni,15
Chaetospermum chaetosporum,15
Chalara spiralis,15
Chrysomyxa abietis,15
Chytriomyces appendiculatus,15
Circinotrichum maculiforme,15
Cladosporium chlorocephalum,15
Clinopodium ascendens,15
Clitocybe quercina,15
Colletotrichum helicis,15
Colletotrichum nymphaeae,15
Coniothyrium ilicis,15
Cortinarius argenteopileatus,15
Cortinarius arvinaceus,15
Cortinarius impennis,15
Cortinarius salor,15
Cortinarius simulatus,15
Cosmospora flavoviridis,15
Cyperaceae,15
Cytospora carphosperma,15
Dactylaria mitrata,15
Dactylorhiza praetermissa,15
Dactylosporium macropus,15
Dahlia,15
Daldinia loculatoides,15
Delphinium,15
Diderma ochraceum,15
Didymium vaccinum,15
Diplococcium spicatum,15
Dryopteridaceae,15
Dryopteris borreri,15
Dwayaangam cornuta,15
Entoloma depluens,15
Entoloma henrici,15
Entoloma rusticoides,15
Ervum tetraspermum,15
Erynia radicans,15
Erysiphe,15
Eutypa leioplaca,15
Exidia,15
Flagelloscypha pilatii,15
Fragaria,15
Fusarium caeruleum,15
Gaeumannomyces avenae,15
Galerina permixta,15
Geum rivale,15
Gliophorus europerplexus,15
Godronia cassandrae,15
Golovinomyces circumfusus,15
Guignardia punctoidea,15
Gyalolechia flavovirescens,15
Gymnoascus reessii,15
Gymnosporangium,15
Halobyssothecium obiones,15
Haugania oederi,15
Helleborus viridis,15
Hydropunctaria maura,15
Hygrophorus erubescens,15
Hymenogaster citrinus,15
Hypochnicium lundellii,15
Hypomyces spadiceus,15
Inocybe eutheles,15
Inocybe griseovelata,15
Lachnellula pulverulenta,15
Lachnum pteridis,15
Lactarius pergamenus,15
Lagopus scotica,15
Lanzia stellariae,15
Leucoagaricus,15
Leucoagaricus wichanskyi,15
Leucogyrophana sororia,15
Leucostoma curreyi,15
Licea denudescens,15
Licea inconspicua,15
Lichen (unidentified),15
Lichtheimia corymbifera,15
Lophodermium,15
Melampsora arctica,15
Melogramma campylosporum,15
Microsebacina fugacissima,15
Microtus,15
Milesina,15
Mimicoscypha mimica,15
Mollisia iridis,15
Mycoblastus sanguinarius,15
Mycogloea macrospora,15
Nemania diffusa,15
Nemania effusa,15
Neocamarosporium betae,15
Neopeckia fulcita,15
Neophoma graminella,15
Niptera lacustris,15
Nothofagus obliqua,15
Nymphaea alba,15
Ochrolechia turneri,15
Opegrapha vermicellifera,15
Oxalis latifolia,15
Oxybasis rubra,15
Pachythyrium parasiticum,15
Paeonia,15
Paranectria oropensis,15
Paraphaeosphaeria minitans,15
Passalora montana,15
Penicillium thomii,15
Peronospora chenopodii-polyspermi,15
Peronospora cyparissiae,15
Peronospora hiemalis,15
Peronospora potentillae-reptantis,15
Persicaria lapathifolia,15
Pestalotiopsis guepinii,15
Peucedanum officinale,15
Pezicula myrtillina,15
Pezizella muscicola,15
Phaeographis dendritica,15
Phaeotremella simplex,15
Phaeotrichosphaeria britannica,15
Phlyctis agelaea,15
Phoma lineolata,15
Phyllachora heraclei,15
Physarum murinum,15
Piptocephalis lepidula,15
Pirottaea lamii,15
Plagiostoma devexum,15
Polypodiopsida,15
Polytrichum juniperinum,15
Poronia erici,15
Psathyrella fulvescens,15
Psathyrella pseudocorrugis,15
Puccinia asparagi,15
Puccinia galii-cruciatae,15
Puccinia rugulosa,15
Puccinia tripolii,15
Pyrenochaeta fallax,15
Ramariopsis,15
Ramularia acris,15
Ramularia cerinthes,15
Rhamphospora nymphaeae,15
Rumex crispus x obtusifolius = R. x pratensis,15
Russula atrorubens,15
Russula cremeoavellanea,15
Russula pseudo-olivascens,15
Saccosoma farinaceum,15
Saponaria officinalis,15
Saprolegnia delica,15
Saprolegnia litoralis,15
Saprolegnia mixta,15
Septomazzantia lirella,15
Septoria hippocastani,15
Septoria lamii,15
Serendipita evanescens,15
Sistotrema binucleosporum,15
Stachys byzantina,15
Stagonospora vitensis,15
Sticta sylvatica,15
Syzygospora tumefaciens,15
Tephrocybe baeosperma,15
Thanatephorus amygdalisporus,15
Therrya pini,15
Tomentella terrestris,15
Trichobolus sphaerosporus,15
Trichocladium asperum,15
Trichoderma sulphureum,15
Triscelophorus monosporus,15
Troposporella monospora,15
Tulasnella pallida,15
Urocystis trientalis,15
Valerianella locusta,15
Valsella clypeata,15
Venturia geranii,15
Verbascum nigrum,15
Vicia,15
Winterella hypodermia,15
Wojnowicia hirta,15
Xanthoria,15
Zygosporium gibbum,15
Acolium sessile,14
Akebia quinata,14
Alternaria anagallidis,14
Alyxoria culmigena,14
Anthina flammea,14
Anungitea heterospora,14
Arrhenia philonotis,14
Ascobolus rhytidosporus,14
Aseroe rubra,14
Aubrieta deltoidea,14
Avena fatua,14
Bactrodesmium pallidum,14
Biscogniauxia mediterranea,14
Calycina conorum,14
Calyptospora goeppertiana,14
Carex extensa,14
Catinaria atropurpurea,14
Ceratosphaeria lampadophora,14
Chaetopsina fulva,14
Cheilymenia,14
Cheilymenia rubra,14
Cheimonophyllum candidissimum,14
Chrysomyxa pyrolata,14
Cistella aconiti,14
Cladonia crispata,14
Clavaria greletii,14
Coccomyces leptideus,14
Conidiobolus obscurus,14
Conocybe fimetaria,14
Convallaria majalis,14
Coprinellus saccharinus,14
Coprinopsis alopecia,14
Coprinopsis poliomalla,14
Cortinarius cotoneus,14
Cortinarius decipientoides,14
Cortinarius huronensis,14
Cortinarius xanthophyllus,14
Deconica pratensis,14
Dendrostoma castaneum,14
Dermoloma magicum,14
Descolea alba,14
Diaporthe crataegi,14
Dibaeis baeomyces,14
Dichotomopilus funicola,14
Didymella fabae,14
Didymosphaeria oblitescens,14
Dryopteris carthusiana,14
Elsinoe mattiroloanum,14
Entoloma fuscotomentosum,14
Entoloma rufocarneum,14
Entoloma sphagneti,14
Entomophthora,14
Episclerotium sclerotipus,14
Erysiphe lythri,14
Eupropolella arundinariae,14
Flammula veluticeps,14
Fuligo cinerea,14
Fusicolla merismoides,14
Geastrum campestre,14
Gibbera myrtilli,14
Gloeophyllum trabeum,14
Glomerella graminicola,14
Gonatobotrys simplex,14
Guepiniopsis buccina,14
Hebeloma fusisporum,14
Helicodendron giganteum,14
Helleborus,14
Heteromycophaga glandulosae,14
Hyalopeziza corticicola,14
Hydnocystis bombycina,14
Hydrangea macrophylla,14
Hygrocybe nigrescens,14
Hygrocybe salicis-herbaceae,14
Hygrophorus camarophyllus,14
Hymenogaster luteus,14
Hypericum montanum,14
Hyphopeziza pygmaea,14
Hypochniciellum subillaqueatum,14
Hypochnicium subrigescens,14
Hypocrea splendens,14
Hysterostegiella dowardensis,14
Inocybe putilla,14
Inula conyzae,14
Juncus squarrosus,14
Lachnum caricis,14
Lachnum radotinense,14
Laestadia faginea,14
Leproplaca xantholyta,14
Letendraea helminthicola,14
Leucoagaricus americanus,14
Lophiosphaera ulicis,14
Lophiotrema curreyi,14
Marthamyces phacidioides,14
Melica uniflora,14
Microglossum pratense,14
Moellerodiscus tenuistipes,14
Mollisia fuscidula non Mollisia fuscidula Sacc. 1875,14
Mollisia typhae,14
Monilinia baccarum,14
Mycena atrocyanea,14
Mycena renati,14
Mycena tintinnabulum,14
Mycosphaerella vaccinii,14
Myzus (Nectarosiphon) persicae,14
Niptera,14
Octospora rustica,14
Oligonema flavidum,14
Oliveonia nodosa,14
Olpidiopsis saprolegniae,14
Pachnolepia pruinata,14
Pannaria rubiginosa,14
Papaver dubium,14
Passalora murina,14
Pedicularis palustris,14
Periconia digitata,14
Peronospora aestivalis,14
Peronospora paula,14
Pertusaria dealbata,14
Peziza saccardoana,14
Pezizella polytrichi,14
Phacidium carbonaceum,14
Philadelphus coronarius,14
Phloeospora pseudoplatani,14
Phoma longissima,14
Phragmidium,14
Phyllopsora rosei,14
Phyllosticta,14
Physarum licheniforme,14
Phytophthora gonapodyides,14
Pilobolus roridus,14
Pinus pinea,14
Placynthiella uliginosa,14
Pleuroflammula ragazziana,14
Psathyrella fibrillosa,14
Psathyrella spintrigera,14
Pseudoanguillospora stricta,14
Pseudosasa japonica,14
Psilocistella,14
Puccinia apii,14
Puccinia elymi,14
Puccinia thymi,14
Pyrenochaeta,14
Pyrenopeziza compressula,14
Pyrola minor,14
Ramalina calicaris,14
Ramaria fennica,14
Ramularia cupulariae,14
Rhabdospora pleosporoides,14
Rhizoctonia,14
Rhizophydium elyense,14
Rhodiola rosea,14
Rhodocybe truncata,14
Ricasolia virens,14
Rosa corymbifera,14
Rubus dasyphyllus,14
Rubus rubritinctus,14
Rubus sect. Corylifolii,14
Russula xenochlora,14
Salix purpurea,14
Salix viminalis x cinerea = S. x holosericea,14
Saprolegnia ferax,14
Scathophaga stercoraria,14
Schizothyrium speireum,14
Scleroderma polyrhizum,14
Scoliolegnia asterophora,14
Scrophularia,14
Septoria geranii,14
Septoria oenanthes,14
Sequoiadendron,14
Sordaria superba,14
Spergularia media,14
Sphaerostilbella berkeleyana,14
Sporidesmium pedunculatum,14
Stachylidium bicolor,14
Stagonospora elegans,14
Stereocaulon evolutum,14
Stereopsis vitellina,14
Stictis elevata,14
Symphytocarpus impexus,14
Synchytrium endobioticum,14
Tephrocybe,14
Thyridium vestitum,14
Trechispora laevis,14
Tremellodendropsis tuberosa,14
Tremolecia atrata,14
Trichoderma polysporum,14
Tricholoma robustum,14
Trichomerium grandisporum,14
Typhula culmigena,14
Typhula todei,14
"Ulmus minor auct., non Mill.",14
Uromyces gageae,14
Vankya ornithogali,14
Vararia gallica,14
Velenovskya vacini,14
Venturia chlorospora,14
Zygosporium echinosporum,14
Acanthobasidium delicatum,13
Achlya radiosa,13
Achroomyces insignis,13
Alatospora,13
Allophylaria,13
Amelanchier,13
Anisomeridium polypori,13
Arachnocrea stipata,13
Arctostaphylos alpinus,13
Arrhenia peltigerina,13
Ascobolus epimyces,13
Ascobolus hawaiiensis,13
Ascobolus minutus,13
Ascochyta philadelphi,13
Ascochyta vulgaris,13
Ascozonus leveilleanus,13
Aster,13
Botrytis tulipae,13
Buellia griseovirens,13
Calycellina myriadea,13
Cenangium graddonii,13
Ceratobasidium anceps,13
Ceratobasidium pseudocornigerum,13
Ceriporia mellita,13
Chrysosplenium,13
Cladonia foliacea,13
Clavaria crosslandii,13
Clavulinopsis,13
Colletotrichum fuscum,13
Coniochaeta leucoplaca,13
Coniothyrium equiseti,13
Conocybe moseri,13
Coprinopsis stangliana,13
Coprinopsis utrifer,13
Cornus sericea,13
Coronophora gregaria,13
Cortinarius castaneus,13
Cortinarius fulvosquamosus,13
Cortinarius leucoluteolus,13
Cortinarius triformis,13
Cribraria intricata,13
Cribraria macrocarpa,13
Ctenomyces serratus,13
Cucurbita,13
Cyrtidula quercus,13
Cystoderma simulatum,13
Cytospora lauri,13
Daldinia,13
Diatrypella,13
Diderma montanum,13
Didymella epilobii,13
Diplodia rubi,13
Discinella margarita,13
Ditiola radicata,13
Doassansia alismatis,13
Echinops,13
Endophragmiella ovoidea,13
Entoloma chloropolium,13
Entoloma dichroum,13
Entoloma dysthaloides,13
Entoloma parkensis,13
Entoloma ventricosum,13
Entomophaga grylli,13
Entyloma dahliae,13
Eucalyptus gunnii,13
Eutypa ulicis,13
Frullania dilatata,13
Gliomastix roseogrisea,13
Gorgoniceps micrometra,13
Graphium,13
Gunnera,13
Hapalocystis bicaudata,13
Helicodendron conglomeratum,13
Hemimycena,13
Hemimycena gracilis,13
Herpobasidium filicinum,13
Heuchera,13
Hyalopeziza trichodea,13
Hydropus inopinatus,13
Hymenelia lacustris,13
Hymenopsis typhae,13
Hypericum hircinum,13
Hypericum maculatum x perforatum = H. x desetangsii,13
Hyphoderma medioburiense,13
Hypocopra equorum,13
Hysterobrevium smilacis,13
Ilyonectria radicicola,13
Inocybe catalaunica,13
Knautia macedonica,13
Lamium,13
Lapsana,13
Lecanographa lyncea,13
Lepiota helveola,13
Lepista glaucocana,13
Leptoporus mollis,13
Leptosporomyces septentrionalis,13
Licea castanea,13
Licea testudinacea,13
Lichenoconium lecanorae,13
Lysimachia arvensis,13
Macrophoma fraxini,13
Mazzantia galii,13
Micarea prasina,13
Microglossum fuscorubens,13
Microthyrium hederae,13
Mollisia poaeoides,13
Mortierella alpina,13
Morus nigra,13
Mycosphaerella escalloniae,13
Mycosphaerella pomi,13
Myrica,13
Nephroma laevigatum,13
Oidiodendron tenuissimum,13
Oncopodiella trigonella,13
Pachnocybe albida,13
Pachycnemia hippocastanaria,13
Papaver,13
Paraphaeosphaeria vectis,13
Penicillium janczewskii,13
Peniophora lilacea,13
Peniophorella tsugae,13
Periconiella ilicis,13
Peronospora agrostemmatis,13
Pertusaria coccodes,13
Pestalotiopsis disseminata,13
Peziza brunneoatra,13
Phoma sambuciphila,13
Phyllosticta japonica,13
Phyllosticta mahoniicola,13
Phyllosticta opuli,13
Physalospora scirpi,13
Physconia enteroxantha,13
Physconia perisidiosa,13
Picea breweriana,13
Polypodium,13
Poria,13
Preussia vulgaris,13
Primula,13
Protoblastenia calva,13
Prunus serotina,13
Pseudomassaria sepincoliformis,13
Pulmonaria,13
Pyrenochaeta nobilis,13
Pyrenophora chaetomioides,13
Ramalina siliquosa,13
Ramariopsis minutula,13
Ricasolia amplissima,13
Rimbachia neckerae,13
Rosa cv.,13
Russula renidens,13
Russula vinosobrunnea,13
Russula vinosopurpurea,13
Sarcopodium tortuosum,13
Schizoxylon berkeleyanum,13
Sciurus carolinensis,13
Scopulariopsis brevicaulis,13
Scrophularia umbrosa,13
Senecio inaequidens,13
Septofusidium herbarum,13
Septoria escalloniarum,13
Septoria exotica,13
Sistotrema pistilliferum,13
Sorbus domestica,13
Spadicoides xylogena,13
Spiraea japonica,13
Sporobolomyces,13
Taeniolella plantaginis,13
Thalloidima sedifolium,13
Thecotheus rivicola,13
Tolypocladium longisegmentatum,13
Torrubiella albotomentosa,13
Tricholoma guldeniae,13
Tubulicrinis propinquus,13
Tulosesus subimpatiens,13
Umbilicaria cylindrica,13
Valsaria cincta,13
Veronica longifolia,13
Verrucaria,13
Achlya colorata,12
Acorus calamus,12
Agaricus lateoalbus,12
Agrostis canina,12
Agyrium rufum,12
Aleuria luteonitens,12
Alopecurus myosuroides,12
Alternaria brassicae,12
Anthostoma decipiens,12
Apiospora hysterina,12
Arthonia apotheciorum,12
Arthonia diploiciae,12
Arthonia vinosa,12
Arthrinium,12
Arvicola amphibius,12
Ascobolus elegans,12
Ascochyta ari,12
Ascochyta chenopodii,12
Ascochyta molleriana,12
Ascophanus cinerellus,12
Astrantia major,12
Athelopsis galzinii,12
Balsamia vulgaris,12
Barrmaelia oxyacanthae,12
Berula erecta,12
Blumeria graminicola,12
Brassicaceae,12
Calicium glaucellum,12
Calycina scolochloae,12
Capnodium tiliae,12
Capronia moravica,12
Carex muricata,12
Cephalotheca sulfurea,12
Cerastium arvense,12
Ceriporiopsis mucida,12
Cetraria islandica,12
Chaetocalathus craterellus,12
Chaetomium,12
Chaetomium thermophilum,12
Chaetopsis grisea,12
Chloridium,12
Cistella hungarica,12
Coleophoma,12
Coleroa alchemillae,12
Collaria lurida,12
Conocybe aurea,12
Coprinopsis krieglsteineri,12
Coprinopsis tigrinella,12
Cortinarius myrtillinus,12
Cota austriaca,12
Crocicreas gramineum,12
Cryptocoryneum hysterioides,12
Cryptodiscus libertianus,12
Cryptosporella corylina,12
Cyathicula tomentosa,12
Cystolepiota fumosifolia,12
Dacrymyces,12
Danthonia decumbens,12
Dematophora necatrix,12
Dendrothele griseocana,12
Diaporthe revellens,12
Dicksonia antarctica,12
Dictyochaeta setosa,12
Diderma asteroides,12
Didymascella thujina,12
Didymella commanipula,12
Didymium trachysporum,12
Didymium verrucisporum,12
Diplophlyctis sarcoptoides,12
Dothidea sambuci,12
Durella macrospora,12
Eleogiton fluitans,12
Entoloma hispidulum,12
Entoloma sarcitum,12
Entyloma matricariae,12
Erysiphe ulmi,12
Exidia cartilaginea,12
Flammulaster,12
Funaria,12
Fusarium sporotrichioides,12
Galerina cerina,12
Geoglossum uliginosum,12
Geum,12
Glonium nitidum,12
Gyromitra ancilis,12
Hebeloma circinans,12
Hebeloma nigellum,12
Helicobasidium longisporum,12
Helicoon fuscosporum,12
Helvella,12
Hemimycena crispata,12
Hendersonia culmicola,12
Hendersonia sarmentorum,12
Hohenbuehelia reniformis,12
Hygrophorus cinereus,12
Hylotelephium spectabile,12
Hymenoscyphus serotinus,12
Hypericum elodes,12
Hyphodontia incrustata,12
Hypochnicium cremicolor,12
Hypomyces perniciosus,12
Inocybe cryptocystis,12
Inocybe impexa,12
Inocybe leptocystis,12
Inocybe pseudoasterospora,12
Inocybe pyriodora,12
Inocybe tabacina,12
Inocybe vulpinella,12
Kirschsteiniothelia aethiops,12
Lepiota obscura,12
Lepista luscina,12
Leptosphaeria pratensis,12
Leptothyrium alneum,12
Lichenopeltella palustris,12
Lophodermium abietis,12
Lophodermium alpinum,12
Lophodermium nanakii,12
Lophomerum rhododendri,12
Lulworthia medusa,12
Lupinus polyphyllus,12
Lyophyllum konradianum,12
Melampsora orchidis-repentis,12
Melampsora ribesii-viminalis orth. var.,12
Melanoleuca graminicola,12
Mentha spicata x suaveolens = M. x villosa,12
Merismodes bresadolae,12
Microbotryum coronariae,12
Miriquidica leucophaea,12
Mnium,12
Mollisia cirsiicola,12
Mollisia graminea,12
Mollisia uda,12
Monodictys levis,12
Mortierella minutissima,12
Mortierella parvispora,12
Multiclavula vernalis,12
Mycena alphitophora,12
Mycoacia bispora,12
Mycosphaerella stemmatea,12
Myrtus communis,12
Nectriella dacrymycella,12
Neofusicoccum ribis,12
Neohelicosporium griseum,12
New Forest Pony,12
Niptera melatephroides,12
Nodulisporium,12
Octospora rubens,12
Oenothera biennis,12
Ophiocordyceps entomorrhiza,12
Orthilia secunda,12
Parmelina tiliacea,12
Patellariopsis atrovinosa,12
Pectenia plumbea,12
Pelargonium,12
Penicillium camemberti,12
Penicillium spinulosum,12
Peronospora anemones,12
Peronospora meliloti,12
Peronospora pulveracea,12
Petractis clausa,12
Pezicula scoparia,12
Pezoloma iodocyanescens,12
Phaeoclavulina macrospora,12
Phaeohelotium,12
Phaeosphaeria culmorum,12
Phaeosphaeria juncina,12
Phanerochaete deflectens,12
Pholiota pinicola,12
Phomatospora arenaria,12
Phomopsis araucariae,12
Phyllosticta primulicola,12
Phyllosticta ulmi,12
Physarum globuliferum,12
Physarum mutabile,12
Physarum nitens,12
Phytophthora ilicis,12
Pilobolus longipes,12
Pilobolus umbonatus,12
Pithya cupressina,12
Pleurotheciopsis pusilla,12
Populus nigra cv.,12
Protopannaria pezizoides,12
Psathyrella cortinarioides,12
Pseudoseptoria donacis,12
Pseudovalsa umbonata,12
Psilachnum rubrotinctum,12
Psilocybe apelliculosa,12
Pterula subulata,12
Puccinia horiana,12
Puccinia perplexans,12
Puccinia silai,12
Pyrenodesmia variabilis,12
Pyrenopeziza artemisiae,12
Quercus frainetto,12
Rheum palmatum x rhaponticum = R. x hybridum,12
Rhizophydium gibbosum,12
Rhopalomyces magnus,12
Rhytidiadelphus loreus,12
Rinodina roboris,12
Rugosomyces chrysenteron,12
Russula amoenicolor,12
Russula fontqueri,12
Russula fragrantissima,12
Salvia verbenaca,12
Sambucus ebulus,12
Sclerotium,12
Scutellinia citrina,12
Scutellinia decipiens,12
Scytinium schraderi,12
Septoria galeopsidis,12
Septoria quevillensis,12
Sirobasidium brefeldianum,12
Skimmia japonica,12
Sordaria lappae,12
Spiculogloea occulta,12
Splanchnonema foedans,12
Stagonospora,12
Stagonospora atriplicis,12
Stemonitis nigrescens,12
Stemonitis smithii,12
Sticta limbata,12
Stilbum vulgare,12
Synchytrium anemones,12
Thalictrum alpinum,12
Thlaspi arvense,12
Trematosphaeria clarkii,12
Tricholoma colossus,12
Tulasnella interrogans,12
Unguicularia,12
Uromyces dianthi,12
Usnea cornuta,12
Valsa intermedia,12
Verrucaria coerulea,12
Wakefieldia macrospora,12
Wettsteinina,12
Xenosperma ludibundum,12
Abies nordmanniana,11
Achroomyces,11
Aesculus indica,11
Agaricomycetes,11
Amaranthus,11
Amerosporium polynematoides,11
Anemone,11
Anthracoidea scirpi,11
Araucaria,11
Ascophyllum nodosum,11
Athelia acrospora,11
Balsamia platyspora,11
Basidiodendron pulvereum,11
Basidiodendron rimosum,11
Biatoropsis usnearum,11
Bispora betulina,11
Blitum bonus-henricus,11
Bloxamia truncata,11
Botryosphaeria festucae,11
Botryosporium diffusum,11
Bryoscyphus dicrani,11
Bryum,11
Bryum capillare,11
Calycella lenticularis,11
Candelaria concolor,11
Candelariella xanthostigma,11
Carex dioica,11
Ceratellopsis acuminata,11
Ceriporia spissa,11
Chaetosphaeria preussii,11
Chlorociboria,11
Chromosera lilacina,11
Chytridiomycetes,11
Cladosporium aecidiicola,11
Cladosporium allicinum,11
Coccomyces tumidus,11
Cochlearia officinalis,11
Coniochaeta malacotricha,11
Coprinellus curtus,11
Corticifraga fuckelii,11
Cortinarius argutus,11
Cortinarius cedretorum,11
Cortinarius citrinus,11
Cortinarius dionysae,11
Cortinarius elegantior,11
Cortinarius humicola,11
Cortinarius iliopodius,11
Cortinarius impolitus,11
Cortinarius lucorum,11
Cortinarius tofaceus,11
Crepis biennis,11
Cryptocline taxicola,11
Cupressus pisifera,11
Cupressus x Xanthocyparis = X Cuprocyparis,11
Cyathicula complicata,11
Cyclaneusma niveum,11
Cylindrium cordae,11
Cylindrodendrum album,11
Cytospora,11
Dacrymyces enatus,11
Dactylella microaquatica,11
Dasyscyphus aeruginellus,11
Dasyscyphus sydowii,11
Deconica merdicola,11
Dendrospora,11
Dianthus caryophyllus,11
Diaporthe insignis,11
Dicranum scoparium,11
Diderma chondrioderma,11
Didymella bryoniae,11
Diplococcium clarkii,11
Diplodia taxi,11
Dothiorella candollei,11
Elymus,11
Endophragmiella lauri,11
Entoloma cuspidiferum,11
Entoloma griseorubellum,11
Entoloma ochromicaceum,11
Entoloma placidum,11
Entomophthora culicis,11
Erigeron canadensis,11
Erysiphe magnifica,11
Euphrasia arctica,11
Exidiopsis,11
Forsythia,11
Fragaria ananassa,11
Fumaria muralis,11
Fuscoporia wahlbergii,11
Fusicladium britannicum,11
Galeopsis bifida,11
Geohypha terrestris,11
Geranium lucidum,11
Geranium sanguineum,11
Gloeocystidiellum,11
Golovinomyces riedlianus,11
Golovinomyces salviae,11
Golovinomyces vincae,11
Gyalecta jenensis,11
Gymnopilus flavus,11
Gyrodon rubellus,11
Haplobasidion thalictri,11
Henningsomyces puber,11
Heterodermia japonica,11
Heyderia pusilla,11
Hieracium sect. Sabauda,11
Hyaloscypha vitreola,11
Hydnobolites cerebriformis,11
Hygrophoropsis pallida,11
Hymenogaster hessei,11
Hymenoscyphus geogenum,11
Hypholoma,11
Hypochnicium wakefieldiae,11
Hysteropezizella diminuens,11
Inocybe vaccina,11
Jamesdicksonia dactylidis,11
Keissleriella pinicola,11
Kneiffiella abieticola,11
Kriegeriella minuta,11
Lactarius sanguifluus,11
Lambdasporium viridense,11
Lamiaceae,11
Lecania turicensis,11
Lecanora intricata,11
Lecanora intumescens,11
Leptosphaeria aggregata,11
Leptosphaeria modesta,11
Leucopaxillus paradoxus,11
Licea pygmaea,11
Lichenomphalia,11
Lichina confinis,11
Lophiotrema rubi,11
Massarina igniaria,11
Massarina microcarpa,11
Melanostoma scalare,11
Metasequoia glyptostroboides,11
Meum athamanticum,11
Microbotryum marginale,11
Monacrosporium subtile,11
Monodictys,11
Morenoina websteri,11
Mortierella,11
Mycocalia minutissima,11
Mycocalia sphagneti,11
Mycosphaerella crataegi,11
Mycosphaerella filicum,11
Mytilinidion decipiens,11
Nagrajchalara strobilina,11
Nardus,11
Natantiella ligneola,11
Niptera melanophaea,11
Nodulosphaeria fruticum,11
Octospora similis,11
Oligotrichum hercynicum,11
Oliveonia citrispora,11
Pannaria conoplea,11
Parmotrema crinitum,11
Peronospora aquilegiicola,11
Peronospora stigmaticola,11
Pestalotiopsis monochaetioides,11
Petunia axillaris x integrifolia = P. x hybrida,11
Pezicula houghtonii,11
Pezicula sporulosa,11
Peziza pseudoviolacea,11
Pezizella epithallina,11
Phaeosphaeria,11
Phaseolus vulgaris,11
Phialea,11
Philadelphus,11
Phlox paniculata,11
Phomatospora,11
Phomopsis calystegiae,11
Phomopsis cruciferae,11
Phomopsis hysteriola,11
Phyllosticta mercurialis,11
Phyllosticta rhodorae,11
Physarum decipiens,11
Phytophthora cactorum,11
Phytophthora cryptogea,11
Pilobolus oedipus,11
Pinus ponderosa,11
Piptocephalis fimbriata,11
Plasmopara muralis,11
Plenodomus lingam,11
Preussia bipartis,11
Preussia borealis,11
Protoventuria arxii,11
Psathyrella flexispora,11
Psathyrella impexa,11
Psathyrella rostellata,11
Psathyrella vinosofulva,11
Pseudocenangium succineum,11
Pseudoomphalina pachyphylla,11
Psilachnum,11
Psilachnum tami,11
Puccinia leontodontis,11
Pulvinula miltina,11
Pyrenopeziza depressuloides,11
Ramularia archangelicae,11
Ramularia coccinea,11
Ramularia major,11
Rhododendron luteum,11
Rhopalomyces elegans,11
Rinodina exigua,11
Robinia,11
Rubus saxatilis,11
Rusavskia elegans,11
Russula rhodomelanea,11
Rutola graminis,11
Rutstroemia henningsiana,11
Salix caprea x cinerea = S. x reichardtii,11
Saprolegnia monoica,11
Sarea difformis,11
Schizothecium glutinans,11
Scytinium turgidum,11
Septoria chrysanthemella,11
Septoria melissae,11
Septoria paeoniae,11
Septoria primulae,11
Skyttea gregaria,11
Skyttea nitschkei,11
Solorina saccata,11
Spadicoides bina,11
Sphaeria,11
Sphaerodes fimicola,11
Spilocaea pyracanthae,11
Splanchospora ampullacea,11
Sporendocladia fumosa,11
Sporidesmium cambrense,11
Sporidesmium coronatum,11
Stachys arvensis,11
Stanjehughesia larvata,11
Stereocaulon dactylophyllum,11
Stictis elongatispora,11
Stropharia melanosperma,11
Syrphidae,11
Taeniolella,11
Taphrina ulmi,11
Tephrocybe striipilea,11
Thelonectria discophora,11
Thermoascus crustaceus,11
Thermothielavioides terrestris,11
Tomentella microspora,11
Torula ovalispora,11
Trapeliopsis pseudogranulosa,11
Trichoderma britannicum,11
Trichoderma koningii,11
Trichoderma longibrachiatum,11
Trichoglossum variabile,11
Trisetum flavescens,11
Tubaria minutalis,11
Tuber dryophilum,11
Tulasnella anguifera,11
Tumularia tuberculata,11
Tyromyces,11
Umbilicaria polyrrhiza,11
Uromyces tinctoriicola,11
Vinca,11
Vulpia bromoides,11
Wentiomyces sibiricus,11
Zignoella,11
Abies homolepis,10
Abrothallus bertianus,10
Acrostalagmus albus,10
Actidium hysterioides,10
Agrostis gigantea,10
Akanthomyces lecanii,10
Alchemilla filicaulis,10
Alnecium auctum,10
Alternaria solani,10
Amorphotheca resinae,10
Anthostomella conorum,10
Antrodia,10
Arctium nemorosum,10
Arenaria serpyllifolia,10
Arthrorhaphis citrinella,10
Ascochyta graminicola,10
Ascochyta pisi,10
Ascochyta tenerrima,10
Asteromassaria macrospora,10
Athelia,10
Atriplex,10
Avena,10
Bactrodesmium spilomeum,10
Belonium psammicola,10
Bidens cernua,10
Bolbitius variicolor,10
Botryobasidium,10
Botryosphaeria hyperborea,10
Brachythecium rutabulum,10
Bremia cirsii,10
Bullera,10
Calamagrostis,10
Calycella ferruginea,10
Calystegia soldanella,10
Camarosporium,10
Camarosporium lauri,10
Capnodium salicinum,10
Capronia pulcherrima,10
Carex otrubae,10
Cenangium acuum,10
Ceratodon purpureus,10
Cercospora loti,10
Cercospora zebrina,10
Ceriospora polygonacearum,10
Cerothallia luteoalba,10
Chaetocladium jonesiae,10
Cheilymenia megaspora,10
Ciboria alni,10
Ciboria rufofusca,10
Cichorium intybus,10
Circinaria hoffmanniana,10
Cladorrhinum olerum,10
Clitocybe hydrogramma,10
Colletotrichum typhae,10
Collybiopsis villosipes,10
Colpoma crispum,10
Conocybe anthracophila,10
Conocybe subpallida,10
Coprinopsis filamentifera,10
Coprotus aurora,10
Corticium,10
Cortinarius alpinus,10
Cortinarius arcuatorum,10
Cortinarius aureomarginatus,10
Cortinarius croceoconus,10
Cortinarius dibaphus,10
Cortinarius nymphicolor,10
Cortinarius roseipes,10
Cortinarius suillonigrescens,10
Cortinarius suillus,10
Cryptodiscus foveolaris,10
Cryptomycina pteridis,10
Cuphophyllus lepidopus,10
Cylindrocarpon ianthothele,10
Cytospora occulta,10
Dencoeliopsis johnstonii,10
Dennisiodiscus virescentulus,10
Dermoloma,10
Didymosphaeria futilis,10
Dothiora taxicola,10
Drepanopeziza schoenicola,10
Elaphomyces anthracinus,10
Encoelia glaberrima,10
Endophragmiella taxi,10
Entoloma madidum,10
Entoloma nigellum,10
"Entoloma phaeocyathum non Entoloma triste (Velen.) Noordel., 1979",10
Entorrhiza raunkiaeriana,10
Epicoccum,10
Erastia salmonicolor,10
Exosporiella fungorum,10
Fellhaneropsis vezdae,10
Fuligo gyrosa,10
Galerina hypophaea,10
Galerina subcerina,10
Geastrum,10
Geastrum elegans,10
Genista tinctoria,10
Geopora sepulta,10
Glechoma,10
Globisporangium proliferum,10
Gloeosporidiella turgida,10
Glyceria declinata,10
Gnomonia alnea,10
Gnomoniella tubaeformis,10
Gorgoniceps aridula,10
Grimmia pulvinata,10
Hansfordia pulvinata,10
Hebeloma pseudoamarescens,10
Helianthus,10
Helicoon richonis,10
Helminthosphaeria hyphodermae,10
Hemitrichia serpula,10
Hyaloperonospora sisymbrii-loeselii,10
Hyaloscypha bulbopilosa,10
Hydropotes inermis,10
Hymenochaete cruenta,10
Hymenoscyphus nitidulus,10
Hymenoscyphus paradoxus,10
Hypericum humifusum,10
Hypericum tetrapterum,10
Hyphodontia latitans,10
Hypochnicium,10
Hypomyces,10
Hyponectria cookeana,10
Hysterostegiella lauri,10
Incrucipulum virtembergense,10
Inocybe fulvella,10
Inocybe inodora,10
Keissleriella ocellata,10
Kindbergia praelonga,10
Lachnellula,10
Lachnellula pseudofarinacea,10
Lachnum fasciculare,10
Lachnum rehmii,10
Lactarius rostratus,10
Lamprospora astroidea,10
Lathyrus nissolia,10
Lavandula,10
Lavatera,10
Lecanora,10
Lecidea lactea,10
Lepraria caesioalba,10
Leptosphaeria rubella,10
Leptostroma herbarum,10
Leptotrochila repanda,10
Leucocoprinus,10
Lichenopeltella fimbriata,10
Lichina pygmaea,10
Lobatopedis foliicola,10
Lophodermium neesii,10
Lycoperdon atropurpureum,10
Lycoperdon non Tourn. ex L.,10
Lysimachia nemorum,10
Melampsora repentis,10
Melampsoridium,10
Melanohalea elegantula,10
Melastiza flavorubens,10
Membranomyces delectabilis,10
Microbotryum silenes-acaulis,10
Mollisia heterosperma,10
Monilinia mespili,10
Monodictys melanopa,10
Morenoina epilobii,10
Mucor genevensis,10
Muscari,10
Mycena ammoniaca,10
Myriangium duriaei,10
Myxomycetes,10
Narthecium ossifragum,10
Nectriopsis rubefaciens,10
Nectriopsis tubariicola,10
Ophiognomonia melanostyla,10
Orbilia carpoboloides,10
Orbilia euonymi,10
Oxyporus corticola,10
Panaeolus antillarum,10
Peltigera collina,10
Peltigera polydactylon,10
Penttilamyces romellii,10
Peronospora trifolii-arvensis,10
Peronospora valerianae,10
Pezicula frangulae,10
Phlebia cretacea,10
Phoma deusta,10
Phoma leguminum,10
Phomopsis elliptica,10
Phyllactinia marissalii,10
Physarum citrinum,10
Phytophthora cyperi,10
Pilidium concavum,10
Pistillaria corallina,10
Plagiostoma lugubre,10
Pleurosticta acetabulum,10
Pocillum,10
Podosphaera lini,10
Pogonatum urnigerum,10
Polyporales,10
Populus x canadensis 'Serotina',10
Poriales,10
Potentilla anglica,10
Protoblastenia incrustans,10
Protocrea pallida,10
Psathyrella atomata,10
Psathyrella trepida,10
Pseudoomphalina graveolens,10
Pseudosperma umbrinellum,10
Pteridiospora scoriadea,10
Puccinia triticina,10
Puccinia urticae-acutae,10
Pyrenophora biseptata,10
Pyrenula chlorospila,10
Pythium uladhum,10
Ramularia,10
Ramularia collo-cygni,10
Ramularia episphaeria,10
Ramularia rhei,10
Raphanus raphanistrum,10
Rhizocarpon advenulum,10
Rhodesia subtecta,10
Rhymbocarpus cruciatus,10
Rinodina sophodes,10
Romjularia lurida,10
Roumegueriella rufula,10
Rubus vestitus,10
Rumex obtusifolius x sanguineus = R. x dufftii,10
Russula cavipes,10
Russula galochroa,10
Russula gilvescens,10
Russula nuoljae,10
Russula pseudoaffinis,10
Salix phylicifolia,10
Saxifraga granulata,10
Schoenus nigricans,10
Sclerotinia,10
Scutellinia nigrohirtula,10
Scutomollisia,10
Senecio sarracenicus,10
Septoria minuta,10
Sesleria caerulea,10
Smardaea amethystina,10
Sporidesmiella parva,10
Sporidesmium,10
Sporidesmium cookei,10
Sporormiella ovina,10
Stagonospora luzulae,10
Stanjehughesia hormiscioides,10
Stemonitopsis gracilis,10
Strigiformes,10
Subramaniomyces fusisaprophyticus,10
Sus scrofa,10
Taphrina filicina,10
Taphrina rhizophora,10
Taphrophila trichella,10
Thyrinula eucalyptina,10
Tomentella subclavigera,10
Torilis nodosa,10
Trechispora byssinella,10
Trichia chrysosperma,10
Trichoderma minutisporum,10
Tricholoma alboconicum,10
Trichophorum,10
Tricladium varium,10
Triglochin maritima,10
Tuber brumale,10
Tulosesus cinnamomeotinctus,10
Tulosesus heterothrix,10
Typhula sclerotioides,10
Unguicularia dilatopilosa,10
Ustilago serpens,10
Vaccinium uliginosum,10
Venturia minuta,10
Venturia populina,10
Venturia potentillae,10
Verrucaria elaeina,10
Weddellomyces epicallopisma,10
Wilsoniana bliti,10
Xanthomendoza fulva,10
Zygorhizidium cystogenum,10
Acaulopage tetraceros,9
Agaricaceae,9
Agrostemma githago,9
Albugo,9
Albugo trianthemae,9
Allium triquetrum,9
Alnicola spadicea,9
Amanita nauseosa,9
Amyloxenasma grisellum,9
Anatidae,9
Annulohypoxylon stygium,9
Anthoxanthum,9
Aphanobasidium bourdotii,9
Arthonia didyma,9
Arthrinium caricicola,9
Arthrobotrys conoides,9
Arthrobotryum stilboideum,9
Ascobolus behnitziensis,9
Ascochyta armoraciae,9
Ascochyta caulina,9
Athelia salicum,9
Bacidina phacodes,9
Bactrodesmiella masonii,9
Bagliettoa calciseda,9
Beta,9
Betula papyrifera,9
Bidens tripartita,9
Bolbitius coprophilus,9
Bolbitius lacteus,9
Bombardia bombarda,9
Botrytis,9
Botrytis calthae,9
Brachysporium oosporum,9
Bromus racemosus,9
Cainiella johansonii,9
Calendula,9
Camarosporidiella elongata,9
Candelariella coralliza,9
Cardamine,9
Carex bigelowii,9
Carex hostiana,9
Carex pilulifera,9
Ceraceomyces eludens,9
Cercospora,9
Cercospora moravica,9
Cercosporella jaapiana,9
Ceriporia aurantiocarnescens,9
Chalara fusidioides,9
Chloroscypha cryptomeriae,9
Ciborinia,9
Cirrenalia lignicola,9
Cirrenalia macrocephala,9
Cladonia caespiticia,9
Clavaria inaequalis,9
Clinopodium,9
Collybia conigena,9
Coltricia confluens,9
Coniophora fusispora,9
Coniothyrium obiones,9
Conocybe rostellata,9
Conocybe watlingii,9
Coprinopsis pachysperma,9
Coprinopsis scobicola,9
Coronophora angustata,9
Coronophora annexa,9
Cortinarius bergeronii,9
Cortinarius crassus,9
Cortinarius croceofulvus,9
Cortinarius damascenus,9
Cortinarius malachioides,9
Cortinarius paragaudis,9
Cortinarius praestans,9
Cortinarius punctatiformis,9
Cortinarius saginus,9
Cortinarius stemmatus,9
Cortinarius xantho-ochraceus,9
Coryneopsis microsticta,9
Corynesporopsis quercicola,9
Cotylidia undulata,9
Crassochaeta fusispora,9
Crepidotus inhonestus,9
Crustoderma dryinum,9
Cryptodiscus pini,9
Cyathicula littoralis,9
Dactylorhiza maculata,9
Daldinia decipiens,9
Dasyscyphella castaneicola,9
Deconica,9
Delitschia marchalii,9
Dermatocarpon luridum,9
Diaporthe carpini,9
Diaporthe scandens,9
Diaporthopsis sepium,9
Dinemasporium cytisporoides,9
Diplodia,9
Echinoderma carinii,9
Echinostelium elachiston,9
Efibulobasidium albescens,9
Elongisporangium undulatum,9
Emericellopsis terricola,9
Encoelia siparia,9
Entoloma bisporigerum,9
Entoloma niphoides,9
Entoloma tjallingiorum,9
Entyloma cosmi,9
Epibryon pogonati-urnigeri,9
Erigeron sumatrensis,9
Erysiphe catalpae,9
Erysiphe pulchra,9
Eucalyptus pauciflora,9
Exobasidium rhododendri,9
Fagus sylvatica group 'Heterophylla',9
Festuca vivipara,9
Filosporella annelidica,9
Flagelloscypha faginea,9
Flammulaster siparius,9
Foeniculum vulgare,9
Fusarium poae,9
Fuscidea kochiana,9
Galera,9
Galerina albotomentosa,9
Geotrichum candidum,9
Gibbera vaccinii,9
Gliocladium luteolum,9
Glomus fuegianum,9
Gnomonia leightonii,9
Golovinomyces latisporus,9
Goodyera repens,9
Gorgoniceps charnwoodensis,9
Gymnopilus decipiens,9
Gymnopilus picreus,9
Gyrographa gyrocarpa,9
Gyrothrix verticillata,9
Harpophora graminicola,9
Hauerslevia pulverulenta,9
Hebeloma lutense,9
Hebeloma populinum,9
Helianthus tuberosus,9
Helicoon pluriseptatum,9
Helleborus argutifolius,9
Hemimycena pseudocrispula,9
Hemimycena pseudolactea,9
Hodophilus variabilipes,9
Humicola,9
Hyaloperonospora dentariae,9
Hyaloperonospora praecox,9
Hydnellum compactum,9
Hydnellum gracilipes,9
Hymenoscyphus humuli,9
Hymenoscyphus subferrugineus,9
Hyphoderma obtusum,9
Hyphodontia,9
Hysteronaevia olivacea,9
Inocybe paludinella,9
Inocybe rufoalba,9
Iris germanica,9
Ityorhoptrum verruculosum,9
Karstenia,9
Klasterskya acuum,9
Lachnum minutissimum,9
Lactarius insulsus,9
Lactarius lignyotus,9
Lamprospora campylopodis,9
Lasiobelonium nazarovae,9
Lathyrus,9
Leccinum molle,9
Leccinum rigidipes,9
Lepraria neglecta,9
Leptoderma iridescens,9
Leptonia,9
Leptopeltis nebulosa,9
Leptosphaeria pelagica,9
Leptosphaerulina trifolii,9
Leveillula taurica,9
Linaria purpurea,9
Lobarina scrobiculata,9
Lonicera nitida,9
Lophiostoma fuckelii,9
Lunaria,9
Lyophyllum infumatum,9
Marasmius buxi,9
Marcelleina persoonii,9
Matricaria chamomilla,9
Melampsora laricis-pentandrae,9
Melanoleuca oreina,9
Melanoleuca turrita,9
Melanospora longisetosa,9
Melilotus officinalis,9
Mentha suaveolens,9
Metacapnodium juniperi,9
Microcalicium arenarium,9
Mollisia casaresiae,9
Mollisia culmina,9
Mollisia fuscoparaphysata,9
Mollisia rabenhorstii,9
Monodictys cellulosa,9
Morchella vaporaria,9
Morenoina phragmitis,9
Mucor circinelloides,9
Mucor moelleri,9
Mucor plumbeus,9
Myceliophthora thermophila,9
Mycena viridimarginata,9
Mycena vitrea,9
Mycobilimbia sphaeroides,9
Mycosphaerella aspidii,9
Mycosphaerella depazeiformis,9
Mycosylva clarkii,9
Myriostoma coliforme,9
Naucoria sobria,9
Neofabraea malicorticis,9
Neophloeospora maculans,9
Newbya apiculata,9
Nyssopsora echinata,9
Oedohysterium insidens,9
Omphalina demissa,9
Paradiacheopsis rigida,9
Parasola cuniculorum,9
Parasola hercules,9
Parentucellia viscosa,9
Parmeliella thriptophylla,9
Parmelina carporrhizans,9
Parmelina pastillifera,9
Penicillium citrinum,9
Penicillium melinii,9
Periconia cambrensis,9
Peronospora potentillae,9
Peronospora sanguisorbae,9
Peronospora trifolii-hybridi,9
Petasites albus,9
Petroselinum crispum,9
Pezicula coryli,9
Pezizella glareosa,9
Phaeosphaeria avenaria f.sp. tritici,9
Phlebia subserialis,9
Pholiota brunnescens,9
Phoma arundinacea,9
Phomatospora endopteris,9
Phomopsis perniciosa,9
Photinia,9
Phragmoxenidium mycophilum,9
Phyllachora angelicae,9
Phyllosticta cruenta,9
Physalospora alpestris,9
Physcia stellaris,9
Plectophomella concentrica,9
Podosphaera volkartii,9
Podospora granulostriata,9
Podospora pyriformis,9
Polycoccum microsticticum,9
Polycoccum peltigerae,9
Polyporaceae,9
Polyporus cervinus,9
Polyscytalum hareae,9
Populus trichocarpa,9
Pronectria xanthoriae,9
Pseudogymnoascus pannorum,9
Pseudomicrodochium candidum,9
Psilocybe liniformans,9
Pterocarya,9
Puccinia clintonii,9
Puccinia eriophori,9
Puccinia kusanoi,9
Puccinia triseti,9
Pythiopsis cymosa,9
Pyxidiophora microspora,9
Ramularia macrospora,9
Resinicium furfuraceum,9
Rhizocarpon viridiatrum,9
Rhizophydium sphaerotheca,9
Rhizophydium stipitatum,9
Rhododendron ponticum hybrid swarm,9
Rosa mollis,9
Rubia peregrina,9
Rubus lindleianus,9
Russula anatina,9
Russula postiana,9
Russula pseudodelica,9
Russula roseicolor,9
Russula rubra,9
Russula versatilis,9
Russulales,9
Saccobolus caesariatus,9
Sagina,9
Sambucus racemosa,9
Schizothecium pilosum,9
Scleromitrula calthicola,9
Sclerophora pallida,9
Sebacina dimitica,9
Selenosporella curvispora,9
Septogloeum carthusianum,9
Sphaerulina westendorpii,9
Sphinctrina anglica,9
Spirosphaera minuta,9
Sporidesmium socium,9
Sporormiella grandispora,9
Squamarina cartilaginea,9
Stagonospora meliloti,9
Stemonitis foliicola,9
Stilbella clavulata,9
Strigopodia resinae,9
Stropharia halophila,9
Symphytum caucasicum,9
Tapesina griseovitellina,9
Taphrina johansonii,9
Teloschistes chrysophthalmos,9
Tephrocybe putida,9
Teucrium,9
Thalictrum,9
Thecaphora trailii,9
Thermomyces lanuginosus,9
Thymus drucei,9
Tiarosporella paludosa,9
Tilia tomentosa,9
Tomentella viridula,9
Tremella penetrans,9
Trichoderma spinulosum,9
Tricholoma aestuans,9
Tricholoma resplendens,9
Trichophaea albospadicea,9
Trichophaeopsis bicuspis,9
Tsuga canadensis,9
Tuber foetidum,9
Tubeufia,9
Tubeufia cylindrothecia,9
Tulosesus plagioporus,9
Umbilicaria torrefacta,9
Uromyces tuberculatus,9
Veronica anagallis-aquatica,9
Vinca minor,9
"Volvariella reidii non Volvariella parvispora Heinmann, 1975",9
Wisteria,9
Xenomeris nicholsonii,9
Xerocomaceae,9
Xylohypha ferruginosa,9
Zygospermella insignis,9
Acremonium luzulae,8
Agaricus placomyces,8
Albugo leimonia,8
Allophylaria subliciformis,8
Alopecurus geniculatus,8
Alternaria dianthi,8
Althaea,8
Amanita friabilis,8
Amanita nitida,8
Amanita singeri,8
Amerosporium,8
Antherospora scillae,8
Anthostomella limitata,8
Aphanoascus fulvescens,8
Aphanomyces laevis,8
Arecaceae,8
Arnium apiculatum,8
Arthonia ilicina,8
Ascobolus leveillei,8
Ascobolus mancus,8
Ascobolus saccharifer,8
Ascochyta kabatiana,8
Ascochyta medicaginicola,8
Asteroma microspermum,8
Asteromella platanoidis,8
Athelia fibulata,8
Baudoinia compniacensis,8
Bellicidia incompta,8
Belonium nigromaculatum,8
Belonopsis junciseda,8
Beverwykella pulmonaria,8
Blennoria buxi,8
Botryotrichum piluliferum,8
Botrytis paeoniae,8
Bovidae,8
Bremia centaureae,8
Brunnipila calycioides,8
Bryoscyphus atromarginatus,8
Bryoscyphus marchantiae,8
Bryostigma lapidicola,8
Bunium bulbocastanum,8
Calliergonella cuspidata,8
Calonectria,8
Calosphaeria pulchella,8
Campanula rapunculoides,8
Carex ericetorum,8
Catenaria auxiliaris,8
Chaetomella acutiseta,8
Chenopodium,8
Chimaeroscypha,8
Chromosera viola,8
Chrysothrix chrysophthalma,8
Chytriomyces willoughbyi,8
Cistella dentata,8
Cladobotryum verticillatum,8
Cladonia scabriuscula,8
Clavulinopsis rufipes,8
Climacocystis borealis,8
Clitocybe albofragrans,8
Clitocybe foetens,8
Clitocybe frysica,8
Clitocybula lacerata,8
Coleoptera,8
Collema flaccidum,8
Colletotrichum,8
Collybia clusilis,8
Collybiopsis luxurians,8
Colpoma juniperi,8
Conferticium ochraceum,8
Coniothyrium psammae,8
Coprinopsis episcopalis,8
Coprinopsis radicans,8
Coprinopsis tectispora,8
Coprinopsis xenobia,8
Corollospora maritima,8
Corticifraga peltigerae,8
Cortinarius acutispissipes,8
Cortinarius barbatus,8
Cortinarius betulinus,8
Cortinarius cyanopus,8
Cortinarius danicus,8
Cortinarius daulnoyae,8
Cortinarius hinnuloides,8
Cortinarius nanceiensis,8
Cortinarius pseudofallax,8
Cortinarius punctatus,8
Cortinarius tortuosus,8
Cortinarius turmalis,8
Craterium dictyosporum,8
Cribraria mirabilis,8
Cryptocline cinerascens,8
Cryptodiaporthe pyrrhocystis,8
Cylindrocarpon,8
Cylindrocarpon didymum,8
Cylindrotrichum ellisii,8
Cytospora subclypeata,8
Dacrymyces deliquescens,8
Dactylorhiza incarnata,8
Daldinia petriniae,8
Deightoniella,8
Dematophora buxi,8
Dendrostilbella smaragdina,8
Dendrothele,8
Dianthus,8
Diaporthe alnea,8
Diaporthe coneglanensis,8
Diaporthe corni,8
Diaporthe cryptica,8
Diaporthe detrusa,8
Diaporthe perniciosa,8
Dictyochaeta querna,8
Dictyosporium elegans,8
Dictyostelium mucoroides,8
Diderma lucidum,8
Diderma niveum,8
Didymella exigua,8
Didymium listeri,8
Digitodesmium elegans,8
Diplodia herbarum,8
Diplodia melaena,8
Diplodia pyrenophora,8
Diplodia ramulicola,8
Diploschistes muscorum,8
Diplotaxis muralis,8
Dothistroma septosporum,8
Drepanopeziza triandrae,8
Drymochloa sylvatica,8
Echinoderma calcicola,8
Eichleriella kmetii,8
Elsinoe quercus-ilicis,8
Elsinoe rosarum,8
Entoloma luteobasis,8
Entorrhiza scirpicola,8
Epibryon bryophilum,8
Epibryon diaphanum,8
Epichloe festucae,8
Excipularia fusispora,8
Fallopia baldschuanica,8
Formicidae,8
Fujimyces oodes,8
Fumaria,8
Fuscidea praeruptorum,8
Galerina camerina,8
Galerina harrisonii,8
Garrya elliptica,8
Geastrum marginatum,8
Genea fragrans,8
Gibberella,8
Globisporangium debaryanum,8
Glyceria notata,8
Grahamiella dryadis,8
Gymnomyces xanthosporus,8
Gymnopilus odini comb. inval.,8
Gyoerffyella craginiformis,8
Hebeloma eburneum,8
Helicodendron westerdijkiae,8
Helicogloea graminicola,8
Helicoon ellipticum,8
Helvella costifera,8
Hemimycena angustispora,8
Hemitrichia abietina,8
Heterodera schachtii,8
Heterodermia leucomelos,8
Hieracium sabaudum,8
Hyaloscypha effugiens,8
Hydropus,8
Hymenogaster,8
Hyphoderma definitum,8
Hyphoderma macedonicum,8
Hypoderma alpinum,8
Hypomyces tulasneanus,8
Icmadophila ericetorum,8
Imshaugia aleurites,8
Inocybe albovelutipes,8
Inocybe fuscescentipes,8
Inocybe miranda,8
Inocybe tjallingiorum,8
Inosperma kuthanii,8
Inosperma pisciodorum,8
Jasione montana,8
Kickxella alabastrina,8
Laburnum alpinum x anagyroides = L. x watereri,8
Lachnum patulum,8
Lachnum tenuipilosum,8
Lacrymaria glareosa,8
Lalaria tormentillae,8
Lamprospora polytrichi,8
Lasiosphaeria,8
Lathagrium fuscovirens,8
Lathyrus sylvestris,8
Lecanora horiza,8
Leccinum oxydabile,8
Lecidea confluens,8
Lemonniera filiformis,8
Lentinellus flabelliformis,8
Lepiota hispida,8
Lepraria,8
Leptorhaphis epidermidis,8
Leucoagaricus crystallifer,8
Licea pedicellata,8
Licea synsporos,8
Lichenomphalia wallacei,8
Lichenostigma maureri,8
Lobulomyces poculatus,8
Lophiostoma desmazieri,8
Lophiostoma macrostomoides,8
Lophiotrema,8
Lupinus arboreus,8
Macgarvieomyces juncicola,8
Malva pusilla,8
Melanocarpus albomyces,8
Melanogaster variegatus,8
Melanomma,8
Meles meles,8
Mentha aquatica x spicata = M. x piperita,8
Metasphaeria avenae,8
Microglossum rufescens,8
Microglossum tenebrosum,8
Monotosporella tuberculata,8
Morenoina fimbriata,8
Morenoina minuta,8
Mucronella flava,8
Myceliophthora sepedonium,8
Mycena concolor,8
Mycosphaerella polygramma,8
Myrothecium carmichaelii,8
Myrothecium inundatum,8
Naemacyclus caulium,8
Nectria ellisii,8
Neottia ovata,8
Newbya androgyna,8
Newbya oblongata,8
Newbya oligocantha,8
Oidiodendron griseum,8
Orbilia inflatula,8
Pachyphiale carneola,8
Pachyphlodes melanoxantha,8
Pandora echinospora,8
Parasola,8
Parastagonospora avenae,8
Parasympodiella clarkii,8
Parmelia discordans,8
Parmotrema reticulatum,8
Parnassia palustris,8
Paxillus olivellus,8
Pericallis hybrida,8
Periconia curta,8
Peronospora crispula,8
Peronospora leptoclada,8
Persicaria,8
Peziza megalochondra,8
Phanerochaete,8
Phialophora,8
Philonthus varians,8
Phlebia,8
Phomopsis euphorbiae,8
Phomopsis rusci,8
Phomopsis tinea,8
Phyllosticta camelliae,8
Phyllosticta concentrica,8
Phyllosticta lauri,8
Phyllosticta rhamnicola,8
Phyllosticta syringae,8
Physarum conglomeratum,8
Physoderma pulposum,8
Picea pungens,8
Pilobolus lentiger,8
Pinus peuce,8
Pleospora androsaces,8
Pleospora vitalbae,8
Poa glauca,8
Polyscytalum fagicola,8
Polyscytalum truncatum,8
Primula farinosa,8
Protomerulius,8
Psathyrella atomatoides,8
Pseudomassaria chondrospora,8
Pseudombrophila deerrata,8
Pseudoscleropodium purum,8
Psilocybe,8
Psilocybe atrobrunnea,8
Puccinia heucherae,8
Puccinia nemoralis,8
Puccinia sorghi,8
Puccinia uliginosa,8
Pucciniastrum goodyerae,8
Pustula spinulosa,8
Pyrenopeziza oenanthes,8
Pyrenophora graminea,8
Racomitrium lanuginosum,8
Ramsbottomia lamprosporoidea,8
Ramularia alismatis,8
Ramularia beccabungae,8
Ramularia rosea,8
Ramularia saxifragae,8
Readeriella mirabilis,8
Rectipilus fasciculatus,8
Repetophragma lignicola,8
Rhamphoria pyriformis,8
Rheum x rhabarbarum,8
Rhizidium richmondense,8
Rhizomorpha subcorticalis,8
Rhynchobrunnera orthospora,8
Rubus altiarcuatus,8
Russula minutula,8
Russula pungens,8
Saccobolus beckii,8
Salix lapponum,8
Saprolegnia hypogyna,8
Saprolegnia monilifera,8
Schizothecium nanum,8
Schizothyrioma aterrimum,8
Scirpus,8
Scirrhia agrostidis,8
Sclerococcum bloxamii,8
Sclerococcum parellarium,8
Scopinella barbata,8
Scutellinia patagonica,8
Scutomollisia integromarginata,8
Scytinium teretiusculum,8
Sempervivum,8
Septoria alnicola,8
Septoria veronicae,8
Septosperma rhizophydii,8
Sinapis alba,8
Skeletocutis nemoralis,8
Sphagnum squarrosum,8
Spirographa lichenicola,8
Splanchnonema platani,8
Sporendocladia truncata,8
Stemphylium sarciniforme,8
Stemphylium vesicarium,8
Stigmidium congestum,8
Stigmidium peltideae,8
Stomiopeltis dryadis,8
Strattonia carbonaria,8
Striaticonidium cinctum,8
Symphytocarpus confluens,8
Syzygospora pallida,8
Talaromyces funiculosus,8
Tapesia fusca,8
Tapesia toruloides,8
Taphrina bullata,8
Tephrocybe murina,8
Tephrocybe ozes,8
Thanatephorus sterigmaticus,8
Thelidium incavatum,8
Thymus,8
Tilletia menieri,8
Tomasellia gelatinosa,8
Trametes trogii,8
Trechispora,8
Tricharina cretea,8
Tricharina ochroleuca,8
Trichoderma delicatulum,8
Trichoderma deliquescens,8
Trichophaea paludosa,8
Trifolium arvense,8
Troposporella fumosa,8
Truncatella angustata,8
Tuberculina maxima,8
Tulasnella dissitispora,8
Tulosesus amphithallus,8
Typhula capitata,8
Unguiculariopsis ilicincola,8
Unguiculariopsis robergei,8
Urocystis primulicola,8
Uromyces scutellatus,8
Usnea glabrescens,8
Valsella adhaerens,8
Venturia crataegi,8
Venturiocistella ulicicola,8
Vermiculariopsiella immersa,8
Vezdaea leprosa,8
Vouauxiomyces truncatus,8
Xanthocarpia fulva,8
Xenospadicoides atra,8
Xerocomus,8
Absidia,7
Absidia caerulea,7
Absidia glauca,7
Achlya glomerata,7
Agrimonia,7
Agrocybe brunneola,7
Ailanthus altissima,7
Albotricha albidorosea,7
Albugo laibachii,7
Alectoria sarmentosa,7
Allopsalliota geesterani,7
Althaea officinalis,7
Amanita contui,7
Amanita ovoidea,7
Amaranthus retroflexus,7
Amblystegium serpens,7
Andricus quercuscalicis,7
Anser,7
Antennatula pinophila,7
Anthostomella scotina,7
Aquanectria penicillioides,7
Arachnophora fagicola,7
Arthonia epiphyscia,7
Arthonia varians,7
Arthroderma quadrifidum,7
Articulospora moniliformis,7
Ascobolus carletonii,7
Ascochyta doronici,7
Ascochyta microspora,7
Ascochyta pseudacori,7
Ascocodinaea stereicola,7
Aspergillus pseudoglaucus,7
Asteroma padi,7
Avena sterilis,7
Bactrodesmium betulicola,7
Badhamia gracilis,7
Badhamia ovispora,7
Badhamia rubiginosa,7
Basidiodendron,7
Belonium incurvatum,7
Blackstonia perfoliata,7
Botrytis aclada,7
Botrytis sphaerosperma,7
Bourdotigloea,7
Brevicellicium exile,7
Bulbomollisia stromatica,7
Calliphora vomitoria,7
Calonectria pseudonaviculata,7
Caloplaca cerina,7
Caloplaca dalmatica,7
Calycella uliginosa,7
Calycellina microspis,7
Calycellina rivelinensis,7
Camarosporium feurichii,7
Camarosporium ilicis,7
Camarosporium roumeguerei,7
Canis,7
Carbonea vitellinaria,7
Cenangium acicola,7
Centaurea debeauxii,7
Cerastium alpinum,7
Cercis siliquastrum,7
Chaetotyphula actiniceps,7
Chamaecyparis x Cupressus = X Cupressocyparis,7
Chironomidae,7
Chloroscypha chloromela,7
Chloroscypha sabinae,7
Chrysothrix flavovirens,7
Chytriomyces,7
Cirrhia icteritia,7
Cladonia luteoalba,7
Cladonia sulphurina,7
Cladonia verticillata,7
Cladosporium sphaerospermum,7
Colletotrichum holci,7
Coniophora marmorata,7
Coniothyrium phormii,7
Conocybe nemoralis,7
Coprinellus deliquescens,7
Coprinopsis coniophora,7
Coprotus,7
Cordyceps,7
Cortinarius balteatus,7
Cortinarius catharinae,7
Cortinarius emunctus,7
Cortinarius gracilior,7
Cortinarius magicus,7
Cortinarius prasinus,7
Cortinarius pseudofusisporus,7
Cortinarius rheubarbarinus,7
Cortinarius sebaceus,7
Corynesporopsis biseptata,7
Costantinella tillettei,7
Cotoneaster moupinensis,7
Crambe maritima,7
Cribraria splendens,7
Cucurbita maxima,7
Cyathicula fraxinophila,7
Cyathicula furva,7
Dactylaria candidula,7
Dactylorhiza purpurella,7
Davidia involucrata,7
Dematioscypha richonis,7
Dendrospora juncicola,7
Dermea padi,7
Diaporthe chailletii,7
Didymella glomerata,7
Didymella prominula,7
Didymella scotica,7
Didymium crassicolle,7
Didymium eximium,7
Diplodia buxi,7
Diplotaxis tenuifolia,7
Dipsacus pilosus,7
Discinella menziesii,7
Donkioporia expansa,7
Dryas,7
Echinops bannaticus,7
Elaphomyces aculeatus,7
Elytrigia,7
Entoloma huijsmanii,7
Entoloma olorinum,7
Entoloma pratulense,7
Entoloma speculum,7
Entoloma transvenosum,7
Entoloma vinaceum,7
Entomophthora calliphorae,7
Entyloma fumariae,7
Entyloma henningsianum,7
Epichloe bromicola,7
Erodium cicutarium,7
Erynia ovispora,7
Erysiphe begoniicola,7
Erysiphe palczewskii,7
Erysiphe sedi,7
Eustilbum aureum,7
Eutypella alnifraga,7
Fagus sylvatica 'Pendula',7
Ficus carica,7
Flaviporus brownii,7
Frullania tamarisci,7
Fucus vesiculosus,7
Fuscidea lygaea,7
Fusicoccum,7
Galega,7
Galerina pallida,7
Galerina variibasidia,7
Gemmamyces piceae,7
Gentianella amarella,7
Geoglossum peckianum,7
Gloeosporium,7
Godronia callunigena,7
Gonatobotrys flavus,7
Hamatocanthoscypha,7
Haplographium bicolor,7
Hebeloma pseudofragilipes,7
Hebeloma subtortum,7
Helicodendron hyalinum,7
Helicogonium orbiliarum,7
Helminthosporium cespitosum,7
Helminthosporium fusiforme,7
Helminthosporium microsorum,7
Hemimycena gypsella,7
Herteliana gagei,7
Hohenbuehelia,7
Homostegia piggotii,7
Hyaloperonospora brassicae,7
Hydnellum velutinum,7
Hydnotrya confusa,7
Hygrocybe subpapillata,7
Hymenoscyphus vasaensis,7
Hypericum androsaemum x hircinum = H. x inodorum,7
Hypoderma,7
Hypotrachyna taylorensis,7
Ilex aquifolium x perado = I. x altaclerensis,7
Illosporium roseum,7
Infundibulicybe trulliformis,7
Inocybe furfurea,7
Inocybe goniopusio,7
Inocybe lacunarum,7
Inocybe pruinosa,7
Inocybe umbratica,7
Ionopezia gerardii,7
Isothecium myosuroides s.l.,7
Karlingiomyces marylandicus,7
Kerria japonica,7
Koeleria macrantha,7
Lachnum subnudipes,7
Lactarius badiosanguineus,7
Lactarius luridus,7
Lactarius plumbeus,7
Lactarius scoticus,7
Laetinaevia pustulata,7
Lasiobelonium lonicerae,7
Lepidoderma carestianum,7
Lepiota parvannulata,7
Lepista personata,7
Leptomitus lacteus,7
Leptopeltis pteridis,7
Leptostroma,7
Leptostroma osmundicola,7
Leucoagaricus medioflavoides,7
Levisticum officinale,7
Lewinskya affinis,7
Lichenodiplis lecanorae,7
Liliopsida,7
Lobularia maritima,7
Loculoascomycetes,7
Lophodermella sulcigena,7
Lophodermium aucupariae,7
Lulworthia rufa,7
Lycopus,7
Macrolepiota permixta,7
Marasmius minutus,7
Marasmius porreus,7
Marchantiopsida,7
Marssonina salicigena,7
Marssonina truncatula,7
Matricaria,7
Medicago,7
Melanohalea exasperatula,7
Melanoleuca rasilis,7
Melanospora brevirostris,7
Melanospora chionea,7
Menispora tortuosa,7
Microascus longirostris,7
Mirandina arnaudii,7
Mnium stellare,7
Moellerodiscus lentus,7
Mollisia rehmii,7
Monilinia fructicola,7
Morenoina festucae,7
Morenoina paludosa,7
Mortierella gamsii,7
Mycena parabolica,7
Mycoglaena myricae,7
Mycosphaerella octopetalae,7
Mycosphaerella peregrina,7
Mycosphaerella pyri,7
Mycothermus thermophilus,7
Myrioconium tenellum,7
Nagrajchalara inflatipes,7
Naucoria clavuligeroides,7
Nautosphaeria cristaminuta,7
Nectriella,7
Neocamarosporium obiones,7
Neofabraea vagabunda,7
Nothofagus dombeyi,7
Occultifur internus,7
Octospora alpestris,7
Olla aspera,7
Onobrychis viciifolia,7
Opegrapha rupestris,7
Ophioceras leptosporum,7
Oramasia hirsuta,7
Orbilia oxyspora,7
Orbilia rubrovacuolata,7
Otidea platyspora,7
Ovulinia azaleae,7
Oxyria digyna,7
Pachnocybe ferruginea,7
Parabagliettoa dufourii,7
Paradendryphiopsis cambrensis,7
Paraleptosphaeria praetermissa,7
Parascedosporium putredinis,7
Pedicularis sylvatica,7
Peltigera neckeri,7
Penicillium oxalicum,7
Penicillium taxi,7
Pezicula,7
Pezicula corylina,7
Peziza hortensis,7
Peziza sterigmatizans,7
Pezizella eriophori,7
Phaeoseptoria,7
Phaeosphaeria sowerbyi,7
Phaeosphaeria spartinae,7
Phaseolus,7
Phillyrea latifolia,7
Phlebia cornea,7
Phloeomana atropapillata,7
Phoma ammophilae,7
Phomopsis digitalis,7
Phomopsis glandicola,7
Phomopsis oncostoma,7
Phomopsis padina,7
Phomopsis platanoidis,7
Phyllachora therophila,7
Phyllosticta ruborum,7
Physarum confertum,7
Physarum oblatum,7
Phytophthora,7
Phytophthora erythroseptica,7
Piggotia coryli,7
Pilosella aurantiaca,7
Pinus cembra,7
Pirottaea,7
Pirottaea exilispora,7
Plagiostoma aesculi,7
Pleospora ambigua,7
Pluteus pseudorobertii,7
Podochytrium chitinophilum,7
Podosordaria pedunculata,7
Polemonium,7
Polystigma fulvum,7
Polytrichum formosum,7
Populus balsamifera x deltoides = P. x jackii,7
Poria vaporaria,7
Prismaria,7
Protoachlya hypogyna,7
Psathyrella dicrani,7
Psathyrella murcida,7
Psathyrella pellucidipes,7
Pseudapiospora corni,7
Pseudocercospora opuli,7
Pseudocyphellaria citrina,7
Pseudophacidium piceae,7
Puccinia albulensis,7
Puccinia anthoxanthina,7
Puccinia libanotidis,7
Pycnopeziza pachyderma,7
Pyracantha,7
Pyrenopeziza arundinacea,7
Pyrola,7
Quercus alba,7
Racomitrium,7
Ramalina canariensis,7
Ramichloridium,7
Ramularia anagallidis,7
Ramularia asteris,7
Ramularia spiraeae,7
Raphanus sativus,7
Rebentischia unicaudata,7
Remispora hamata,7
Remotididymella destructiva,7
Reticularia liceoides,7
Rhizocarpon,7
Rhizocarpon umbilicatum,7
Rhizophydium fugax,7
Rhizosphaera kalkhoffii,7
Rhodocybe,7
Rhodocybe caelata,7
Rhododendron arboreum,7
Rhodotarzetta euchroa,7
Roseodiscus equisetinus,7
Rubus biloensis,7
Russula amarissima,7
Russula betulae,7
Russula gilva,7
Russula helodes,7
Russula medullata,7
Russula olivascens,7
Russula rubroalba,7
Russula vinososordida,7
Russula violaceoides,7
Salicornia europaea,7
Salix triandra x viminalis = S. x mollissima,7
Sarcodon,7
Schizothecium aloides,7
Scutomollisia fimbriomarginata,7
Scytinium fragrans,7
Septonema secedens,7
Septoria brissaceana,7
Septoria chelidonii,7
Septoria dulcamarae,7
Septoria myricae,7
Septoria scutellariae,7
Septotrullula bacilligera,7
Sistotrema pyrosporum,7
Sistotremastrum suecicum,7
Solanum,7
Sparassis minoensis,7
Spergularia,7
Sphaceloma populi,7
Sphaerophorus fragilis,7
Spiculogloea minuta,7
Spirosphaera beverwijkiana,7
Splanchnonema loricatum,7
Spooneromyces asperula,7
Sporidesmium rubi,7
Sporormiella leporina,7
Sporormiella megalospora,7
Stagonospora gigaspora,7
Stagonospora paludosa,7
Stellaria,7
Stemphylium triglochinicola,7
Stenocybe septata,7
Stereocaulon condensatum,7
Stereum ochroleucum,7
Stomiopeltis,7
Sydowiella depressula,7
Symphyosirinia galii,7
Syntrichia ruralis,7
Tamarix,7
Tarzetta gaillardiana,7
Thamnolia vermicularis,7
Thanatephorus ochraceus,7
Thecotheus cinereus,7
Thraustochytrium aureum,7
Tomentella atrovirens,7
Toniniopsis bagliettoana,7
Tortula muralis,7
Tragopogon,7
Trematosphaeria hydrela,7
Triadelphia uniseptata,7
Trichoderma britdaniae,7
Trichoglossum rasum,7
Tricholoma aurantium,7
Tricholoma spermaticum,7
Trichothecium piriferum,7
Tricladium anomalum,7
Tuber macrosporum,7
Tubulicrinis sororius,7
Typhula subhyalina,7
Typhula trifolii,7
Typhula variabilis,7
Urocystis filipendulae,7
Urocystis sorosporioides,7
Urocystis ulmariae,7
Uromyces,7
Uromyces galegae,7
Valsa pini,7
Varicosporium,7
Venturia carpophila,7
Venturia palustris,7
Veronica spicata,7
Vuilleminia,7
Xanthocarpia ochracea,7
Xylopezia inclusa,7
Zignoella eutypoides,7
Zygosporium oscheoides,7
Abies cephalonica,6
Absidia cylindrospora,6
Absidia spinosa,6
Acaulospora nicolsonii,6
Acer saccharinum,6
Achlya ambisexualis,6
Achlya debaryana,6
Achlya orion,6
Aecidium,6
Alternaria botrytis,6
Alternaria maritima,6
Amanita pachyvolvata,6
Amblyosporium botrytis,6
Amphisphaerella xylostei,6
Amphisphaeria multipunctata,6
Anthostomella leptospora,6
Anthostomella tomicum,6
Apiognomonia erythrostoma,6
Apiorhynchostoma apiculatum,6
Arachnopeziza,6
Arachnopeziza leonina,6
Asaphomyces tubanticus,6
Ascochyta aquilegiae,6
Ascochyta teretiuscula,6
Ascochyta violae,6
Ascozonus cunicularius,6
Aspergillus terreus,6
Athallia cerinella,6
Bacidina adastra,6
Badhamia populina,6
Belonium,6
Belonopsis,6
Berberis darwinii,6
Blastenia ferruginea,6
Botryobasidium intertextum,6
Botrytis galanthina,6
Branta canadensis,6
Bryoria chalybeiformis,6
Buddleja globosa,6
Burgoa splendens,6
Calicium salicinum,6
Calocybe favrei,6
Calonectria ilicicola,6
Calycella terrestris,6
Calystegia sepium x silvatica = C. x lucana,6
Camarosporium rosae,6
Capronia pleiospora,6
Cardamine bulbifera,6
Carduus,6
Carex pallescens,6
Carex remota,6
Catenaria anguillulae,6
Celothelium ischnobelum,6
Ceramothyrium europaeum,6
Ceratosphaeria,6
Ceratostomella,6
Cercidiphyllum japonicum,6
Cercospora apii,6
Ceriosporopsis circumvestita,6
Chaenotheca chrysocephala,6
Chaetomium spirale,6
Chaetosphaeria,6
Cheilymenia oligotricha,6
Cheilymenia subhirsuta,6
Ciborinia camelliae,6
Cistella microspora,6
Cladochytrium aurantiacum,6
Cladonia rangiferina,6
Cladosporium tenuissimum,6
Clavaria asperulospora,6
Clavariadelphus ligula,6
Clematis viticella x lanuginosa = C. x jackmanii,6
Clitocybe nitriolens,6
Clitocybe ornamentalis,6
Clitopaxillus alexandri,6
Clitopilopsis hirneola,6
Coccinella septempunctata,6
Colletotrichum malvarum,6
Collybia multijuga,6
Comatricha rigidireta,6
Coniophora,6
Conioscypha hoehnelii,6
Conocybe antipus,6
Consolida ajacis,6
Convolvulus,6
Coprinopsis candidata,6
Coprinopsis pannucioides,6
Coprinus domesticus,6
Coprinus pseudolagopus,6
Coprotus argenteus,6
Coprotus luteus,6
Coronicium alboglaucum,6
Cortinarius albocyaneus,6
Cortinarius caesiocortinatus,6
Cortinarius caroviolaceus,6
Cortinarius eucaeruleus,6
Cortinarius fervidus,6
Cortinarius macropus,6
Cortinarius orichalceus,6
Cortinarius penicillatus,6
Corylus colurna,6
Corynespora,6
Cotoneaster frigidus,6
Crataegus douglasii,6
Cristinia mucida,6
Crocicreas,6
Cryptococcus,6
Cuphophyllus aurantius,6
Cylindrium,6
Cylindrocarpon aquaticum,6
Cystoagaricus sylvestris,6
Dacampia hookeri,6
Dacrymyces macnabbii,6
Dahlia x hortensis,6
Daldinia caldariorum,6
Dasyscyphus castaneus,6
Dasyscyphus ericinus,6
Davidiella dianthi,6
Delitschia patagonica,6
Dendrospora fusca,6
Dendrospora torulosa,6
Dendrothele sasae,6
Desmosorus oncidii,6
Diaporthe ailanthi,6
Diaporthe fibrosa,6
Diaporthe phaseolorum,6
Diaporthe syngenesia,6
Diaporthe varians,6
Dicellomyces scirpi,6
Dichotomopilus indicus,6
Dictyuchus sterilis,6
Didymella cerastii,6
Didymosphaeria,6
Diploceras hypericinum,6
Dispira cornuta,6
Durella suecica,6
Echinoderma efibulis,6
Echium plantagineum,6
Egonia cineracea,6
Elsinoe veneta,6
Endogone flammicorona,6
Endoperplexa subfarinacea,6
Entoloma babingtonii,6
Entoloma cyanulum,6
Entoloma rugosum,6
Entoloma viiduense,6
Entophlyctis lobata,6
Equisetum hyemale,6
Erica tetralix,6
Erinaceus europaeus,6
Euphrasia tetraquetra x confusa,6
Eutypa subtecta,6
Fagus orientalis,6
Fenestella fenestrata,6
Flammulaster fusisporus,6
Flavoparmelia soredians,6
Fraxinus ornus,6
Fuligo intermedia,6
Fumagospora capnodioides,6
Fusariella hughesii,6
Gaeumannomyces caricis,6
Geopyxis majalis,6
Geopyxis pulchra,6
Geotrichum,6
Globisporangium intermedium,6
Globisporangium splendens,6
Godronia urceolus,6
Golovinomyces longipes,6
Golovinomyces neosalviae,6
Gonapodya polymorpha,6
Graphiola phoenicis,6
Gyalecta truncigena,6
Gymnopilus,6
Gymnopilus neerlandicus,6
Gymnopus oreadoides,6
Gyoerffyella speciosa,6
Hadrotrichum virescens,6
Halosphaeria appendiculata,6
Harpographium fasciculatum,6
Hebeloma cylindrosporum,6
Hebeloma elatum,6
Hebeloma incarnatulum,6
"Hebeloma psammophilum non Hebeloma ammophilum Bohus, 1978",6
Helicodendron fuscum,6
Helicogonium mollisiophilum,6
Helleborus orientalis,6
Helotiales,6
Helvella bicolor,6
Helvella leucopus,6
Hemimycena cyphelloides,6
Hemitrichia pardina,6
Hendersonia epicalamia,6
Hepaticae,6
Heterodermia speciosa,6
Hyaloscypha variabilis,6
Hygrocybe constrictospora,6
Hygrocybe olivaceonigra,6
Hygrophorus carpini,6
Hygrophorus pudorinus,6
Hylastes opacus,6
Hymenoscyphus rhytidiadelphi,6
Hyphoderma orphanellum,6
Hyphodontia griseliniae,6
Hypnum cupressiforme,6
Hypohelion scirpinum,6
Hypomyces strigosus,6
Hysteropezizella lyngei,6
Inocybe glabrescens,6
Inocybe grammopodia,6
Inocybe huijsmanii,6
Inocybe knautiana,6
Inocybe obscura,6
Inocybe terrigena,6
Juglans nigra,6
Juncus trifidus,6
Kalmusia sarothamni,6
Kuehneromyces leucolepidotus,6
Lachnum pulverulentum,6
Lamiastrum,6
Larix decidua x kaempferi = L. x marschlinsii,6
Lasiosphaeria dactylina,6
Lecania naegelii,6
Lecanora argentata,6
Lecanora epanora,6
Lecidea plana,6
Leightoniomyces phillipsii,6
Lentinellus tridentinus,6
Lentithecium lineare,6
Lepidium draba,6
Lepidoderma trevelyanii,6
Lepiota brunneolilacea,6
Leprocaulon quisquiliare,6
Leptogium cochleatum,6
Leptogium cyanescens,6
Leptosphaeria albopunctata,6
Leptosphaeria haematites,6
Leptosporomyces crucelliger,6
Leptosporomyces raunkiaeri,6
Leratiomyces percevalii,6
Leucoagaricus gongylophorus,6
Leucobryum,6
Leucocoprinus caldariorum,6
Licea longa,6
Lichenoconium usneae,6
Limonium,6
Loramyces juncicola,6
Lyophyllum,6
Macrolepiota,6
Macropus,6
Malbranchea californiensis,6
Mallocybe heimii,6
Mallocybe malenconii,6
Marasmiellus,6
Marasmius saccharinus,6
Massalongia carnosa,6
Meconopsis,6
Melanohalea laciniatula,6
Melanotaenium cingens,6
Mellitiosporiella pulchella,6
Meloderma desmazieri,6
Merulicium fusisporum,6
Meruliporia pulverulenta,6
Microbotryum,6
Microbotryum majus,6
Micropeziza mollisioides,6
Microsebacina microbasidia,6
Moellerodiscus advenulus,6
Mollisia cinerascens,6
Mollisia dactyligluma,6
Mollisia rosae,6
Mollisia submelaena,6
Morchella purpurascens,6
Morenoina arundinariae,6
Morenoina pteridiicola,6
Musca domestica,6
Mycena atroalba,6
Mycena juniperina,6
Mycena luteoalba,6
Mycena tenuis,6
Mycena tenuispinosa,6
Mycetinis scorodonius,6
Mycocentrospora,6
Mycosphaerella asplenii,6
Mycosphaerella minor,6
Mycosphaerella ribis,6
Mycosphaerella salicicola,6
Myriospora rufescens,6
Myrothecium atroviride,6
Myxogastrea,6
Myxotrichum chartarum,6
Naucoria salicetorum,6
Nemania carbonacea,6
Niptera trichophoricola,6
Nodulosphaeria ulnospora,6
Nothofagus antarctica,6
Nymphaea,6
Ochrolechia szatalaensis,6
Octospora affinis,6
Octospora convexula,6
Olpidiopsis fusiformis,6
Ombrophila ambigua,6
Omphalia,6
Omphalia stellata,6
Opegrapha parasitica,6
Ophiobolus constrictus,6
Orbilia acuum,6
Orbilia aurantiorubra,6
Orbilia epipora,6
Orthoptera,6
Otidea grandis,6
Pachydisca brunnea,6
Parasola megasperma,6
Parthenocissus quinquefolia,6
Pectenia atlantica,6
Penicillium corylophilum,6
Penicillium janthinellum,6
Peronospora chrysosplenii,6
Peronospora knautiae,6
Peronospora polygoni-convolvuli,6
Pertusaria lactescens,6
Pestalozziella subsessilis,6
Petunia,6
Pezicula corticola,6
Peziza epixyla,6
Peziza ostracoderma,6
Peziza recedens,6
Peziza subrepanda,6
Pezizella albula,6
Phaeographis smithii,6
Phaeoisaria,6
Phaeospora rimosicola,6
Phallus duplicatus,6
Phleum,6
Phloeosporella,6
Phlyctochytrium aureliae,6
Pholiota astragalina,6
Pholiota pityrodes,6
Phoma nummularis,6
Phomopsis lavandulae,6
Phomopsis oblita,6
Phomopsis salicina,6
Phragmocephala stemphylioides,6
Phyllosticta ajugae,6
Phyllosticta berberidis,6
Phyllosticta magnoliae,6
Phyllosticta rhamni,6
Physarum bethelii,6
Physarum scoticum,6
Physospermum cornubiense,6
Phytophthora cinnamomi,6
Placidium rufescens,6
Plateumaris bracata,6
Pleospora valesiaca,6
Pleurotellus dictyorhizus,6
Pluteus robertii,6
Podospora globosa,6
Polyporus fibula,6
Porina leptalea,6
Potamogeton polygonifolius,6
Potentilla,6
Prunus pissardii,6
Psathyrella gordonii,6
Pseudocercospora deightonii,6
Pseudoclitocybe obbata,6
Pseudogymnoascus roseus,6
Pseudoidium hortensiae,6
Pseudolasiobolus minutissimus,6
Pseudophaeophleospora atkinsonii,6
Pseudoseptoria stomaticola,6
Pseudotrichia viburnicola,6
Pseudovalsa modonia,6
Pseudovalsella thelebola,6
Psoroma hypnorum,6
Pteroconium intermedium,6
Puccinellia maritima,6
Puccinia asperulae-odoratae,6
Puccinia ljulinica,6
Puccinia longissima,6
Pucciniales,6
Pyrenopeziza maculata,6
Pyrenopeziza solidaginis,6
Pyrus cordata,6
Pyxidiophora petchii,6
Quercus canariensis,6
Quercus cerris x suber = Q. x crenata,6
Ramularia alnicola,6
Ramularia bryoniae,6
Ramularia coleosporii,6
Ramularia moehringiae,6
Resinoscypha variepilosa,6
Rhachomyces philonthinus,6
Rhizocarpon polycarpum,6
Rhizocybe pruinosa,6
Rhizophydium carpophilum,6
Rhizopogon villosulus,6
Rhus typhina,6
Rhytidiadelphus,6
Rinodina isidioides,6
Rosa rubiginosa,6
Rosellinia,6
Rubus armeniacus,6
Rubus longus,6
Rubus rossensis,6
Rumex maritimus,6
Ruscus,6
Russula atroglauca,6
Russula emeticicolor,6
Russula fusca,6
Russula lepidicolor,6
Russula virginea,6
Rutstroemia rhenana,6
Rutstroemia rubi,6
Ryparobius cookei,6
Saccobolus obscurus,6
Salicornia ramosissima,6
Sanguisorba,6
Schizothecium fimbriatum,6
Schizothecium squamulosum,6
Scirrhia castagnei,6
Scolecobasidium,6
Scutellaria galericulata,6
Secoliga jenensis,6
Selenosporella,6
Senecio smithii,6
Septomyxa tulasnei,6
Septoria bellidis,6
Septoria lactucae,6
Septoria lunariae,6
Septoria matricariae,6
Septoria menyanthis,6
Serendipita orliensis,6
Sertulicium granuliferum,6
Seuratia millardetii,6
Sisymbrium orientale,6
Smyrnium perfoliatum,6
Sorosphaerula veronicae,6
Spartina,6
Spartium junceum,6
Sphaerellothecium parietinarium,6
Sphaerosporella hinnulea,6
Sphaerulina oxyacanthae,6
Sphaerulina quercicola,6
Sphagnum palustre,6
Sporidesmiella claviformis,6
Sporidesmium clarkii,6
Sporidesmium salinum,6
Sporormia fimetaria,6
Sporormia longipes,6
Sporormiella vexans,6
Sporotrichum,6
Stagonospora fuckelii,6
Stagonospora sparganii,6
Stellaria pallida,6
Stellaria palustris,6
Stemonitis,6
Stenocybe pullatula,6
Stereocaulon pileatum,6
Stictographa lentiginosa,6
Stigmatea ostruthii,6
Stilbospora macrosperma,6
Stilbospora meridionalis,6
Strossmayeria viridiatra,6
Stypella,6
Subulicystidium perlongisporum,6
Suillus placidus,6
Synalissa ramulosa,6
Taeniolella pulvillus,6
Taphrophila cornu-capreoli,6
Tephrocybe platypus,6
Thelidium decipiens,6
Tomentella asperula,6
Tomentella puberula,6
Topospora proboscidea,6
Torula,6
Tranzschelia,6
Tranzschelia thalictri,6
Trapelia glebulosa,6
Trapelia obtegens,6
Trechispora amianthina,6
Trechispora clancularis,6
Tremella obscura,6
Tricholoma albellum,6
Tricholoma pseudonictitans,6
Tricholoma triste,6
Trichopezizella barbata,6
Trichophaea pseudogregaria,6
Trichophaea sublivida,6
Trichormus catenula,6
Trichosphaeria pilosa,6
Tripleurospermum maritimum,6
Typhula erumpens,6
Unguiculella eurotioides,6
Urocystis floccosa,6
Usnea,6
Usnea articulata,6
Venturia oleaginea,6
Venturia radiosa,6
Veronaea,6
Veronica polita,6
Wuestneia chrysostroma,6
Xylaria arbuscula,6
Xylaria hippotrichoides,6
Xylariales,6
Xylohypha pinicola,6
Zasmidium lythri,6
Abrothallus microspermus,5
Abrothallus prodiens,5
Abrothallus welwitschii,5
Acer pseudoplatanus 'Brilliantissimum',5
Acer tataricum,5
Acrodontium hydnicola,5
Acrogenospora,5
Agaricus endoxanthus,5
"Agaricus moellerianus non Agaricus floccipes Fr., 1838",5
Agaricus pampeanus,5
Agaricus xantholepis,5
Aleuria congrex,5
Alliaria,5
Allophylaria basalifusca,5
Amanita reidiana,5
Amauroascus albicans,5
Amicodisca virella,5
Amphirosellinia evansii,5
Anthracoidea pratensis,5
Antrodia heteromorpha,5
Aphanes australis,5
Aphanobasidium paludicola,5
Apiosporopsis carpinea,5
Apodachlya pirifera,5
Arabis hirsuta,5
Arachnomyces nitidus,5
Arcyria major,5
Armeria,5
Arrhenia baeospora,5
Arrhenia umbratilis,5
Arthrinium cuspidatum,5
Ascochyta calystegiae,5
Ascozonus crouanii,5
Aspergillus candidus,5
Aspergillus fischeri,5
Asplenium,5
Asteroma prunellae,5
Athelia nivea,5
Athelia tenuispora,5
Atichia glomerulosa,5
Atriplex glabriuscula,5
Atriplex littoralis,5
Aulographum,5
Aureobasidium,5
Bacidia laurocerasi,5
Bactrodesmium atrum,5
Baeomyces placophyllus,5
Barbatosphaeria dryina,5
Berberis julianae,5
Betula albosinensis,5
Blastenia crenularia,5
Bloxamia leucophthalma,5
Boidinia permixta,5
Bradysia,5
Bryobilimbia hypnorum,5
Bryocentria brongniartii,5
Buergenerula typhae,5
Byssochlamys nivea,5
Cactaceae,5
Cainia graminis,5
Cakile maritima,5
Callome multipartita,5
Calocedrus decurrens,5
Caloplaca marina,5
Caloplaca obscurella,5
Caltha,5
Calycina cruentata,5
Calycina turgidella,5
Camarophyllopsis,5
Camarosporium macrosporum,5
Campylopus flexuosus,5
Cannabis sativa,5
Carex acuta,5
Carex hostiana x viridula s.l.,5
Carex lasiocarpa,5
Carex sylvatica,5
Ceanothus,5
Ceratocystis,5
Cercophora,5
Cercopidae,5
Cercospora plantaginis,5
Ceriporia herinkii,5
Ceuthospora,5
Chaetomium aterrimum,5
Chalara cylindrica,5
Charonectria consolationis,5
Ciliolarina ligniseda,5
Cilioplea coronata,5
Circaea alpina,5
Circinotrichum,5
Cistella crassipila,5
Cistella perparvula,5
Cistus,5
Cladium,5
Cladonia cornuta,5
Cladosporium orchidis,5
Clastoderma debaryanum,5
Clavulina incarnata,5
Clinopodium nepeta,5
Clitopilus,5
Clitopilus daamsii,5
Coleophoma prunicola,5
Collema,5
Colletotrichum musae,5
Collybia laxipes,5
Coniochaeta,5
Coniothyrium boydeanum,5
Coniothyrium conoideum,5
Coniothyrium sarothamni,5
Conocybe spiculoides,5
Conocybe togularis,5
Coprinus foetidellus,5
Coprinus fuscescens,5
Cornicularia normoerica,5
Cornus mas,5
Coronilla,5
Cortaderia,5
Cortinarius arquatus,5
Cortinarius erubescens,5
Cortinarius fagetorum,5
Cortinarius fragrantior,5
Cortinarius herpeticus,5
Cortinarius pellstonianus,5
Cortinarius phaeosmus,5
Cortinarius platypus,5
Cortinarius turbinatus,5
Corynesporopsis uniseptata,5
Coryneum disciforme,5
Coryneum kunzei,5
Cotinus,5
Cribraria minutissima,5
Cristinia rhenana,5
Cronartium flaccidum,5
Cryptodiaporthe lebiseyi,5
Cryptomarasmius corbariensis,5
Cryptosphaeria ligniota,5
Cryptovalsa protracta,5
Cupulina ascophanoides,5
Curvularia crepinii,5
Cyanonectria buxi,5
Cynoglossum,5
Cynoglossum germanicum,5
Cystolepiota,5
Cystolepiota icterina,5
Cytoplacosphaeria rimosa,5
Cytospora corni,5
Cytospora kunzei,5
Cytospora platani,5
Cytospora vaccinii,5
Dacrymyces tortus,5
Delitschia furfuracea,5
Dentipellis fragilis,5
Dermatea prunastri,5
Dermoloma fuscobrunneum,5
Descolea tenuipes,5
Diacheopsis insessa,5
Diaporthe beckhausii,5
Diaporthe desmazieri,5
Diaporthe putator,5
Diatrypaceae,5
Dibeloniella citrinella,5
Dicranella heteromalla,5
Dictyosporium pelagicum,5
Diderma alpinum,5
Didymium comatum,5
Didymosphaeria minuta,5
Diplodia lonicerae,5
Diplodia mamillana,5
Diplodia saccardoana,5
Diplodia salicina,5
Diplodina acerina,5
Diplophlyctis chitinophila,5
Discinella boudieri,5
Discosphaerina cytisi,5
Dissoderma pearsonii,5
Dothiorella latitans,5
Durella,5
Echinoderma rubellum,5
Echinostelium apitectum,5
Eleocharis,5
Eleocharis quinqueflora,5
Enchnoa lanata,5
Endocarpon pusillum,5
Endococcus exerrans,5
Endogone pisiformis,5
Endophragmiella,5
Endophragmiella eboracensis,5
Endophragmiella suttonii,5
Entoloma jennyae,5
Entoloma pallescens,5
Entoloma plebeioides,5
Entoloma pseudoturbidum,5
Entoloma sacchariolens,5
Entoloma sphagnorum,5
Entoloma strigosissimum,5
Entoloma vindobonense,5
Entomophaga tipulae,5
Entomophthora sphaerosperma,5
Entomophthora syrphi,5
Entyloma eryngii,5
Entyloma hieracii,5
Eopyrenula grandicula,5
Epilichen scabrosus,5
Epilobium pedunculare,5
Epilobium roseum,5
Erynia plecopteri,5
Euphrasia confusa,5
Eutypa aspera,5
Fayodia anthracobia,5
Flammulaster speireoides,5
Fumaria bastardii,5
Fusicoccum macrosporum,5
Fusicolla epistroma,5
Gabura fascicularis,5
Galerina clavus,5
Galerina gibbosa,5
Galerina mycenoides,5
Galerina phillipsii,5
Gautieria morchelliformis,5
Geniculosporium,5
Geoglossum barlae,5
Geoglossum viscosum,5
Geopyxis,5
Gibbera andromedae,5
Gladiolus,5
Gliomastix murorum,5
Globisporangium parvum,5
Globisporangium sylvaticum,5
Globisporangium ultimum,5
Gloeotinia granigena,5
Gnomoniopsis tormentillae,5
Godronia uberiformis,5
Golovinomyces spadiceus,5
Gomphidius,5
Gonytrichum,5
Guignardia miribelii,5
Gunnera manicata,5
Gyalecta flotowii orth. var.,5
Gymnadenia conopsea,5
Gyoerffyella gemellipara,5
Gyrothrix,5
Gyrothrix verticiclada,5
Haglundia penyardensis,5
Halosphaeriopsis mediosetigera,5
Hebeloma aanenii,5
Hebeloma danicum,5
Helicodendron luteoalbum,5
Helicogloea angustispora,5
Helicomyces,5
Helictochloa pratensis,5
Helminthosporium apiculatum,5
Helminthosporium rhopaloides,5
Helminthosporium turbinatum,5
Hesperomyces virescens,5
Heyderia cucullata,5
Hieracium argillaceum,5
Homo sapiens,5
Hormiactis alba,5
Hosta,5
Hyaloperonospora arabidopsidis,5
Hyalopeziza spinicola,5
Hydropsyche pellucidula,5
Hygrophorus karstenii,5
Hygrophorus piceae,5
Hylocomiadelphus triquetrus,5
Hylurgops palliatus,5
Hymenopleella hippophaicola,5
Hymenoscyphus sublateritius,5
Hymenoscyphus subpallescens,5
Hyphodiscus incrustatus,5
Hypochniciellum ovoideum,5
Hypochnicium multiforme,5
Hypocrea cupularis,5
Hysterodiscula empetri,5
Hysterostegiella fenestrata,5
Hysterostegiella quercea,5
Impatiens,5
Inocybe aphroditeana,5
Inoderma subabietinum,5
Inonotus,5
Intralichen christiansenii,5
Juniperus squamata,5
Kuehneromyces lignicola,5
Laboulbenia notiophili,5
Laboulbenia pedicellata,5
Laccaria,5
Lachnum crassipilum,5
Lachnum trapeziforme,5
Lactarius flavopalustris,5
Lagenidium giganteum,5
Laminaria,5
Lamium maculatum,5
Lamproconium desmazieri,5
Lasiobolus diversisporus,5
Lasionectria vulpina,5
Lautitia danica,5
Lecania,5
Lecania cuprea,5
Leccinum murinaceum,5
Leccinum thalassinum,5
Lecidella pulveracea,5
Lempholemma chalazanum,5
Lentaria delicata,5
Leptodontidium elatius,5
Leptogium burgessii,5
Leptosphaeria planiuscula,5
Leptotrochila campanulae,5
Leptotrochila medicaginis,5
Licea eleanorae,5
Licea gloeoderma,5
Lichenoconium pyxidatae,5
Linostomella sphaerosperma,5
Listerella paradoxa,5
Lizonia emperigonia,5
Lonicera xylosteum,5
Lophodermella conjuncta,5
Lophodermium maculare,5
Lophodermium vagulum,5
Loramyces macrosporus,5
Lulworthia floridana,5
Lycoperdon ericaeum,5
Lyophyllum osmophorum,5
Macbrideola macrospora,5
Macrodiplodia ulmi,5
Macrolepiota fuligineosquarrosa,5
Magnisphaera spartinae,5
Magnoliophyta,5
Malus floribunda,5
Mammalia,5
Marssonina kriegeriana,5
Massaria gigantispora,5
Meconema thalassinum,5
Melanconium hederae,5
Melanocephala australiensis,5
Melanogaster intermedius,5
Melanoleuca griseofumosa,5
Melanoleuca paedida,5
Melanospora pegleri,5
Melanostoma,5
Melilotus,5
Menegazzia terebrata,5
Metasphaeria cumana,5
Metasphaeria hederae,5
Micarea peliocarpa,5
Micraspis tetraspora,5
Microbotryum bistortarum,5
Microbotryum parlatorei,5
Microbotryum vinosum,5
Microlophium carnosum,5
Micronectriella agropyri,5
Mniaecia nivea,5
Mollisia cinereo-olivascens,5
Mollisia teucrii,5
Mollisia undulatodepressula,5
Mollisina,5
Mollisina flava,5
Montanelia disjuncta,5
Mortierella humilis,5
Morus,5
Mucor piriformis,5
Mucor saturninus,5
Muntiacus,5
Muscidae,5
Mycena plicosa,5
Mycoacia,5
Mycosphaerella chrysanthemi,5
Mycosphaerella cydoniae,5
Mycosphaerella sagedioides,5
Mycotypha microspora,5
Myriolecis semipallida,5
Myriosclerotinia juncifida,5
Myxosporium roumeguerei,5
Myxotrichum deflexum,5
Myzocytium proliferum,5
Nagrajchalara insignis,5
Nardia scalaris,5
Naucoria submelinoides,5
Nectriopsis lecanodes,5
Nectriopsis oropensoides,5
Newbya megasperma,5
Niptera subbiatorina,5
Nodulosphaeria centaureae,5
Nothofagus alpina,5
Octospora,5
Octosporella jungermanniarum,5
Octosporopsis nicolai,5
Oenothera cambrica,5
Oidiodendron,5
Omphalia muralis,5
Omphaliaster borealis,5
Onygena piligena,5
Ophiobolus,5
Orbilia septispora,5
Orchidaceae,5
Ozonium,5
Paecilomyces,5
Palustriella commutata s.l.,5
Papaver lecoqii,5
Parapleurotheciopsis ilicina,5
Parmeliopsis hyperopta,5
Passiflora caerulea,5
Patellina caesia,5
Penicillium crustaceum,5
Penicillium roqueforti,5
Perichaena liceoides,5
Periconia glyceriicola,5
Periconia typhicola,5
Peronospora erythraeae,5
Peronospora fulva,5
Peronospora parva,5
Pestalotia lignicola,5
Pestalotiopsis neglecta,5
Pezicula amoena,5
Peziza celtica,5
Peziza nivalis,5
Pezizella minutissima,5
Pezizomycetes,5
Phacidium vincae,5
Phaeochora chamaeropis,5
Phaeogalera sphagneti,5
Phaeographis,5
Phaeophyscia nigricans,5
Phaeosphaeria marciensis,5
Phaeostilbella nigra,5
Phanerochaete galactites,5
Phasianidae,5
Phialina,5
Phlyctochytrium irregulare,5
Pholiota cerifera,5
Pholiota flavida,5
Pholiota subsquarrosa,5
Phoma allostoma,5
Phoma saxifragarum,5
Phomopsis choisyae,5
Phomopsis malvacearum,5
Phomopsis polygonorum,5
Phylloscypha boltonii,5
Phyllosticta aucubae,5
Phyllosticta mahoniae,5
Phyllosticta saccardoi,5
Phyllosticta tormentillae,5
Phyllosticta violae,5
Physalospora empetri,5
Physarum carneum,5
Physarum obscurum,5
Physocarpus,5
Phytophthora nicotianae,5
Pirostoma circinans,5
Placopsis gelida,5
Plagiostoma geranii,5
Plejobolus arenarius,5
Pleomassaria holoschista,5
Pleospora,5
Podospora collapsa,5
Podospora myriospora,5
Pohlia nutans,5
Polychidium muscicola,5
Polycladium equiseti,5
Polycoccum pulvinatum,5
Polygonatum multiflorum,5
Polygonum bellardii,5
Polyscytalum,5
Porpidia platycarpoides,5
Potamogeton natans,5
Preussia octomera,5
Primula veris x vulgaris = P. x polyantha,5
Pronectria robergei,5
Prunus serrulata,5
Psathyrella maculata,5
Psathyrella stercoraria,5
Psathyrella subnuda,5
Pseudephebe pubescens,5
Pseudeurotium zonatum,5
Pseudobaeospora,5
Pseudofumaria lutea,5
Pseudographis rufonigra,5
Pseudomassaria thistletonia,5
Pseudombrophila equina,5
Pseudomicrodochium lauri,5
Pseudopeltis filicum,5
Pseudopenidiella pini,5
Pseudothielavia terricola,5
Pseudotrichia minor,5
Puccinellia distans,5
Puccinia artemisiae-maritimae,5
Puccinia gentianae,5
Puccinia leucanthemi,5
Puccinia oxyriae,5
Puccinia schroeteri,5
Puccinia teucrii,5
Pulvinula archeri,5
Pulvinula carbonaria,5
Pycnoporus cinnabarinus,5
Pyrenidium actinellum,5
Pyrenopeziza kolaensis,5
Pyrenopeziza maculans,5
Pythium salpingophorum,5
Ramaria subbotrytis,5
Ramariopsis luteo-ochracea,5
Ramularia aromatica,5
Ramularia holci-lanati,5
Ramularia obducens,5
Ranunculus penicillatus,5
Rasamsonia emersonii,5
Repetophragma dennisii,5
Reticularia umbrina,5
Rhabdocline pseudotsugae,5
Rhabdospora inaequalis,5
Rhamphoria bevanii,5
Rheum,5
Rhipidium parthenosporum,5
Rhizophydium,5
Rhizophydium venustum,5
Rhizopus microsporus,5
Rhodofomes roseus,5
Rhodophyllus,5
Rhus,5
Roccella fuciformis,5
Rosa gallica,5
Rosmarinus officinalis,5
Rubus chamaemorus,5
Rubus laciniatus,5
Russula adulterina,5
Russula depallens,5
"Russula poichilochroa non Russula metachroa Hongo, 1955",5
Russula polychroma,5
Russula pulchralis,5
Russula unicolor,5
Russula violaceoincarnata,5
Rutstroemia bolaris,5
Rutstroemia tiliacea,5
Schizothyrium pomi,5
Schoenoplectus tabernaemontani,5
Scilla forbesii,5
Sclerococcum parasiticum,5
Scopinella caulincola,5
Scorzonera humilis,5
Scytinium palmatum,5
Sedum,5
Seimatosporium macrospermum,5
Senecio elegans,5
Septocylindrium leucum,5
Septonema hormiscium,5
Septoria cheiranthi,5
Septoria fragariae,5
Septoria gladioli,5
Septoria heraclei,5
Septoria hydrangeae,5
Septoria inconspicua,5
Septoria jasiones,5
Septoria senecionis-sylvaticae,5
Septoria virgaureae,5
Silene coronaria,5
Silene dioica x latifolia = S. x hampeana,5
Sistotrema efibulatum,5
Sistotrema pteriphilum,5
Sistotremella hauerslevii,5
Skyttea buelliae,5
Sphaerulina orae-maris,5
Sphagnaceae,5
Spondylocladiella botrytioides,5
Sporidesmium aturbinatum,5
Sporothrix,5
Stachys palustris x sylvatica = S. x ambigua,5
Stagonospora pteridiicola,5
Stellaria nemorum,5
Stemonitopsis microspora,5
Sticta canariensis,5
Stigmidium microspilum,5
Stropharia hornemannii,5
Subulicystidium,5
Syncesia myrticola,5
Synchytrium stellariae,5
Taeniolella alta,5
Taeniolella phaeophysciae,5
Taphrina athyrii,5
Taxodium distichum,5
Tephromela grumosa,5
Tetracladium,5
Tetragoniomyces uliginosus,5
Tetraploa,5
Tetraplodon mnioides,5
Teucrium fruticans,5
Thanatephorus terrigenus,5
Thaxteriella pezizula,5
Thecaphora melandrii,5
Thelopsis rubella,5
Thermoascus aurantiacus,5
Thermomyces dupontii,5
Thuidium tamariscinum,5
Tilletia olida,5
Tilletiopsis,5
Tipula paludosa,5
Tipulidae,5
Tomentella griseoviolacea,5
Torrentispora dubia,5
Torula pulveracea,5
Trechispora candidissima,5
Trechispora sphaerospora,5
Tricholoma guttatum,5
Tricladium,5
Trimmatostroma,5
Tripospermum,5
Tropaeolum majus,5
Tubercularia nigricans,5
Tulasnella helicospora,5
Tulasnella hyalina,5
Tulosesus sclerocystidiosus,5
Tympanis laricina,5
Typhula sphaeroidea,5
Urceolella,5
Urocystis gladiolicola,5
Usnea rubicunda,5
Valsa,5
Valsella salicis,5
Venturia,5
Venturiocistella pini,5
Verbascum pulverulentum,5
Verrucaria aethiobola,5
Verrucaria aquatilis,5
Verrucaria funckii,5
Verrucaria polysticta,5
Verticillium insectorum,5
Verticillium terrestre,5
Viola cornuta,5
Viola lutea,5
Vouauxiella verrucosa,5
Wardomyces pulvinatus,5
Wollemia nobilis,5
Xanthomendoza ulophyllodes,5
Xeropilidium dennisii,5
Xylaria digitata,5
Xylogramma longum,5
Xylomyces aquaticus,5
Xylopezia hemisphaerica,5
Zasmidium cellare,5
Zignoella collabens,5
Zignoella pachyspora,5
Zwackhiomyces dispersus,5
Zygorhizidium parallelosede,5
Abies koreana,4
Abies lasiocarpa,4
Abies pinsapo,4
Achillea,4
Aconitum napellus,4
Acrogenospora megalospora,4
Aegerita,4
Aesculus turbinata,4
Agapanthus,4
Agrocybe attenuata,4
Agrocybe firma,4
Agrocybe pusiola,4
Agrostis vinealis,4
Ailanthus,4
Allantophomopsiella pseudotsugae,4
Allium scorodoprasum,4
Alnus glutinosa x incana = A. x hybrida,4
Alnus rubra,4
Alopecurus,4
Alpinaria rhododendri,4
Alternaria alternariae,4
Alternaria brassicicola,4
Alternaria sonchi,4
Amanita helianthemicola,4
Amanita vittadinii,4
Amblyosporium spongiosum,4
Amphisphaeria,4
Anguillospora filiformis,4
Anthostomella caricis,4
Anthostomella pedemontana,4
Aphanobasidium,4
Aphanobasidium rubi,4
Aphanomyces,4
Aphanomyces euteiches,4
Apium,4
Arachniotus candidus,4
Arnium caballinum,4
Arrhenia epichysium,4
Arrhenia obatra,4
Arthonia molendoi,4
Arthopyrenia salicis,4
Arthrinium curvatum,4
Arthrobotrys,4
Arum,4
Ascobolus,4
Ascobolus degluptus,4
Ascochyta acori,4
Ascochyta graminea,4
Ascochyta primulae,4
Ascochyta pteridis,4
Ascochyta syringae,4
Ascochyta trifolii,4
Ascomycetes,4
Ascotricha chartarum,4
Aspergillus versicolor,4
Aspicilia cinerea,4
Asplenium trichomanes,4
Astrantia,4
Athelia teutoburgensis,4
Aucuba,4
Aulacomnium palustre,4
Avena brevis,4
Bachmanniomyces punctum,4
Bacidia biatorina,4
Bacidina chloroticula,4
Badhamia versicolor,4
Barbarea vulgaris,4
Barbula,4
Bartalinia robillardoides,4
Batkoa apiculata,4
Beauveria felina,4
Belonium graddonii,4
Bembidion aeneum,4
Bembidion dentellum,4
Betula pendula x pubescens = B. x aurata,4
Blastocladia globosa,4
Blumeria bulbigera,4
Boidinia peroxydata,4
Bolbitius pluteoides,4
Bolboschoenus laticarpus,4
Boletus caucasicus,4
Botryotinia polyblastis,4
Boudiera acanthospora,4
Boudiera areolata,4
Bourdotigloea concisa,4
Bovista pusilla,4
Brassica nigra,4
Bryopistillaria sagittiformis,4
Bryoscyphus conocephali,4
Bryoscyphus phascoides,4
Bryostroma trichostomi,4
Byssochlamys fulva,4
Byssosphaeria schiedermayriana,4
Calendula arvensis,4
Caloboletus,4
Calonectria minutissima,4
Camarosporium ambiens,4
Campylospora parvula,4
Candelabrum brocchiatum,4
Canteria apophysata,4
Capnodium citri,4
Capnodium footii,4
Capronia inconspicua,4
Capronia macrotricha,4
Carbonea vorticosa,4
Carex appropinquata,4
Carex limosa,4
Carex viridula,4
Catalpa,4
Cephalosporiopsis,4
Cephalotheca clarkii,4
Ceratellopsis aculeata,4
Ceratocystis paradoxa,4
Ceratosebacina calospora,4
Ceratosporella stipitata,4
Ceratostomella rostrata,4
Cercidospora epipolytropa,4
Cercophora mirabilis,4
Cercophora sulphurella,4
Cetraria muricata,4
Chaenomeles,4
Chaetasbolisia falcata,4
Chaetendophragmia britannica,4
Chaetomium pachypodioides,4
Cherleria sedoides,4
Chloridium gonytrichii,4
Chloridium lignicola,4
Chlorophyllum abruptibulbum,4
Chloroscypha seaveri,4
Choisya ternata,4
Ciboria,4
Ciboria betulicola,4
Ciborinia ciborium,4
Cladonia glauca,4
Cladonia mitis,4
Cladonia strepsilis,4
Cladotrichum triseptatum,4
Clauzadea metzleri,4
Clavochytridium anabaenae,4
Clavochytridium britannicum,4
Claytonia sibirica,4
Cliostomum corrugatum,4
Clypeococcum hypocenomyces,4
Coccinonectria pachysandricola,4
Coccomyces,4
Coemansia,4
Coemansia erecta,4
Colacogloea,4
Coleophoma crateriformis,4
Coleophoma laurocerasi,4
Collembolispora barbata,4
Colletotrichum lindemuthianum,4
Collybiopsis humillima,4
Coltricia cinnamomea,4
Comatricha mirabilis,4
Conidiocarpus,4
Conistra vaccinii,4
Conocephalum conicum s.l.,4
Conocybe alboradicans,4
Conocybe bisporigera,4
Conocybe leucopus,4
Conopodium,4
Coprinellus verrucispermus,4
Coprinopsis alnivora,4
Coprinopsis bellula,4
Coprinopsis bicornis,4
Coprinopsis candidolanata,4
Coprinopsis strossmayeri,4
Coprinus filiformis,4
Coprotus disculus,4
Cordella clarkii,4
Cordyceps fumosorosea,4
Coriolus,4
Coriolus epileucus,4
"Corticium erikssonii non Corticium pulverulentum Litsch., 1939",4
Cortinarius angelesianus,4
Cortinarius atropusillus,4
Cortinarius colus,4
Cortinarius comptulus,4
Cortinarius diabolicus,4
Cortinarius diosmus,4
Cortinarius epipurrus,4
Cortinarius eustriatulus,4
Cortinarius fusisporus,4
Cortinarius germanus,4
Cortinarius glaphurus,4
Cortinarius incisior,4
Cortinarius laetissimus,4
Cortinarius majusculus,4
Cortinarius nucicolor,4
Cortinarius privignus,4
Cortinarius pseudocandelaris,4
Cortinarius rufostriatus,4
Cortinarius terpsichores,4
Cortinarius variiformis,4
Corylobium avellanae,4
Corynespora cassiicola,4
Cosmospora arxii,4
Crepis,4
Cristinia coprophila,4
Crivellia papaveracea,4
Cryptodiscus pallidus,4
Cryptomeria,4
Cryptosporiopsis,4
Cucurbidothis pithyophila,4
Cucurbitaceae,4
Cucurbitaria,4
Cupressus nootkatensis,4
Cyathicula spicarum,4
Cylindrocephalum aureum,4
Cylindrocladiella parva,4
Cyphella,4
Cytospora tamaricis,4
Dacrymyces adpressus,4
Dactylaria purpurella,4
Dactylella,4
Dactylella submersa,4
Dactylorhiza fuchsii,4
Dahlia x cultorum,4
Daruvedia bacillata,4
Delitschia consociata,4
Delitschia didyma,4
Dermea tulasnei,4
Dermoloma intermedium,4
Dianema harveyi,4
Diaporthe oncostoma,4
Diaporthe ryckholtii,4
Diaporthe skimmiae,4
Didymella caulicola,4
Didymella pinodes,4
Didymium ovoideum,4
Didymium pertusum,4
Didymocyrtis epiphyscia,4
Didymodon,4
Didymopsis helvellae,4
Dimargaris verticillata,4
Diplocarpon alpestre,4
Diplodia consors,4
Diplodia inquinans,4
Diplodia malorum,4
Diplodia tecta,4
Diplodia ulicis,4
Diplodina,4
Diplodina eurhododendri,4
Diplonaevia paulula,4
Discosia strobilina,4
Dothiora oleae,4
Dothiorella fraxinea,4
Dothiorella sarmentorum,4
Elaeagnus macrophylla x pungens = E. x submacrophylla,4
Elaphocephala iocularis,4
Eleocharis multicaulis,4
Eleutheromyces subulatus,4
Enchnoa infernalis,4
Encoelia,4
Encoelia fimbriata,4
Endococcus,4
Endophragmiella cambrensis,4
Endophragmiella corticola,4
Endophragmiella fagicola,4
Enterographa hutchinsiae,4
Entodesmium niesslianum,4
Entoloma cocles,4
Entoloma fridolfingense,4
Entoloma mutabilipes,4
"Entoloma percandidum non Entoloma omphaliiformis (Velen.) Noordel., 1979",4
Entomophthora scatophagae,4
Entyloma fuscum,4
Ephebe lanata,4
Epibryon,4
Epilobium anagallidifolium,4
Equidae,4
Erynia phalloides,4
Erynia variabilis,4
Erysimum,4
Erysiphe astragali,4
Erysiphe deutziae,4
Erysiphe thesii,4
Euphorbia dulcis,4
Euphorbia griffithii,4
Eutypa crustata,4
Eutypella,4
Exobasidium sydowianum,4
Fagaceae,4
Fascicularia bicolor,4
Fatsia japonica,4
Fellhanera bouteillei,4
Festuca arenaria,4
Ficus,4
Fissidens taxifolius,4
Flavocetraria nivalis,4
Fragosphaeria purpurea,4
Fraxinus angustifolia,4
Fucales,4
Fusarium rusci,4
Galactinia,4
Galanthus plicatus,4
Galeopsis,4
Galerina pseudocerina,4
Galerina septentrionalis,4
Gelasinospora reticulispora,4
Genea verrucosa,4
Gliophorus aff. perplexus,4
Globisporangium irregulare,4
Globisporangium minor,4
Globisporangium paroecandrum,4
Globisporangium rostratum,4
Gloeosporium cylindrospermum,4
Gloeotinia aschersoniana,4
Golovinomyces chrysanthemi,4
Golovinomyces senecionis,4
Gomphus clavatus,4
Gonatobotryum fuscum,4
Graphis inustuloides,4
Graphium rigidum,4
Gremmeniella abietina,4
Gyromitra leucoxantha,4
Halonectria milfordensis,4
Hansfordia caricis,4
Harknessia eucalypti,4
Hebeloma ammophilum,4
Hebeloma geminatum,4
Hebeloma testaceum,4
Hedera algeriensis,4
Hedera canariensis,4
Helianthus pauciflorus,4
Helicodendron websteri,4
Helicogonium,4
Helicoma,4
Helicoon chlamydosporum,4
Helleborus niger,4
Hemileccinum depilatum,4
Henicospora minor,4
Heterobasidion,4
Hieracium umbellatum,4
Hirsutella acridiorum,4
Hobsonia mirabilis,4
Hodophilus cambriensis,4
Hohenbuehelia grisea,4
Hormiactella fusca,4
Humaria,4
Humicola alopallonella,4
Hyaloperonospora camelinae,4
Hyaloperonospora hesperidis,4
Hyalopeziza raripila,4
Hyaloscypha pellucida,4
Hyaloscypha secalina,4
Hydnum,4
Hygrocybe flavescens,4
Hygrocybe obrussea,4
Hygrophorus fuscoalbus non With. 1792,4
Hymenogaster muticus,4
Hymenoscyphus roburneus,4
Hymenotorrendiella eucalypti,4
Hyphoderma obtusiforme,4
Hyphoderma sibiricum,4
Hyphodiscus,4
Hypholoma tuberosum,4
Hypocopra brefeldii,4
Hypocopra merdaria,4
Hypomyces albidus,4
Hypomyces semitranslucens,4
Hypotrachyna sinuosa,4
Hysterangium thwaitesii,4
Hysteropezizella rehmii,4
Illosporium carneum,4
Ilyonectria destructans,4
Impatiens parviflora,4
Incrupila,4
Inocybe decemgibbosa,4
Inocybe destricta,4
Inocybe pseudoreducta,4
Inocybe relicina,4
Inocybe rennyi,4
Inocybe tyrii,4
Ischnoderma,4
Itersonilia perplexans,4
Japewiella tavaresiana,4
Juncaceae,4
Juncus gerardii,4
Karlingiomyces dubius,4
Karstenula shepherdiae,4
Kernia nitida,4
Knautia,4
Koenigia polystachya,4
Laboulbenia vulgaris,4
Laccaria macrocystidiata,4
Laccaria maritima,4
Lachnum luteovinosum,4
Lachnum subvirgineum,4
Lactarius necator,4
Lactarius terenopus,4
Lamproderma sauteri,4
Lamprospora annulata,4
Laquearia sphaeralis,4
Lasiobolidium boudieri,4
Lasiobotrys lonicerae,4
Lasionectria boothii,4
Lasiosphaeria glabrata,4
Lathagrium dichotomum,4
Lathyrus palustris,4
Lauraceae,4
Lecanora albellula,4
Lecanora pannonica,4
Lecanora saligna,4
Lecanora sublivescens,4
Leccinum fuscoalbum,4
Lecidoma demissum,4
Leimonis erratica,4
Lentinula edodes,4
Leontodon,4
Lepidium didymum,4
Lepidium sativum,4
Lepista multiformis,4
Leptographium lundbergii,4
Leptonia acuta,4
Leptopeltis,4
Leptosphaeria linearis,4
Leptosphaeria orae-maris,4
Leptosphaeria vagans,4
Lepus,4
Leucoagaricus brunneocingulatus,4
Leucoagaricus densifolius,4
Leucocoprinus fragilissimus,4
Leucocoprinus heinemannii,4
Licea chelonoides,4
Licea erddigensis,4
Lichenoconium,4
Lichenoconium lichenicola,4
Lichenodiplis pertusariicola,4
Lichtheimia ramosa,4
Lignincola laevis,4
Ligustrum lucidum,4
Limonomyces culmigenus,4
Linodochium hyalinum,4
Liquidambar styraciflua,4
Lopadostoma dryophilum,4
Lophiotrema nucula,4
Lophium elegans,4
Lophodermium laricinum,4
Lulworthia submersa,4
Lunularia cruciata,4
Lychnis,4
Lycoperdon radicatum,4
Lysurus cruciatus,4
Macrophoma phlei,4
Marchantia,4
Marchantiophyta,4
Margaritispora,4
Massarina,4
Megalaria grossa,4
Megalaria pulverea,4
Melanoleuca ammophila,4
Melanotaenium jaapii,4
Melilotus albus,4
Meriderma cribrarioides,4
Metarhizium carneum,4
Metasphaeria clypeosphaerioides,4
Metasphaeria graminum,4
Metzgeria furcata,4
Micarea nitschkeana,4
Microthyrium inconspicuum,4
Minichalara microspora,4
Minimelanolocus hughesii,4
Mitrula serpentina,4
Mollisia lycopodis,4
Mollisia macrosperma,4
Mollisia prunicola,4
Monascus purpureus,4
Monodictys antiqua,4
Morchella smithiana,4
Mortierella candelabrum,4
Mortierella hyalina,4
Mortierella polycephala,4
Mortierella verticillata,4
Mucor plasmaticus,4
Muellerella haplotella,4
Muellerella polyspora sensu auct. brit.,4
Mycena albidolilacea,4
Mycena dissiliens,4
Mycena kuehneriana,4
Mycena plumbea,4
Mycena scirpicola,4
Mycena silvae-pristinae,4
Mycena sudora,4
Mycena urania,4
Mycenella rubropunctata,4
Mycocentrospora aquatica,4
Mycolindtneria pterospora,4
Mycomicrothelia confusa,4
Mycosphaerella brunneola,4
Mycosphaerella chamaeropis,4
Mycosphaerella equiseti,4
Mycosphaerella longissima,4
Mycosphaerella pyrolae,4
Mycosymbioces mycenophila,4
Myrmaecium fulvopruinatum,4
Myrothecium,4
Mytilinidion rhenanum,4
Myxotrichum ochraceum,4
Naemaspora microspora,4
Naetrocymbe nitescens,4
Navicella pileata,4
Nectria modesta,4
Nectriopsis,4
Nemania gwyneddii,4
Nemania maritima,4
Nematogonum ferrugineum,4
Neobarya aurantiaca,4
Neokarlingia chitinophila,4
Nesolechia oxyspora,4
Neurospora calospora,4
Newbya polyandra,4
Nicotiana,4
Nicotiana sylvestris,4
Nicotiana tabacum,4
Niptera muelleri-argoviensis,4
Nolanea,4
Nonea lutea,4
Nothophaeocryptopus gaeumannii,4
Nowakowskiella delica,4
Obryzum corniculatum,4
Octospora pilifera,4
Oedocephalum,4
Oedocephalum elegans,4
Oenothera stricta,4
Oidiodendron fuscum,4
Oleaceae,4
Oletheriostrigula papulosa,4
Onopordum acanthium,4
Onychophora coprophila,4
Oomyces carneoalbus,4
Ophiocordyceps verrucosa,4
Ophiognomonia padicola,4
Orbilia corculispora,4
Otidea tuomikoskii,4
Oxalis rosea,4
Pachyphloeus,4
Pachyramichloridium pini,4
Paeonia mascula,4
Panaeolus fimiputris,4
Pandora,4
Papaver orientale,4
Paradiacheopsis microcarpa,4
Paradidymella holci,4
Parafenestella salicis,4
Paragyromitra ambigua,4
Parmeliella parvula,4
Parmelina quercina,4
Parrotia persica,4
Parthenocissus tricuspidata,4
Patellaria,4
Paxillus filamentosus,4
Peltigera leucophlebia,4
Penicillium coremiforme,4
Penicillium crustosum,4
Penicillium digitatum,4
Penicillium lapidosum,4
Penicillium namyslowskii,4
Penicillium waksmanii,4
Pericallis cruenta,4
Peronospora campestris,4
Peronospora erodii,4
Peronospora euphorbiae,4
Peronospora hyoscyami,4
Peronospora jaapiana,4
Peronospora jacksonii,4
Peronospora scleranthi,4
Peyronellaea pomorum,4
Peziza moravecii,4
Peziza paludicola,4
Peziza subumbrina,4
Peziza udicola,4
Pezizella ascopharoides,4
Pezizella eburnea,4
Pezizella parasitica,4
Pezoloma marchantiae,4
Phacidium vaccinii,4
Phacothecium varium,4
Phaeosphaeria caricicola,4
Phaeosphaeria pontiformis,4
Phaeosphaeria silenes-acaulis,4
Phaeosphaeria viridella,4
Phaeostalagmus peregrinus,4
Phaeotremella fimbriata,4
Phasianus colchicus,4
Phloeospora,4
Pholiotina sulcata,4
Phoma epitricha,4
Phomopsis aucupariae,4
Phomopsis buddlejae,4
Phomopsis cirsii,4
Phomopsis demissa,4
Phomopsis ericaceana,4
Phomopsis iridis,4
Phomopsis juniperivora,4
Phomopsis quercella,4
Phomopsis sedi,4
Phomopsis stellariae,4
Phomopsis subordinaria,4
Phragmidium acuminatum,4
Phylloblastia inexpectata,4
Phyllostachys aurea,4
Phyllosticta arbuti,4
Phyllosticta polygonorum,4
Phyllosticta ruscicola,4
Phyllosticta tiliae,4
Phyllosticta ulmi-minoris,4
Phyllostictina ilicis,4
Physarum,4
Physarum brunneolum,4
Physarum limonium,4
Physarum ovisporum,4
Physarum pulcherripes,4
Physcia clementei,4
Pieris,4
Pilatia foliorum,4
Pilobolus,4
Pilosella,4
Pineus,4
Piptocephalis,4
Piptocephalis xenophila,4
Piptoporus,4
Pistillaria,4
Pittosporum,4
Placynthiella oligotropha,4
Plectocarpon lichenum,4
Pleomassaria carpini,4
Pleospora laricina,4
Pleurophoma pleurospora,4
Pleurotellus filicinus,4
Pleurotus euosmus,4
Pluteus hongoi,4
Pluteus insidiosus,4
Podospora,4
Podospora ellisiana,4
Pogonatum aloides,4
Polyblastia dermatodes,4
Polycoccum trypethelioides,4
Polyphagus euglenae,4
Polyporus mori,4
Polyporus tubaeformis,4
Polystichum,4
Porocladium aquaticum,4
Porpidia contraponenda,4
Postia rancida,4
Potentilla anglica x erecta = P. x suberecta,4
Pragmopora amphibola,4
Preussia terricola,4
Propolis rhodoleuca,4
Prunus armeniaca,4
Psammina stipitata,4
Psathyrella gyroflexa,4
Psathyrella squamosa,4
Psathyrella suavissima,4
Pseudaegerita,4
Pseudaegerita corticalis,4
Pseudoanguillospora gracilis,4
Pseudocercospora myrticola,4
Pseudohelotium sordidulum,4
Pseudomassariella vexata,4
Pseudombrophila leporum,4
Pseudosperma,4
Pseudovalsaria,4
Psilachnum auranticolor,4
Psilocybe bullacea,4
Psilocybe cubensis,4
Psilocybe turficola,4
Psychodidae,4
Pterygosporopsis fragilis,4
Puccinia airae,4
Puccinia cardui-pycnocephali,4
Puccinia celakovskyana,4
Puccinia ferruginosa,4
Puccinia jueliana,4
Puccinia physospermi,4
Puccinia polemonii,4
Puccinia pratensis,4
Puccinia ribis,4
Puccinia schneideri,4
Puccinia scorzonerae,4
Pulmonaria longifolia,4
Pyrenodesmia chalybaea,4
Pyrenopeziza salicis,4
Pyrenula nitida,4
Pyrenula occidentalis,4
Pyrola rotundifolia,4
Pyrus salicifolia,4
Pythium pyrilobum,4
Pythium vanterpoolii,4
Pyxidiophora asterophora,4
Quercus pubescens,4
Quercus velutina,4
Racodium rupestre,4
Ramalina cuspidata,4
Ramaria sanguinea,4
Ramaria suecica,4
Ramularia brunnea,4
Ramularia erodii,4
Ramularia keithii,4
Ramularia pusilla,4
Ramularia rufomaculans,4
Ramularia schulzeri,4
Ranunculus lingua,4
Reseda lutea,4
Resupinatus kavinae,4
Rhabdospora,4
Rhachomyces canariensis,4
Rhamnus,4
Rhinotrichum aureum,4
Rhizocarpon distinctum,4
Ribes alpinum,4
Rickenella setipes,4
Rinodina bischoffii,4
Rorippa palustris,4
Rorippa sylvestris,4
Rosa canina group 'Dumales',4
Rosa micrantha,4
Rubroboletus rhodoxanthus,4
Rubus bartonii,4
Rubus cissburiensis,4
Rubus nemoralis,4
Rubus plicatus,4
Rubus prolongatus,4
Rubus tuberculatus,4
Rugosomyces onychinus,4
Rumex palustris,4
Russula aeruginosa,4
Russula aurantiaca,4
Russula gracilis,4
Russula neglecta,4
Russula olivaceoviolascens,4
Russula pseudoaeruginea,4
Russula rubrocarminea,4
Rutstroemia maritima,4
Sagaranella gibberosa,4
Salicaceae,4
Salix myrsinifolia,4
Salix viminalis x caprea = S. x smithiana,4
Saprolegnia anisospora,4
Sarcodon imbricatus,4
Saxifraga aizoides,4
Saxifraga oppositifolia,4
Schizopora,4
Schoenus,4
Sclerencoelia fraxinicola,4
Sclerococcum athallinum,4
Sclerotium durum,4
Scolicosporium fagi,4
Scopinella solani,4
Scopulariopsis candida,4
Scrophularia scorodonia,4
Scutellinia minor,4
Scutellinia mirabilis,4
Scutomollisia pallido-ochracea,4
Selenophoma asterina,4
Septofusidium elegantulum,4
Septonema,4
Septoria arundinacea,4
Septoria digitalis,4
Septoria glaucis,4
Septoria viciicola,4
Silene otites,4
Simulium equinum,4
Skeletocutis,4
Skeletocutis alutacea,4
Skeletocutis subincarnata,4
Solorina crocea,4
Sordaria minima,4
Spergularia rubra,4
Sphaerulina pedicellata,4
Sphagnales,4
Spiculogloea subminuta,4
Spiloma auratum,4
Spilopodia simulata,4
Spiraea alba x douglasii = S. x billardii,4
Spiraea multiflora x thunbergii = S. x arguta,4
Sporidesmium anglicum,4
Sporidesmium ensiforme,4
Sporodophoron cretaceum,4
Stachylidium extorre,4
Stagonospora equiseti,4
Staurothele fissa,4
Steccherinum albidum,4
Stemonitis inconspicua,4
Stemonitopsis amoena,4
Stereopsis hiscens,4
Stereopsis reidii,4
Stereum rugosiusculum,4
Stigmidium aggregatum,4
Stilbella,4
Stilbum,4
Strix aluco,4
Stromatinia cepivora,4
Stysanus,4
Symphyosirinia heraclei,4
Symphyotrichum novae-angliae,4
Syncephalis,4
Synchytrium rubrocinctum,4
Talaromyces piceae,4
Talpa europaea,4
Taphrophila hebridensis,4
Taraxacum hamatum,4
Tarenaya hassleriana,4
Tephrocybe ferruginella,4
Tephrocybe graminicola,4
Tetramyxa parasitica,4
Tetraposporium ravenelii,4
Thecotheus keithii,4
Thelebolus dubius,4
Thelonectria rubi,4
Thraustotheca clavata,4
Thuja occidentalis,4
Tilletiopsis washingtonensis,4
Tomentella cinereoumbrina,4
Toniniopsis verrucarioides,4
Trachycarpus fortunei,4
Trechispora tenuicula,4
Trematosphaeria,4
Tremella hypogymniae,4
Tremella lichenicola,4
Triangularia pauciseta,4
Triangularia verruculosa,4
Triblidium craraense,4
Trichia crateriformis,4
Tricholoma ramentaceum,4
Tricholomopsis,4
Trichopeziza viridula,4
Trichophaea fimbriata,4
Trichurus spiralis,4
Tridentaria,4
Trifolium incarnatum,4
Tuber nitidum,4
Tubulicrinis chaetophorus,4
Tulasnella pruinosa,4
Tympanis confusa,4
Typhula brunneola,4
Umbelopsis isabellina,4
Unguiculella tityri,4
Urceolella appressipila,4
Urocystis avenae-elatioris,4
Uromyces aecidiiformis,4
Uromyces genistae,4
Usnea flammea,4
Ustilago echinata,4
Valeriana phu,4
Variocladium rangiferinum,4
Venturia juncaginearum,4
Venturia saliciperda,4
Veronica alpina,4
Veronica teucrium,4
Verrucaria murina sensu auct.,4
Verticillium niveostratosum,4
Verticillium sulfurellum,4
Verticillium tricorpus,4
Volvariella media,4
Vulpia myuros,4
Wawelia microspora,4
Wettsteinina dryadis,4
Wettsteinina niesslii,4
Wisteria sinensis,4
Xanthoparmelia delisei,4
Xanthoparmelia loxodes,4
Xylohypha,4
Xylohypha ortmansiae,4
Zoophagus insidians,4
Abies amabilis,3
Acanthostigmella genuflexa,3
Acarospora impressula,3
Acarospora sinopica,3
Acarospora umbilicata,3
Acer japonicum,3
Acervus epispartius,3
Acervus flavidus,3
Achroomyces micrus,3
Acrothecium delicatulum,3
Adiantum capillus-veneris,3
Aecidium pseudocolumnare,3
Agave americana,3
Ainoa mooreana,3
Akanthomyces,3
Akanthomyces aculeatus,3
Akenomyces costatus,3
Alcea,3
Aleuria cestrica,3
Allium paradoxum,3
Alloarthopyrenia italica,3
Allophylaria crystallifera,3
Alternaria atra,3
Amanita fulvoides,3
Amanita verna,3
Amaranthaceae,3
Amaurochaete tubulina,3
Amaurodon atrocyaneus,3
Amaurodon cyaneus,3
Amphinema angustispora,3
Amphisphaeria umbrina,3
Amygdalaria pelobotryon,3
Anemone apennina,3
Anguillospora,3
Anguillospora gigantea,3
Anisomeridium ranunculosporum,3
Annulohypoxylon,3
Anopodium ampullaceum,3
Anthomyiidae,3
Anthostoma,3
Anthostomella appendiculata,3
Anthostomella sabinianae,3
Anthracobia,3
Anthracobia uncinata,3
Anthriscus caucalis,3
Antrodia malicola,3
Antrodiella romellii,3
Aphanobasidium aurora,3
Aphroditeola olida,3
Apodachlya minima,3
Aposphaeria,3
Apostemidium,3
Aquanectria submersa,3
Arabidopsis petraea,3
Arachniotus confluens,3
Arbusculina,3
Arcyria,3
Artemisia abrotanum,3
Arthrinium fuckelii,3
Arthrorhaphis grisea,3
Ascobolus brantophilus,3
Ascobolus cervinus,3
Ascobolus crosslandii,3
Ascobolus perplexans,3
Ascochyta avenae,3
Ascochyta grossulariae,3
Ascochyta impatientis,3
Ascochyta ligustri,3
Ascochyta polemonii,3
Ascochyta quadriguttulata,3
Ascochyta sodalis,3
Ascocodinaea polyporicola,3
Ascophanus minutissimus,3
Ascozonus subhirtus,3
Asparagus,3
Aspergillus chevalieri,3
Aspergillus roseus,3
Asplenium adiantum-nigrum,3
Asterionella formosa,3
Asteroma alneum,3
Astrosphaeriella stellata,3
Athelopsis fusoidea,3
Bacidia arceutina,3
Bacidina delicata,3
Bacidina inundata,3
Bactrodesmium,3
Bactrodesmium cedricola,3
Bactrodesmium submoniliforme,3
Basidiodendron cremeum,3
Basidiodendron pini,3
Batkoa papillata,3
Battarrina inclusa,3
Begonia,3
Belemnospora pinicola,3
Bergenia crassifolia,3
Betula nigra,3
Biscogniauxia marginata,3
Bispora fusca,3
Boeremia sambuci-nigrae,3
Bolbitius apicalis,3
Boletus luridiformis,3
Boletus vaccinus,3
Botryobasidium medium,3
Botryodiplodia araucariae,3
Botryosphaeria,3
Botryotrichum verrucosum,3
Botrytis argillacea,3
Botrytis gladiolorum,3
Botrytis squamosa,3
Brachydesmiella biseptata,3
Brachysporium breve,3
Brachythecium,3
Brianaria bauschiana,3
Briancoppinsia cytospora,3
Bromeliaceae,3
Buchwaldoboletus hemichrysus,3
Buellia stellulata,3
Bulbomollisia radiata,3
Bunodophoron melanocarpum,3
Calliphora,3
Callistosporium luteo-olivaceum,3
Callistosporium pinicola,3
Calocera,3
Calophoma clematidina,3
Caloplaca cerinelloides,3
Calosphaeria parasitica,3
Calosphaeria pusilla,3
Calycellina citricola,3
Calycina ellisii,3
Calycina parvispora,3
Calyptella cernua,3
Camarosporium robiniae,3
Camarosporium salicinum,3
Camarosporium tamaricis,3
Camelina,3
Camposporium hyalinum,3
Campylospora chaetocladia,3
Capronia parasitica,3
Capronia semiimmersa,3
Caragana arborescens,3
Carex vaginata,3
Cedrus atlantica 'Glauca',3
Cephalanthera damasonium,3
Cerastium diffusum,3
Ceratium hydnoides,3
Ceratosporium rilstonei,3
Ceratostoma culmicola,3
Cercospora galegae,3
Cercospora myrti,3
Cercosporella,3
Cercosporella brassicae,3
Cerinthe minor,3
Ceriosporopsis calyptrata,3
Cetrelia olivetorum,3
Chaenomeles speciosa,3
Chaenotheca brunneola,3
Chaetodermella luna,3
Chaetomium fimeti,3
Chaetonaevia nannfeldtii,3
Chaetoscutula juniperi,3
Chaetosphaeria bramleyi,3
Chalara rhynchophialis,3
Chromosporium lateritium,3
Chrysosporium,3
Chytriomyces heliozoicola,3
Ciboria juncorum,3
Cirsium rivulare,3
Cistella attenuipilus,3
Cistella mali,3
Citrus,3
Cladonia bacillaris,3
Cladonia bellidiflora,3
Cladophialophora chaetospira,3
Cladosporium cucumerinum,3
Cladosporium epimyces,3
Cladosporium typharum,3
Clarkia amoena,3
Clasterosporium flexum,3
Clastoderma pachypus,3
Claussenomyces,3
Clavaria violaceopulchra,3
Clavidisculum,3
Clitocybe amara,3
Clitocybe collina,3
Clitocybe metachroides,3
Clitocybe opaca,3
Clitocybe umbilicata,3
Clypeococcum psoromatis,3
Cochliobolus miyabeanus,3
Collemopsidium sublitorale,3
Colletotrichum crassipes,3
Colletotrichum lineola,3
Collybia clavus,3
Collybia macilenta,3
Collybiopsis carneopallida,3
Collybiopsis subpruinosa,3
Comatricha,3
Comatricha ellae,3
Comatricha fragilis,3
Comatricha longipila,3
Comatricha reticulospora,3
Conidiobolus,3
Conidiobolus osmodes,3
Conidiobolus thromboides,3
Coniocybe furfuracea,3
Conioscypha gracilis,3
Coniothecium,3
Coniothyrium buddlejae,3
Coniothyrium sphaerospermum,3
Conocybe candida,3
Conocybe pinetorum,3
Conocybe singeriana,3
Conocybe sulcatipes,3
Conoplea fusca,3
Consolida,3
Coprinopsis extinctoria,3
Coprinopsis kimurae,3
Coprinopsis luteocephala,3
Coprinopsis ochraceolanata,3
Coprinopsis rugosobispora,3
Coprinopsis sclerotiger,3
Coprinus cinerescens,3
Coprinus collinus,3
Coprinus fimetarius,3
Coprinus griseofoetidus,3
Coprinus plicatilis,3
Coprinus vosoustii,3
Coprotus glaucellus,3
Coprotus leucopocillum,3
Cordana pauciseptata,3
Cornuvia serpula,3
Coronellaria,3
Coronicium gemmiferum,3
Corticium lacteum,3
Cortinarius alboamarescens,3
Cortinarius anserinus,3
Cortinarius candelaris,3
Cortinarius colossipes,3
Cortinarius crystallinus,3
Cortinarius cumatilis,3
Cortinarius hillieri,3
Cortinarius illuminus,3
Cortinarius imbutus,3
Cortinarius ionophyllus,3
Cortinarius luridus,3
Cortinarius mammillatus,3
Cortinarius microspermus,3
Cortinarius muricinus,3
Cortinarius napus,3
Cortinarius odoratus,3
Cortinarius ominosus,3
Cortinarius percomis,3
Cortinarius periscelis,3
Cortinarius phaeophyllus,3
Cortinarius phaeopygmaeus,3
Cortinarius privignoides,3
Cortinarius pulchripes,3
Cortinarius rapaceus,3
Cortinarius spadicellus,3
Cortinarius violilamellatus,3
Corylus maxima,3
Cota tinctoria,3
Cotinus coggygria,3
Crataegus crus-galli,3
Crataegus persimilis,3
Craterium pyriforme,3
Crepidotus crocophyllus,3
Cribraria oregana,3
Crocodia aurata,3
Crocosmia,3
Cryptocline,3
Cryptococcus macerans,3
Cryptosporella platanigera,3
Cryptosporium betulinum,3
Cryptosporium tami,3
Cryptovalsa suaedicola,3
Cucurbitaria rubefaciens,3
Cudoniella,3
Cudoniella junciseda,3
Cupressus sempervirens,3
Cygnus,3
Cylindrocladium,3
Cystoagaricus populinus,3
Cytospora taxi,3
Dactylaria lepida,3
Dactylium roseum,3
Dactylospora,3
Dahlia pinnata,3
Daphne,3
Dasiphora fruticosa,3
Dasyscyphus comitissae,3
Dasyscyphus pulchricolor,3
Daucus,3
Deconica moelleri,3
Dematioscypha olivacea,3
Dendrodochium,3
Dendrodochium pinastri,3
Dendrophoma,3
Dialonectria diatrypellicola,3
Diaporthe ampelina,3
Diaporthe decorticans,3
Diaporthe leycesteriae,3
Diaporthe pungens,3
Diaporthe retecta,3
Diaporthe tulasnei,3
Dichotomopilus erectus,3
Dicoccum asperum,3
Dictyochaeta hughesii,3
Dictyopolyschema pirozynskii,3
Diderma,3
Diderma arboreum,3
Didymella caricis,3
Didymium applanatum,3
Didymium laxifilum,3
Digitalis grandiflora,3
Dimerium meliolicola,3
Diphasiastrum alpinum,3
Diplococcium,3
Diplodia laurina,3
Diplodia subtecta,3
Diplodia vulgaris,3
Diplodina galii,3
Diplonaevia exigua,3
Diplophlyctis buttermerensis,3
Diplophyllum albicans,3
Dischloridium laeense,3
Disciotis maturescens,3
Discostroma,3
Ditopella fusispora,3
Doronicum plantagineum,3
Drechslera andersenii,3
Drechslera phlei,3
Drechslerella dactyloides,3
Drepanosiphum platanoidis,3
Dryopteris oreades,3
Duebenia compta,3
Durella carestiae,3
Dyrithium lividum,3
Echinoderma boertmannii,3
Echinops sphaerocephalus,3
Ecteinomyces trichopterophilus,3
Elaeagnus,3
Elaphomyces cyanosporus,3
Ellisembia,3
Enantioptera tetra-alata,3
Endococcus apiciicola,3
Endothia radicalis,3
Endoxyla,3
Endoxylina pini,3
Enterographa zonata,3
Entoloma anthracinum,3
Entoloma brassicolens,3
Entoloma canosericeum,3
Entoloma carneogriseum,3
Entoloma caulocystidiatum,3
"Entoloma favrei non Entoloma cinerascens Hesler, 1967",3
Entoloma inusitatum,3
Entoloma pulvereum,3
Entophlyctis confervae-glomeratae,3
Entorrhiza caricicola,3
Entyloma achilleae,3
Entyloma eschscholziae,3
Epilobium ciliatum x montanum = E. x interjectum,3
Epilobium ciliatum x obscurum = E. x vicinum,3
Epimedium alpinum,3
Epipactis helleborine,3
Erigeron,3
Eruca vesicaria,3
Erynia curvispora,3
Erysiphe baptisiae,3
Erythranthe guttata,3
Euphorbia mellifera,3
Euphrasia tetraquetra,3
Eupropolella celata,3
Eurhynchium striatum,3
Eutypa hydnoidea,3
Exobasidium arescens,3
Exobasidium pachysporum,3
Exobasidium splendidum,3
Exobasidium uvae-ursi,3
Exochalara longissima,3
Fibroidium balsaminae,3
Filobasidiella depauperata,3
Flagelloscypha punctiformis,3
Fomitiporia pseudopunctata,3
Fraxinus excelsior 'Diversifolia',3
Fraxinus latifolia,3
Fuscopannaria nebulosa,3
Fuscoporia,3
Fusidium,3
Gaeumannomyces radicicola,3
Galeopsis segetum,3
Galera spartea,3
Galerina fallax,3
Galerina hybrida,3
Galerina minima,3
Galerina terrestris,3
Gallus gallus,3
Galzinia pedicellata,3
Gelasinospora cerealis,3
Geltingia associata,3
Geoglossum simile,3
Geoglossum vleugelianum,3
Geranium himalayense,3
Geranium ibericum x platypetalum = G. x magnificum,3
Gibbera elegantula,3
Gibellula aranicida,3
Gladiolus illyricus,3
Glaucium flavum,3
Gliomastix cerealis,3
Globisporangium pulchrum,3
Glomus coremioides,3
Glutinoglossum pseudoglutinosum,3
Gnomonia,3
Gnomonia nervisequa,3
Gnomonia salina,3
Godronia spiraeae,3
Golovinomyces hieraciorum,3
Graphium subulatum,3
Guepiniopsis alpina,3
Gyalolechia flavorubescens,3
Gymnocarpium dryopteris,3
Gyoerffyella,3
Gyoerffyella entomobryoides,3
Haglundia,3
Harmonia axyridis,3
Harzia verrucosa,3
Hebeloma longicaudum,3
Hebeloma salicicola,3
Helicodendron fractum,3
Helicogloea pellucida,3
Heliscella,3
Helminthosporium,3
Helminthosporium solani,3
Helvella queletiana,3
Hemimycena rickenii,3
Hemitrichia intorta,3
Henningsomyces,3
Hepialidae,3
Hesperomyces harmoniae,3
Heteroconium,3
Hibiscus,3
Hieracium sect. Vulgata,3
Hohenbuehelia unguicularis,3
Homalothecium sericeum,3
Homoptera,3
Hyaloperonospora cheiranthi,3
Hyaloperonospora thlaspeos-arvensis,3
Hyalopeziza verna,3
Hyalorbilia erythrostigma,3
Hyaloscypha candidata,3
Hyaloscypha intacta,3
Hyaloscypha priapi,3
Hyaloscyphaceae,3
Hydnellum auratile,3
Hydraeomyces halipli,3
Hydropus trichoderma,3
Hygrocybe angustifolia,3
Hygrocybe minutula,3
Hygrocybe subminutula,3
Hygrophoropsis,3
Hygrophorus distans,3
Hygrophorus poetarum,3
Hygrophorus smithii,3
Hygrophorus speciosus,3
Hylotelephium telephium,3
Hymenelia epulotica,3
Hymenochaete,3
Hymenogaster thwaitesii,3
Hymenoscyphus fibrillosus,3
Hymenoscyphus infarciens,3
Hymenoscyphus tuba,3
Hypericum xylosteifolium,3
Hyphodontia granulosa,3
Hypholoma xanthocephalum,3
Hyphopolynema ellisiorum,3
Hypochnicium sphaerosporum,3
Hypocrea strobilina,3
Hypomyces lithuanicus,3
Hypotrachyna afrorevoluta,3
Hypsizygus tessulatus,3
Hysterium,3
Hysteropezizella foecunda,3
Hysteropezizella hebridensis,3
Hysterostegiella,3
Iberis sempervirens,3
Idriella grisea,3
Ijuhya peristomialis,3
Imimyces densus,3
Incrupila melatheja,3
Infundibulicybe catinus,3
Inocybe amblyospora,3
Inocybe brunneotomentosa,3
Inocybe calida,3
Inocybe castorina,3
Inocybe fuligineoatra,3
Inocybe fuscidula,3
Inocybe gaiana,3
Inocybe giacomi,3
Inocybe ionolepis,3
Inocybe jucunda,3
Inocybe mycenoides,3
Inocybe mytiliodora,3
Inocybe perbrevis,3
Inocybe pluppiana,3
Inocybe subnudipes,3
Inosperma quietiodor,3
Inula helenium,3
Irpex,3
Irpicodon pendulus,3
Isoachlya toruloides,3
Isthmolongispora,3
Isthmolongispora minima,3
Jamesiella anastomosans,3
Jasminum nudiflorum,3
Jugulospora rotula,3
Kabatiella caulivora,3
Karstenia gregaria,3
Karstenia lonicerae,3
Kirschsteiniothelia atra,3
Kretzschmaria,3
Kuettlingeria ceracea,3
Laboulbenia argutoris,3
Laboulbenia clivinalis,3
Laboulbenia flagellata,3
Lachnella,3
Lachnum callimorphum,3
Lachnum rhodoleucum,3
Lactarius pilatii,3
Lactarius theiogalus,3
Lactarius utilis,3
Lactuca,3
Lasiobelonium,3
Lasiobolus,3
Lathrobium brunnipes,3
Lavatera maritima,3
Lecania rabenhorstii,3
Lecanicillium muscarium,3
Lecanora aitema,3
Lecanora quercicola,3
Lecanora rugosella,3
Lecanora subfusca,3
Leccinum rufum,3
Lecidea,3
Lecidea lapicida,3
Lecidea turgidula,3
Lecidella carpathica,3
Leciographa,3
Leciographa parasemoides,3
Lentinellus omphalodes,3
Leontodon saxatilis,3
Lepidosaphes ulmi,3
Lepista rickenii,3
Lepra aspergilla,3
Leproplaca cirrochroa,3
Leptogium brebissonii,3
Leptogium britannicum,3
Leptographium,3
Leptographium wingfieldii,3
Leptonia lappula,3
Leptosillia wienkampii,3
Leptosphaeria clarkii,3
Leptosphaeria fuscella,3
Leptosphaeria scitula,3
Leptosphaeria tanaceti,3
Leptosporomyces,3
Leptostroma donacinum,3
Leptostromella juncina,3
Leptothyrium castaneae,3
Leucoagaricus purpureolilacinus,3
Leucocoprinus cygneus,3
Leucocoprinus griseofloccosus,3
Leucopaxillus tricolor,3
Libertella,3
Licea perexigua,3
Lichenodiplis opegraphae,3
Lichenosticta alcicornaria,3
Liliaceae,3
Lindra inflata,3
Linospora ceuthocarpa,3
Liriodendron,3
Lithospermum officinale,3
Lolium rigidum,3
Lotus,3
Lulworthia fucicola,3
Luzula spicata,3
Lycopodium clavatum,3
Lyonomyces pyriformis,3
Lyophyllum cessans,3
Macrolepiota prominens,3
Macrophoma,3
Macrophoma collabens,3
Macrophoma falconeri,3
Macrophoma strobi,3
Maireina maxima,3
Malbranchea umbrina,3
Mallocybe siciliana,3
Malus baccata,3
Malva olbia x thuringiaca = M. x clementii,3
Mammaria echinobotryoides,3
Marasmius collinus,3
Marasmius prasiosmus,3
Marssonina sorbi,3
Marthamyces emarginatus,3
Massaria,3
Matteuccia struthiopteris,3
Melampsora liniperda,3
Melampyrum sylvaticum,3
Melanconiella flavovirens,3
Melanconium,3
Melanomma rubicundum,3
Melanomma spiniferum,3
Melanospora asymmetrica,3
Melanospora zamiae,3
Melanostoma mellinum,3
Melaspilea ochrothalamia,3
Meliola ellisii,3
Memnoniella oenanthes,3
Menispora,3
Mentha aquatica x arvensis = M. x verticillata,3
Mentha arvensis x spicata = M. x gracilis,3
Merostictis,3
Micarea inquinans,3
Micarea micrococca,3
Microbotryum duriaeanum,3
Microbotryum scorzonerae,3
Microbotryum stygium,3
Microdiplodia narthecii,3
Microdiplodia perpusilla,3
Microglossum griseoviride,3
Mindeniella spinospora,3
Mirandina corticola,3
Mollisia atrata,3
Mollisia maculata,3
Mollisia mediella,3
Mollisia minutissima,3
Mollisia populi,3
Mollisia stellata,3
Mollisia subcorticalis,3
Monacrosporium,3
Monarda didyma,3
Monilia,3
Monoblepharis hypogyna,3
Monodictys pelagica,3
Mortierella bainieri,3
Mortierella capitata,3
Mucorales,3
Muridae,3
Musca,3
Mycaureola dilseae,3
Mycena agrestis,3
Mycena cicognanii,3
Mycena minutula,3
Mycena niveipes,3
Mycena peltata,3
Mycorhynchus,3
Mycosphaerella euphorbiae,3
Mycosphaerella fraxini,3
Mycosphaerella silenes-acaulis,3
Mycosphaerella tussilaginis,3
Myodes glareolus,3
Myosotis ramosissima,3
Myxosporium belludum,3
Narcissus poeticus x pseudonarcissus = N. x incomparabilis,3
Naucoria pseudoscolecina,3
Neoalpakesa poae,3
Neottia nidus-avis,3
Neottiella ricciae,3
Nephrochytrium aurantium,3
Nesothele hymenogonia,3
Newbya pascuicola,3
Nicotiana glauca,3
Niesslia barbula,3
Nitschkia broomeana,3
Nodulosphaeria mathieui,3
Obba rivulosa,3
Ochrocladosporium elatum,3
Octospora axillaris,3
Octospora crosslandii,3
Octospora gemmicola,3
Octospora tetraspora,3
Octosporella,3
Oenanthe fistulosa,3
Ohleria modesta,3
Oidiodendron rhodogenum,3
Olearia macrodonta,3
Ombrophila helotioides,3
Omphalina favrei,3
Opegrapha,3
Opegrapha dolomitica,3
Opegrapha niveoatra,3
Orbilia cruenta,3
Orbilia ellipsospora,3
Orbilia rubella,3
Origanum,3
Ornithogalum,3
Otidea violacea,3
Ovularia decipiens,3
Oxalis exilis,3
Paecilomyces variotii,3
Panaeolus atrobalteatus,3
Panaeolus semiglobatus,3
Paranchus albipes,3
Paraphyton cookei,3
Parapleurotheciopsis inaequiseptata,3
Paris quadrifolia,3
Parvobasidium bullatum,3
Patinellaria sanguinea,3
Patrobus atrorufus,3
Pelargonium x hortorum,3
Peltigera venosa,3
Pelvetia canaliculata,3
Penicillium canescens,3
Penicillium fellutanum,3
Penicillium implicatum,3
Penicillium italicum,3
Penicillium meridianum,3
Penicillium simplicissimum,3
Penstemon,3
Pentatoma rufipes,3
Perichaena luteola,3
Perichaena pedata,3
Periconia laminella,3
Periconiella,3
Peronospora agrimoniae,3
Peronospora belbahrii,3
Peronospora somniferi,3
Peronosporales,3
Pertusaria flavicans,3
Pertusaria pupillaris,3
Peyritschiella protea,3
Pezicula pruinosa,3
Peziza fortoulii,3
Peziza isabellina,3
Peziza merdae,3
Peziza nidulariformis,3
Phacidium betulinum,3
Phacidium falconeri,3
Phaeocollybia lugubris,3
Phaeographis inusta,3
Phaeographis lyellii,3
Phaeohelotium purpureum,3
Phaeoseptoria phalaridis,3
Phaeosphaeria macrosporidium,3
Phaeospora parasitica,3
Phellodon secretus,3
Phellopilus nigrolimitatus,3
Phialea foliicola,3
Phialocephala,3
Phialopsis ulmi,3
Philaenus spumarius,3
Phlebiella,3
Phleum alpinum,3
Phleum bertolonii,3
Phloeospora robiniae,3
Phoma aculeorum,3
Phoma araucariae,3
Phoma gallarum,3
Phoma idaei,3
Phoma laminariae,3
Phoma saprophytica,3
Phomopsis brachyceras,3
Phomopsis caryophylli,3
Phomopsis dipsaci,3
Phomopsis ilicis,3
Phomopsis jasmini,3
Phomopsis linearis,3
Phomopsis liriodendri,3
Phomopsis morphaea,3
Phomopsis radula,3
Phragmocephala prolifera,3
Phycopeltis,3
Phyllachora,3
Phylloscypha labessiana,3
Phyllosticta epimedii,3
Phyllosticta prunigena,3
Phyllosticta rhododendri,3
Phyllostictina hypoglossi,3
Physalospora,3
Physalospora vitis-idaeae,3
Physarum notabile,3
Physconia pulverulenta,3
Physoderma vagans,3
Phytophthora syringae,3
Picea omorika,3
Pilophorus strumaticus,3
Pinales,3
Piptocephalis cylindrospora,3
Pirottaea imbricata,3
Pirottaea symphyti,3
Pithya vulgaris,3
Plagiostoma apiculatum,3
Plasmopara conii,3
Plectosphaera polypodii,3
Pleospora aquatica,3
Pleospora epilobii,3
Pleospora spartinae,3
Pleurophragmium,3
Pleurotellus,3
Pleurotus septicus,3
Pluteus exiguus,3
Pluteus umbrinellus,3
Poa alpina,3
Podosphaera alpina,3
Podosphaera delphinii,3
Podosphaera pruni-lusitanicae,3
Podospora perplexens,3
Polycoccum marmoratum,3
Polycoccum squamarioides,3
Polydesmia fructicola,3
Polygonum oxyspermum,3
Polypodium cambricum,3
Polyporus arcularius,3
Populus balsamifera x trichocarpa = P. x hastata,3
Porina linearis,3
Porotheleum fimbriatum,3
Postia undosa,3
Potentilla anglica x reptans = P. x mixta,3
Preussia fleischhakii,3
Primula elatior,3
Propolis leonis,3
Protomycopsis leucanthemi,3
Protoparmeliopsis achariana,3
Protosporangium articulatum,3
Protosteliopsis fimicola,3
Prunus avium 'Plena',3
Psathyrella badiophylla,3
Psathyrella frustulenta,3
Psathyrella pseudogordonii,3
Psathyrella scatophila,3
Psathyrella thujina,3
Pseudaegerita foliicola,3
Pseudobaeospora pillodii,3
Pseudocamarosporium pini,3
Pseudocamarosporium propinquum,3
Pseudohelotium,3
Pseudomassaria vaccinii,3
Pseudombrophila merdaria,3
Pseudopeziza alismatis,3
Pseudophacidium microspermum,3
Pseudophacidium rugosum,3
Pseudoplectania sphagnophila,3
Pseudoyuconia thalictri,3
Psilachnum occultum,3
Psilocistella nympharum,3
Psilocybe canobrunnea,3
Pterygosporopsis rhododendri,3
Puccinia agrostidis,3
Puccinia biporospora,3
Puccinia coronatae-calamagrostidis,3
Puccinia ribis-nigri-lasiocarpae,3
Pucciniomycotina,3
Pulvinula cinnabarina,3
Purpureodiscus subisabellinus,3
Pycnoporellus fulgens,3
Pyracantha coccinea,3
Pyrenopeziza fuscescens,3
Pyrenopeziza osiliensis,3
Pyrenopeziza umbellatarum,3
Pyrenophora lolii,3
Pyrenophora phaeocomes,3
Pyrenula dermatodes,3
Pyrenula laevigata,3
Pythium dissimile,3
Pythium monospermum,3
Pyxidiophora grovei,3
Quercus pyrenaica,3
Ramalina pollinaria,3
Ramalina polymorpha,3
Ramalina subfarinacea,3
Ramaria apiculata,3
Ramularia chamerionis,3
Ramularia magnusiana,3
Ramularia rigidula,3
Ranunculaceae,3
Rebentischia,3
Rhabdospora hypochaeridis,3
Rhabdospora salicella,3
Rhexoampullifera fagi,3
Rhinocladium,3
Rhinocladium pulchrum,3
Rhipidium americanum,3
Rhizocarpon lecanorinum,3
Rhizophagus fasciculatus,3
Rhizophydium contractophilum,3
Rhizopus,3
Rhizosiphon crassum,3
Rhodocollybia,3
Rhodocybe griseospora,3
Rhodophyllus tridentinus,3
Rhodotorula,3
Rhopalomyces candidus,3
Rhyacophila dorsalis,3
Rhynchospora alba,3
Rigidoporus,3
Rodentia,3
Rosa arvensis x canina = R. x irregularis,3
Rosa multiflora,3
Rosa villosa,3
Rosa vosagiaca,3
Roselliniella cladoniae,3
Rubus amplificatus,3
Rubus ariconiensis,3
Rubus perdigitatus,3
Rubus spectabilis,3
Ruscus hypoglossum,3
Russula annae,3
Russula faustiana,3
Russula favrei,3
Russula fusconigra,3
Russula graminicolor,3
Russula inamoena,3
Russula pubescens,3
Russula rhodella,3
Russula roseipes,3
Russula ruberrima,3
Russula subterfurcata,3
Rutstroemia coracina,3
Saccobolus globuliferellus,3
Saccobolus truncatus,3
Salicornia dolichostachya,3
Salix cinerea x purpurea x viminalis = S. x forbyana,3
Salix euxina,3
Salix fragilis,3
Salix lanata,3
Salix matsudana,3
Salix myrsinites,3
Salix reticulata,3
Salmo trutta,3
Salvia verticillata,3
Samolus valerandi,3
Saprolegnia eccentrica,3
Saprolegnia latvica,3
Saprolegnia parasitica,3
Sarcogyne hypophaea,3
Saxifraga spathularis,3
Scabiosa,3
Schismatomma ricasolii,3
Schizonella melanogramma,3
Schizoxylon ligustri,3
Schroeteria delastrina,3
Scilla,3
Scilla bifolia,3
Scilla luciliae,3
Scilla sardensis,3
Sclerococcum lobariellum,3
Scleromitrula spiraeicola,3
Sclerophoma,3
Scolecofusarium ciliatum,3
Scolicosporium macrosporium,3
Scopulariopsis,3
Scopulariopsis fusca,3
Scutobelonium amorilens,3
Scutomollisia contraria,3
Scutomollisia operculata,3
Scutomollisia papillata,3
Scutula epiblastematica,3
Scythioria phlogina,3
Scytinium pulvinatum,3
Seaweed,3
Sebacina,3
Securigera varia,3
Sedum album,3
Seimatosporium caudatum,3
Selinia pulchra,3
Selinum carvifolia,3
Semiarundinaria fastuosa,3
Sepedonium,3
Septobasidium,3
Septogloeum,3
Septoria alpicola,3
Septoria armeriae,3
Septoria armoraciae,3
Septoria bromi,3
Septoria cytisi,3
Septoria dianthi,3
Septoria galiorum,3
Septoria junci,3
Septoria lamiicola,3
Septoria lepidii,3
Septoria macropoda,3
Septoria menthae,3
Septoria oenotherae,3
Septoria plantaginea,3
Septoria posoniensis,3
Septoria potentillae,3
Septoria prunellae,3
Septoria rosarum,3
Septoria tanaceti,3
Septosporium bulbotrichum,3
Sericostoma personatum,3
Sertulicium,3
Setophoma terrestris,3
Sigmoidea aurantiaca,3
Sirodesmium olivaceum,3
Sirothyriella,3
Sistotrema coronilla,3
Sistotrema dennisii,3
Sistotrema subtrigonospermum,3
Solidago gigantea,3
Sonderhenia eucalypticola,3
Sordaria sparganiicola,3
Sorghum bicolor,3
Sparganium,3
Spartina alterniflora x maritima = S. x townsendii,3
Sphaerella arbuti,3
Sphaeridium vitellinum,3
Sphaerographium lonicerae,3
Sphaerulina aceris,3
Sphaerulina dolichotera,3
Sphaerulina frondicola,3
Sphaerulina socia,3
Sphagnum cuspidatum,3
Spiranthes,3
Spirographa fusisporella,3
Spirosphaera,3
Sporendonema casei,3
Sporidesmium fusiforme,3
Sporidesmium lobatum,3
Sporisorium sorghi,3
Sporormiella gigantea,3
Sporotrichum geochroum,3
Stagonospora aquatica,3
Stagonospora arrhenatheri,3
Stagonospora cylindrica,3
Stagonospora eleocharidis,3
Stamnaria,3
Steccherinum,3
Stegonsporium cellulosum,3
Stegonsporium ovatum,3
Stemphylium maritimum,3
Stereocaulon paschale,3
Stereocaulon tomentosum,3
Stereum ostrea,3
Sterigmatobotrys rudis,3
Stigmatea polygoni,3
Stigmina platani,3
Stilbocrea gracilipes,3
Strigidae,3
Stropharia squamulosa,3
Stylonectria wegeliniana,3
Stypellopsis hyperborea,3
Subulicium minus,3
Suillellus mendax,3
Sydowiella,3
Symphytocarpus trechisporus,3
Symplectromyces vulgaris,3
Sympodiella foliicola,3
Syncephalis depressa,3
Syncephalis tenuis,3
Synchytrium,3
Synchytrium erieum,3
Taeniolella breviuscula,3
Taeniolella faginea,3
Talaromyces diversus,3
Talaromyces leycettanus,3
Talaromyces rugulosus,3
Tamus,3
Tarbertia juncina,3
Tarzetta,3
Tatraea dumbirensis,3
Teloschistes flavicans,3
Tephrocybe langei,3
Thaxteriella helicoma,3
Thecotheus agranulosus,3
Thecotheus pelletieri,3
Thelebolus caninus,3
Thelenella muscorum,3
Thermomyces,3
Thermomyces stellatus,3
Therrya fuckelii,3
Thuidium,3
Thymus serpyllum,3
Thyrostroma compactum,3
Thysanoptera,3
Tilachlidium,3
Tilletia anthoxanthi,3
Tomentella calcicola,3
Tomentella rhodophaea,3
Topospora obturata,3
Tortula,3
Torula sporendonema,3
Trametes inodora,3
Trapeliopsis gelatinosa,3
Trechispora kavinioides,3
Trechispora minuta,3
Trechispora subsphaerospora,3
Trichobolus dextrinoideosetosus,3
Trichobotrys,3
Trichocladium griseum,3
Trichocladium macrosporum,3
Trichoderma harzianum,3
Trichoderma matsushimae,3
Trichoderma tremelloides,3
Trichoglossum tetrasporum,3
Tricholoma bresadolanum,3
Tricholoma coryphaeum,3
Tricholoma frondosae,3
Tricholoma fucatum,3
Tricholoma luridum,3
Tricholoma pardinum,3
Tricholoma persicinum,3
Tricholoma viridifucatum,3
Trichopezizella relicina,3
Trichophaea saccata,3
Trichosporiella cerebriformis,3
Tricladium robustum,3
Trifolium ornithopodioides,3
Tropaeolum peregrinum,3
Troposporella olivacea,3
Trullula melanochlora,3
Tryblidiopsis pinastri,3
Tubaria praestans,3
Tubercularia,3
Tubeufia parvula,3
Tubulicrinis effugiens,3
Tulasnella brinkmannii,3
Tulasnella falcifera,3
Tulosesus bisporiger,3
Tulosesus canistri,3
Tulosesus subpurpureus,3
Tympanis,3
Tympanis hypopodia,3
Typhula berthieri,3
Typhula filiformis,3
Typhula gracillima,3
Typhula thaxteri,3
Ulocladium consortiale,3
Unguiculella,3
Urocystis magica,3
Urocystis occulta,3
Urocystis trollii,3
Uromyces ari-triphylli,3
Uromyces viciae,3
Usnea wasmuthii,3
Vaccinium corymbosum,3
Valdensia heterodoxa,3
Velutarina juniperi,3
Verbena hastata,3
Veronaea parvispora,3
Veronica filiformis,3
Verrucaria margacea,3
Verticillium aspergillus,3
Verticillium catenulatum,3
Verticillium epimyces,3
Vibrissea decolorans,3
Vibrissea norvegica,3
Vincetoxicum nigrum,3
Viola riviniana x lactea,3
Virgariella atra,3
Virgariella ovoidea,3
Vitis,3
Volvariella aethiops,3
Vulpicida pinastri,3
Weigela,3
Wentiomyces,3
Xanthoparmelia pulla,3
Xenasmatella,3
Xylaria guepinii,3
Xylographa parallela,3
Xylopsora caradocensis,3
Xylopsora friesii,3
Zelkova carpinifolia,3
Zignoella fallax,3
Zignoella paecilostoma,3
Zignoella rhytidodes,3
Zignoella seriata,3
Zoophthora petchii,3
Zopfiella erostrata,3
Zwackhiomyces sphinctrinoides,3
Zygogloea gemellipara,3
Zygosporium mycophilum,3
Zyzygomyces bachmannii,3
Abies cilicica,2
Abies concolor,2
Abies veitchii,2
Abrothallus suecicus,2
Absconditella celata,2
Acanthus,2
Acarospora,2
Acaulopage rhicnospora,2
Acer cissifolium,2
Acer opalus,2
Achlya dubia,2
Achlya imperfecta,2
Achroomyces henricii,2
Achroomyces lumbricifer,2
Achroomyces pachysterigmatus,2
Acrodictyopsis lauri,2
Acronicta rumicis,2
Acrostalagmus galeoides,2
Acrostalagmus vilmorinii,2
Actinomucor elegans,2
Adoxa,2
Aesculus flava,2
Agaricus gangraenosus,2
Agaricus greuteri,2
Agaricus pratensis,2
Agaricus pseudopratensis,2
Aglaospora profusa,2
Agrimonia procera,2
Agrocybe sphaleromorpha,2
Agrocybe tabacina,2
Agyrium,2
Aira praecox,2
Akanthomyces aranearum,2
Albugo capparis,2
Albugo rorippae,2
Alectoria nigricans,2
Aleuria,2
Alisma,2
Alisma lanceolatum,2
Allium oleraceum,2
Allium siculum,2
Alloclavaria,2
Alnicola umbrina,2
Aloe,2
Alternaria cheiranthi,2
Alternaria oudemansii,2
Alternaria radicina,2
Alternaria raphani,2
Alternaria violae,2
Alyssum,2
Amaranthus hybridus,2
Amaurodon viridis,2
Amblystegiaceae,2
Amerosporium congregatum,2
Ammi majus,2
Amphisphaeria bufonia,2
Ampulliferina lauri,2
Anamorphic fungi,2
Anaphalis margaritacea,2
Anaptychia mamillata,2
Anchusa officinalis,2
Angelica archangelica,2
Aniptodera fusiformis,2
Anisantha diandra,2
Anisogramma virgultorum,2
Anthostoma amoenum,2
Anthostomella trachycarpi,2
Anthracobia nitida,2
Anthracobia subatra,2
Anthracoidea bigelowii,2
Anthracoidea heterospora,2
Anthriscus cerefolium,2
Antrodiella,2
Antrodiella genistae,2
Aphanoascus,2
Aphanobasidium sphaerosporum,2
Aphanomyces astaci,2
Apiognomonia petiolicola,2
Apiospora,2
Aposphaeria populea,2
Arabis alpina,2
Araiospora pulchra,2
Arbusculina moniliformis,2
Arbutus,2
Arcyria globosa,2
Arcyria insignis,2
Arenaria,2
Arenaria norvegica,2
Areotheca ambigua,2
Arrhenia,2
Artemisia verlotiorum,2
Arthonia fuscopurpurea,2
Arthopyrenia allogena,2
Arthroderma uncinatum,2
Arthrographis sulphurea,2
Arthrorhaphis aeruginosa,2
Arundo donax,2
Arxiella terrestris,2
Arxiomyces vitis,2
Asarum europaeum,2
Ascobolus barbatus,2
Ascobolus brunneus,2
Ascobolus ciliatus,2
Ascochyta betae,2
Ascochyta cucumeris,2
Ascochyta deformis,2
Ascochyta dianthi,2
Ascochyta epilobii,2
Ascochyta garryae,2
Ascochyta humuli,2
Ascochyta nigripycnidia,2
Ascochyta psammae,2
Ascochyta sorghi,2
Ascodesmis microscopica,2
Ascosphaera apis,2
Ascozonus,2
Aspergillus amstelodami,2
Aspergillus restrictus,2
Aspergillus sejunctus,2
Asplenium marinum,2
Asteroma,2
Asteroma betulae,2
Asteroma euphorbiacearum,2
Asteromella sorbicola,2
Asteromella ulmi,2
Asteromyces cruciatus,2
Asterophora,2
Asterostroma,2
Astilbe,2
Astragalus danicus,2
Astragalus glycyphyllos,2
Athelia rolfsii,2
Athelopsis lacerata,2
Athyrium,2
Aureobasidium microstictum,2
Auricularia,2
Avena strigosa,2
Avenula pubescens,2
Azara,2
Bacidia killiasii,2
Badhamia,2
Badhamia apiculospora,2
Balanium stygium,2
Balsamia fragiformis,2
Baptisia,2
Barbarea intermedia,2
Barbatosphaeria barbirostris,2
Bartsia,2
Basidiobolus ranarum,2
Basidioradulum tuberculatum,2
Belonidium,2
Belonidium caricicola,2
Belonopsis ebudensis,2
Bensingtonia ciliata,2
Berberis aggregata,2
Berberis darwinii x empetrifolia = B. x stenophylla,2
Berberis vulgaris x thunbergii = B. x ottawensis,2
Bettsia alvei,2
Betula pubescens Ehrh.,2
Biatora vernalis,2
Bilimbia lobulata,2
Bipolaris iridis,2
Biscogniauxia,2
Bisporella,2
Bjerkandera,2
Blumeria avenae,2
Bolbitius,2
Bolbitius bulbillosus,2
Boletopsis watlingii,2
Boletus luridus,2
Boletus niveus nom. illegit.,2
Bombardioidea stercoris,2
Botryobasidium asperulum,2
Botryodiplodia fraxini,2
Botryosphaeria trames,2
Botryosporium,2
Botryotinia,2
Botrytis croci,2
Botrytis violacea,2
Boubovia nicholsonii,2
Brassica juncea,2
Brevilegnia linearis,2
Briza media,2
Bromus arvensis,2
Brunnipila,2
Bryocentria,2
Bryochiton monascus,2
Bryoria bicolor,2
Bryoria capillaris,2
Bryorutstroemia fulva,2
Bryoscyphus,2
Bryum dichotomum,2
Buchwaldoboletus sphaerocephalus,2
Buddleja alternifolia,2
Buellia spuria,2
Buellia subdisciformis,2
Bulbomollisia,2
Bulbomollisia striata,2
Burgoa,2
Buxus balearica,2
Byssoloma llimonae,2
Byssolophis sphaerioides,2
Cacumisporium,2
Calathella eruciformis,2
Calicium abietinum,2
Calicium notarisii,2
Calliphora vicina,2
Calloria galiorum,2
Calocera stricta,2
Calocybe,2
Calonectria kyotensis,2
Calonectria lauri,2
Caloplaca,2
Caloplaca microthallina,2
Caloplaca thallincola,2
Calospora undulata,2
Calycellina juniperina,2
Calycina brevipes,2
Calycina venceslai,2
Calyptella gibbosa,2
Camarosporium karstenii,2
Camarosporium tiliae,2
Camelina sativa,2
Camposporium,2
Camposporium japonicum,2
Campylopus subulatus,2
Campylospora tetracladia,2
Cantharellus,2
Cantharellus romagnesianus,2
Cantharellus subpruinosus,2
Capnobotrys splendens,2
Capnophialophora pinophila,2
Capra,2
Capronia sexdecimspora,2
Carduus tenuiflorus,2
Carex capillaris,2
Carex caryophyllea,2
Carex distans,2
Carex disticha,2
Carex lachenalii,2
Carex longebrachiata,2
Carex spicata,2
Carex strigosa,2
Caryospora callicarpa,2
Catananche caerulea,2
Catapyrenium cinereum,2
Catapyrenium psoromoides,2
Catenuloxyphium semiovatum,2
Catillaria minuta,2
Catillaria nigroclavata,2
Cecidomyiidae,2
Cenangiomyces luteus,2
Centaurium,2
Cephalotrichum medium,2
Cephalozia curvifolia,2
Ceratocystis autographa,2
Ceratocystis pilifera,2
Ceratodon,2
Ceratosphaeria fragilis,2
Ceratosphaeria rhenana,2
Ceratostoma,2
Cercis,2
Cercospora hydrangeae,2
Cercospora physospermi,2
Cerinthe major,2
Ceriospora,2
Ceriporiopsis resinascens,2
Chaenomeles japonica,2
Chaenorhinum minus,2
Chaenotheca hispidula,2
Chaenotheca phaeocephala,2
Chaenotheca trichialis,2
Chaerophyllum aureum,2
Chaetomastia hispidula,2
Chaetomidium unciatum,2
Chaetomium subfimeti,2
Chaetosphaeria lentomita,2
Chalara brefeldii,2
Chalara dennisii,2
Chalara sessilis,2
Chalaropsis ovoidea,2
Cheilaria agrostidis,2
Cheilymenia insignis,2
Cheiromycella chomatospora,2
Chenopodium ficifolium,2
Chenopodium quinoa,2
Chiloscyphus polyanthos,2
Chlamydomyces,2
Chroogomphus britannicus,2
Chroogomphus fulmineus,2
Chytridiales,2
Ciborinia foliicola,2
Cistella lagenipilus,2
Cladonia convoluta,2
Cladonia stellaris,2
Cladosporium ornithogali,2
Classicula fluitans,2
Claussenomyces dacrymycetoideus,2
Claussenomyces olivaceus,2
Clauzadeana macula,2
Clavaria corbierei,2
Clavaria elegans,2
Clavaria messapica,2
Clavariaceae,2
Clavariadelphus,2
Clavariopsis tenuis,2
Clavulina,2
Clavulinopsis luticola,2
Clematis montana,2
Clitocybe augeana,2
Clitocybe diosma,2
Clitocybe elixa,2
Clitocybe fuscosquamula,2
Clitocybe maxima,2
Clitocybe monstrosa,2
Clitocybe subcordispora,2
Clitopilus vilis,2
Clivina fossor,2
Clypeococcum cladonema,2
Clypeostagonospora,2
Coccomyces arctostaphyli,2
Cocos nucifera,2
Coemansia aciculifera,2
Coemansia thaxteri,2
Colchicum,2
Coleophoma taxi,2
Coleosporium cacaliae,2
Coleosporium narcissi nom. inval.,2
Collema nigrescens,2
Colletotrichum capsici,2
Colletotrichum circinans,2
Colletotrichum lini,2
Collybia paupertina,2
Colpoma,2
Columba palumbus,2
Conferticium insidiosum,2
Conifer seedlings/saplings,2
Coniochaeta polymegasperma,2
Coniocybe brachypoda,2
Coniothecium effusum,2
Coniothyrium concentricum,2
Coniothyrium palmarum,2
Coniothyrium pteridis,2
Coniothyrium slaptonense,2
Coniothyrium tamaricis,2
Conium,2
Conocephalum,2
Conocephalum conicum,2
Conocybe crispa,2
Conocybe enderlei,2
Conocybe hornana,2
Conocybe ochracea nom. nud.,2
Conocybe ochrostriata,2
Conocybe pallidospora,2
Conocybe plumbeitincta,2
Conocybe umbonata,2
Coprinellus dilectus,2
Coprinellus sassii,2
Coprinopsis herinkii,2
Coprinus squamosus,2
Coprotus bilobus,2
Cordyceps tenuipes,2
Cornus florida,2
Corticiaceae,2
Cortinarius alboadustus,2
Cortinarius alneus,2
Cortinarius aureocalceolatus,2
Cortinarius badiolilaceus,2
Cortinarius balteatoalbus,2
Cortinarius basiroseus,2
Cortinarius brunneiaurantius,2
Cortinarius caesiostramineus,2
Cortinarius caliginosus,2
Cortinarius camptoros,2
Cortinarius causticus,2
Cortinarius cinnamoviolaceus,2
Cortinarius coerulescentium,2
Cortinarius decumbens,2
Cortinarius diabolicoides,2
Cortinarius fasciatus,2
Cortinarius firmus,2
Cortinarius flexibilifolius,2
Cortinarius fulvo-ochrascens,2
Cortinarius fuscogracilescens,2
Cortinarius injucundus,2
Cortinarius jubarinus,2
Cortinarius lebretonii,2
Cortinarius lindstroemii,2
Cortinarius livor,2
Cortinarius mairei,2
Cortinarius marginatosplendens,2
Cortinarius melanotus,2
Cortinarius miltinus,2
Cortinarius moenne-loccozii,2
Cortinarius moneus,2
Cortinarius multiformium,2
Cortinarius nitidus,2
Cortinarius nolaneiformis,2
Cortinarius norvegicus,2
Cortinarius occidentalis,2
Cortinarius oreoborealis,2
Cortinarius pateriformis,2
Cortinarius polaris,2
Cortinarius praestigiosus,2
Cortinarius puellaris,2
Cortinarius renidens,2
Cortinarius riederi,2
Cortinarius rigidipes,2
Cortinarius roseonudipes,2
Cortinarius salicticola as 'salicticolus',2
Cortinarius serratissimus,2
Cortinarius subbulliardioides,2
Cortinarius sublanatus,2
Cortinarius subporphyropus,2
Cortinarius subsaniosus,2
Cortinarius umbonatus,2
Cortinarius vicinus,2
Cortinarius violaceovelatus,2
Corynespora cambrensis,2
Corynesporopsis,2
Coscinodon cribrosus,2
Cosmospora butyri,2
Costantinella,2
Cotoneaster frigidus x salicifolius = C. x watereri,2
Cotoneaster horizontalis,2
Craterium aureonucleatum,2
Craterium vulgare,2
Crepidotus pezizoides,2
Cribraria,2
Cristella submutabilis,2
Crocicreas sellingensis,2
Crocosmia masoniorum,2
Cruentomycena viscidocruenta,2
Crutarndina petractoides,2
Cryptodiaporthe,2
Cryptodiscus,2
Cryptoniesslia setulosa,2
Cryptosporium,2
Cryptosporium minimum,2
Cucullia verbasci,2
Cucumis,2
Cucurbita ficifolia,2
Cudonia boudieri,2
Cuphophyllus borealis,2
Curvularia,2
Cydonia,2
Cylindrobasidium parasiticum,2
Cylindroiulus punctatus,2
Cynodon dactylon,2
Cynosurus,2
Cystoderma superbum,2
Cystolepiota ompnera,2
Cytisus striatus,2
Cytoplea hederae,2
Cytospora euonymi,2
Cytospora fugax,2
Cytospora persoonii,2
Cytospora sarothamni,2
Cytosporina ramealis,2
Dacrymyces lacrymalis,2
Dactylaria fusiformis,2
Dactylellina appendiculata,2
Dactylorhiza,2
Daedalea aurea,2
Dahlia coccinea,2
Daldinia pyrenaica,2
Daphne mezereum,2
Dasyscyphus aureus,2
Dasyscyphus spadiceus,2
Datronia stereoides,2
Davidiella carinthiaca,2
Deconica chionophila,2
Delairea odorata,2
Dendrodochium rubellum,2
Dendrospora fastuosa,2
Dendrospora nana,2
Dendryphion griseum,2
Dermateaceae,2
Descolea antarctica,2
Deutzia,2
Deutzia scabra,2
Dialonectria diatrypicola,2
Dianema repens,2
Diaporthe cinerascens,2
Diaporthe genistae,2
Diaporthe intermedia,2
Diaporthe nodosa,2
Diaporthe picea,2
Diaporthe sorbariae,2
Diaporthe striiformis,2
Diatrypales,2
Diatrypella discoidea,2
Dichobotrys,2
Dichostereum durum,2
Dicranella,2
Dicranella subulata,2
Dicranum,2
Dictyochaeta,2
Dictyosporium,2
Dictyosporium foliicola,2
Dictyostelium discoideum,2
Diderma cinereum,2
Diderma sauteri,2
Didymaria linariae,2
Didymella lophospora,2
Didymella operosa,2
Didymella phleina,2
Didymella salicis,2
Didymella trifolii,2
Didymium,2
Didymium congestum,2
Didymium melanopus,2
Didymium nivicola,2
Didymium trochus,2
Didymium tubulatum,2
Didymium umbilicatum,2
Didymodon rigidulus,2
Didymopleella cladii,2
Didymosphaeria epidermidis,2
Didymosphaeria massarioides,2
Dinemasporium,2
Diplocarpon,2
Diplococcium strictum,2
Diplodia magnoliae,2
Diplodia populina,2
Diplodia rosarum,2
Diplodia rudis,2
Diplodia syringae,2
Diplodia tiliae,2
Diploschistes caesioplumbeus,2
Dipodascus geotrichum,2
Discinella purpurascens,2
Discocistella bullii,2
Discosia,2
Discosia pleurochaeta,2
Discosphaerina miribelii,2
Discula caricis,2
Disculina betulina,2
Dissingia confusa,2
Dissoderma galerinicola,2
Ditrichum pusillum,2
Doassansia limosellae,2
Doronicum orientale,2
Dothiora moravica,2
Dothiora sphaeroides,2
Dothiorella,2
Draba incana,2
Dryopteris erythrosora,2
Duplicaria empetri,2
Durandiella fraxini,2
Durella compressa,2
Durella melanochlora,2
Echinula,2
Elaphomyces decipiens,2
Elixia flexella,2
Emilia,2
Encalypta vulgaris,2
Endoconospora cerastii,2
Endogone,2
Endophragmiella pallescens,2
Endoxyla parallela,2
Enkianthus campanulatus,2
Entoloma caesiocyanea,2
Entoloma gerriae,2
Entoloma glaucobasis,2
Entoloma hirtum,2
Entoloma lanicum,2
Entoloma nigrocinnamomeum,2
Entoloma pentagonale,2
Entoloma placenta,2
Entoloma roseoalbum,2
Entomophaga aulicae,2
Entomophthora aphrophorae,2
Entomophthora coleopterorum,2
Entomophthora richteri,2
Entyloma eryngii-maritimi,2
Entyloma veronicae,2
Epibryon interlamellare,2
Epichloe,2
Epichloe mollis,2
Epilobium lanceolatum,2
Epimedium,2
Epipolaeum,2
Equisetum variegatum,2
Erica vagans,2
Erigeron acris,2
Erigeron floribundus,2
Erodium,2
Erostrotheca multiformis,2
Eryngium,2
Erysiphe cotini,2
Erysiphe galegae,2
Eucalyptus globulus,2
Eucalyptus urnigera,2
Euphorbia peplis,2
Euphorbia stricta,2
Euphrasia pseudokerneri,2
Euryops acraeus,2
Eutypa acerina,2
Eutypella tetraploa,2
Exobasidium,2
Fagales,2
Fagus crenata,2
Fagus sylvatica 'Dawyck',2
Fargesia,2
Fargesia murielae,2
Felis catus,2
Fellhanera viridisorediata,2
Fenestella,2
Festuca filiformis,2
Fistulina,2
Flabellospora,2
Flabellospora amphibia,2
Flagelloscypha kavinae,2
Flagelloscypha parasitica,2
Flammula aldridgei,2
Flammulina populicola,2
Flavoplaca arcis,2
Flavoplaca marina,2
Fluminispora ovalis,2
Foveostroma drupacearum,2
Frutidella caesioatra,2
Fucus serratus,2
Fuligo megaspora,2
Furia montana,2
Fusarium acuminatum,2
Fusarium cinerea,2
Fusarium concolor,2
Fusarium incarnatum,2
Fusarium torulosum,2
Fusarium udum,2
Fusicoccum obtusulum,2
Fusicoccum quercinum,2
Fusicolla betae,2
Fusidium heteronemum,2
Fusidium viride,2
Galanthus elwesii,2
Galerina paludinella,2
Galium album x verum = G. x pomeranicum,2
Galium boreale,2
Galzinia forcipata,2
Genea,2
Genista anglica,2
Gentiana,2
Gentiana acaulis,2
Geotrichum decipiens,2
Geranium psilostemon,2
Gibbera conferta,2
Gibellulopsis nigrescens,2
Gilbertaria contristans,2
Gilmaniella humicola,2
Gjaerumia ossifragi,2
Globulisebacina rolleyi,2
Glomerella montana,2
Gloniella,2
Gloniopsis,2
Glycine max,2
Gnomonia fimbriata,2
Godronia,2
Golovinomyces,2
Gonatobotryum parasiticum,2
Gorgoniceps,2
Gorgoniceps boltonii,2
Graphium cuneiferum,2
Graphium fissum,2
Grimmia,2
Guignardia pinastri,2
Gyalectiphila achromatica,2
Gyalolechia fulgens,2
Gymnopilus filiceus,2
Gymnopilus liquiritiae,2
Gyoerffyella tricapillata,2
Gypsophila elegans,2
Haglundia sarmentorum,2
Haligena elaterophora,2
Halosigmoidea marina,2
Halyzia sedecimguttata,2
Hamatocanthoscypha dryopteridis,2
Harpella melusinae,2
Harposporium helicoides,2
Harposporium sicyodes,2
Hawksworthiana peltigerae,2
Hebeloma alpinum,2
Hebeloma syrjense,2
Hebeloma versipelle,2
Hedera colchica,2
Helicobasidium,2
Helicobasidium holospirum,2
Helicodendron intestinale,2
Helicomyces bellus,2
Helicomyces scandens,2
Helminthosphaeria,2
Helminthosporium exasperatum,2
Hemimycena pseudogracilis,2
Hemipholiota heteroclita,2
Hemistropharia albocrenulata,2
Hendersonia,2
Hendersonia acicola,2
Hendersonia arundinacea,2
Hendersonia juncina,2
Hepialus,2
Herpotrichia juniperi,2
Hesperomyces halyziae,2
Heteropatella antirrhini,2
Heterosphaeria,2
Heterosphaeria linariae,2
Heterosphaeria nitella,2
Heuchera sanguinea,2
Hieracium subcrocatum,2
Hippocrepis comosa,2
Hodophilus anatinus,2
Hodophilus phaeophyllus,2
Hodophilus tenuicystidiatus,2
Hohenbuehelia leightonii,2
Homalothecium lutescens,2
Hormomyces peniophorae,2
Hormonema,2
Humicola fuscoatra,2
Humulus,2
Hyalinia leightonii,2
Hyalodendron,2
Hyalopus curtipes,2
Hyalorbilia fagi,2
Hyaloscypha carpinacea,2
Hydnangium,2
Hydnellum lepidum,2
Hydnotrya,2
Hydnum pallidum,2
Hygrocybe citrina,2
Hygrocybe subminiata,2
Hygrophorus dichrous nom. nud.,2
Hygrophorus leucophaeus,2
Hygrophorus lividoalbus,2
Hygrophorus ventricosus,2
Hylocomium,2
Hylocomium splendens,2
Hymenogaster sulcatus,2
Hymenophyllum wilsonii,2
Hymenopsis,2
Hymenoscyphus codicum,2
Hymenoscyphus electrinus,2
Hymenoscyphus flavofuscescens,2
Hymenoscyphus magnificus,2
Hymenoscyphus populneus,2
Hymenoscyphus procerus,2
Hymenostilbe,2
Hyoscyamus niger,2
Hypericum 'Hidcote',2
Hyphoderma cristulatum,2
Hyphodontia spathulata,2
Hypholoma elaeodes,2
Hypochaeris,2
Hypocopra planispora,2
Hypocopra stercoraria,2
Hypomyces hyalinus,2
Hypomyces stephanomatis,2
Hypospilina bifrons,2
Hypoxylon perforatum,2
Hysteronaevia,2
Hysteropezizella prahliana,2
Hysterostegiella crassomarginata,2
Imleria,2
Immersiella hirta,2
Inocybe armeniaca,2
Inocybe aurea,2
Inocybe carpta,2
Inocybe fibrosa,2
Inocybe grammatoides,2
Inocybe lindrothii,2
Inocybe melanopoda,2
Inocybe metrodii,2
Inocybe pallida,2
Inocybe pseudorubens,2
Inocybe scabra,2
Inocybe semifulva,2
Inocybe trechispora,2
Inosperma,2
Intextomyces contiguus,2
Iodophanus testaceus,2
Ipimorpha subtusa,2
Ipomoea purpurea,2
Isaria,2
Isaria citrina,2
Isatis tinctoria,2
Isothecium,2
Itersonilia pastinacae,2
Jasminum,2
Julella sericea,2
Juniperus chinensis,2
Juniperus virginiana,2
Kalmia,2
Kalmia procumbens,2
Kindbergia,2
Kneiffiella,2
Korscheltellus lupulina,2
Krieglsteinera lasiosphaeriae,2
Laboulbenia fasciculata,2
Laboulbenia leisti,2
Laboulbenia polyphaga,2
Laboulbenia pseudomasci,2
Laccaria bella,2
Lachnum pulchellum,2
Lachnum sesleriae,2
Lactarius capsicum,2
Lactarius lanceolatus,2
Lactarius obliquus,2
Laetinaevia luzulae,2
Laetinaevia minutissima,2
Laetiporus,2
Lamproderma zonatum,2
Lamprospora,2
Lamprospora dicranellae,2
Laothoe,2
Larentia clavaria,2
Lasiodiplodia theobromae,2
Lasiosphaeria caudata,2
Lasiosphaeria felina,2
Lasiosphaeria hispidula,2
Lasiosphaeria racodium,2
Lateriramulosa bi-inflata,2
Lavandula angustifolia x latifolia = L. x intermedia,2
Laxitextum,2
Lecania hutchinsiae,2
Lecanicillium tenuipes,2
Lecanora compallens,2
Lecanora frustulosa,2
Lecanora ochroidea,2
Lecanora stenotropa,2
Lecanora subcarnea,2
Lecanora subrugosa,2
Leccinum aerugineum,2
Leccinum leucophaeum,2
Lecidea berengeriana,2
Lecidea fuliginosa,2
Lecidella asema,2
Leiosphaerella,2
Leistus ferrugineus,2
Lembosia luzulae,2
Lembosina gontardii,2
Lemmopsis oblongans,2
Lemonniera pseudofloscula,2
Lentescospora submarina,2
Lentinus,2
Lentomitella investita,2
Lepidium heterophyllum,2
Lepidoderma aggregatum,2
Lepidoderma crassipes,2
Lepidomyces subcalceus,2
Lepiota glaucophylla,2
Lepiota polysticta,2
Lepra dactylina,2
Lepraria rigidula,2
Leptochlamys thecicola,2
Leptodothiorella,2
Leptoglossum,2
Leptographium procerum,2
Leptographium serpens,2
Leptographium truncatum,2
Leptonia intermedia,2
Leptorhaphis atomaria,2
Leptosphaeria dumetorum,2
Leptosphaeria gloeospora,2
Leptosphaeria marina,2
Leptosphaeria praeclara,2
Leptosphaeria solani,2
Leptosphaeria submaculans,2
Leptosphaeria uliginosa,2
Leptostroma luzulae,2
Leptostroma pteridis,2
Leptostromella hysterioides,2
Leskea polycarpa,2
Leucoagaricus gauguei,2
Leucocoprinus medioflavus,2
Leucocoprinus tenellus,2
Leucocoprinus zeylanicus,2
Leucodecton isidioides,2
Leucostoma massarianum,2
Leycesteria formosa,2
Libertella rosae,2
Licea deplanata,2
Licea tenera,2
Lichenochora obscuroides,2
Lichenopeltella,2
Lichenopeltella cupularum,2
Ligniera junci,2
Ligusticum,2
Lilium,2
Limacella,2
Limonium humile,2
Limosella aquatica,2
Linaria maroccana,2
Lindtneria hydnoidea,2
Lipomyces starkeyi,2
Litschauerella abietis,2
Lonicera caprifolium,2
Lonicera etrusca,2
Lopadostoma polynesium,2
Lophiostoma microstomum,2
Lophiostoma subcorticale,2
Lophiotrema myriocarpum,2
Lophium barbarum,2
Lophocolea,2
Lotus tenuis,2
Luzula arcuata,2
Lycoperdaceae,2
Lycopersicon,2
Lyophyllum caerulescens,2
Lysimachia punctata,2
Lythrum,2
Macgarvieomyces borealis,2
Macleaya microcarpa,2
Macrophoma gymnogongri,2
Macrophoma passifloricola,2
Magdalaenaea,2
Magnolia acuminata,2
Mahonia aquifolium x pinnata = M. x wagneri,2
Malbranchea sulfurea,2
Mallocybe,2
Malva setigera,2
Malva verticillata,2
Mamianiella coryli,2
Marasmius siccus,2
Marssonina dispersa,2
Marssonina potentillae,2
Massalongina aquilina,2
Massaria vomitoria,2
Massarina alni,2
Mastigosporium deschampsiae,2
Megalocystidium,2
Melampsora abietis-caprearum,2
Melampsora euphorbiae-amygdaloidis,2
Melampsora pinitorqua,2
Melampsora reticulatae,2
Melampsora vernalis,2
Melanconiella spodiaea,2
Melanelia stygia,2
Melanogaster,2
Melanoleuca microcephala,2
Melanoleuca reae,2
Melanopsichium nepalense,2
Melanospora,2
Melanospora karstenii,2
Melastiza rozei,2
Melilotus indicus,2
Meliola,2
Membranomyces spurius,2
Mentha pulegium,2
Meripilus,2
Metarhizium anisopliae,2
Metarhizium rileyi,2
Metasequoia,2
Metasphaeria,2
Metasphaeria persistens,2
Micarea leprosula,2
Microascus cirrosus,2
Microcalicium ahlneri,2
Microcera coccophila,2
Microdiscula,2
Microdochium panattonianum,2
Microgloeum pruni,2
Micropera cotoneastri,2
Micropera padina,2
Micropera sorbi,2
Micropsalliota plumaria,2
Microscypha,2
Microscypha arenula,2
Microsphaeropsis,2
Microstoma protractum,2
Microtus agrestis,2
Milesia magnusiana,2
Miriquidica deusta,2
Misgomyces dyschirii,2
Mitrula alba,2
Moellerodiscus,2
Mollisia conifericola,2
Mollisia exsiliens,2
Mollisia fallens,2
Mollisia fungorum,2
Mollisia melaleucoides,2
Mollisia myricariae,2
Mollisia tenuispora,2
Mollisia ulicis,2
Mollisina alba,2
Monarda,2
Monoblepharis polymorpha,2
Monoblepharis sphaerica,2
Monochaetia cryptomeriae,2
Monochaetia karstenii,2
Monoicomyces fragilis,2
Monostichella robergei,2
Morchella,2
Morchella importuna,2
Morenoina,2
Morenoina chamaecyparidis,2
Mortierella bisporalis,2
Mortierella jenkinii,2
Mortierella reticulata,2
Mortierella stylospora,2
Mortierella turficola,2
Mortierella wolfii,2
Morus alba,2
Mucor flavus nom. illegit.,2
Mucor megalocarpus,2
Mucor microsporus nom. illegit.,2
Mucor silvaticus,2
Mucor subtilissimus nom. illegit.,2
Muellerella hospitans,2
Muellerella ventosicola,2
Multiclavula mucida,2
Mycena avenacea,2
Mycena elegans,2
Mycena juncicola,2
Mycena laevigata,2
Mycena longiseta,2
Mycena prolifera,2
Mycena stannea,2
Mycena virens,2
Mycena xantholeuca,2
Mycenastrum corium,2
Mycenella trachyspora,2
Mycoarachis inversa,2
Mycocalia duriaeana,2
Mycocentrospora cladosporioides,2
Mycoglaena acuminans,2
Mycoporum lacteum,2
Mycosphaerella cerasella,2
Mycosphaerella eryngii,2
Mycosphaerella idaeina,2
Mycosphaerella juniperina,2
Mycosphaerella primulae,2
Mycosphaerella tingens,2
Mycosphaerella typhae,2
Mycosphaerellaceae,2
Myosotis discolor,2
Myosotis laxa,2
Myriolecis persimilis,2
Myriolecis poliophaea,2
Myriosclerotinia,2
Myrtus,2
Myxospora masonii,2
Myxosporium griseum,2
Myxotrichum herbariense,2
Naemacyclus fimbriatus,2
Naetrocymbe fraxini,2
Narcissus hispanicus,2
Narthecium,2
Nectria dealbata,2
Nectria muscivora,2
Neillia incisa,2
Nemania,2
Nemastoma bimaculatum,2
Nematogonum aurantiacum,2
Neocucurbitaria cava,2
Neofavolus suavissimus,2
Neolentinus adhaerens,2
Neonectria candida,2
Neotapesia laricina,2
Neurospora sitophila,2
Neurospora tetrasperma,2
Nigromacula uniseptata,2
Nigrospora sphaerica,2
Niptera umbelliferarum,2
Nodulisporium gregarium,2
Nodulosphaeria aquilana,2
Notiophilus biguttatus,2
Nowakowskiella,2
Occultifur corticiorum,2
Occultifur interdendron,2
Ochrolechia frigida,2
Octospora ithacaensis,2
Octosporella fusispora,2
Oenanthe lachenalii,2
Oidiodendron cereale,2
Oidiodendron flavum,2
Oligotrichum,2
Olla scrupulosa,2
Olpidium pendulum,2
Omalium laeviusculum,2
Omphalia gracillima,2
Omphalia umbellifera,2
Omphalospora stellariae,2
Oncopodiella hyperparasitica,2
Ononis,2
Ononis spinosa,2
Opegrapha pulvinata,2
Ophiobolus culmorum,2
Ophiocordyceps,2
Ophiocordyceps myrmecophila,2
Ophiognomonia,2
Ophiognomonia rosae,2
Ophionectria,2
Ophonus rufibarbis,2
Ophrys apifera,2
Orbilia quaestiformis,2
Orcularia insperata,2
Origanum majorana,2
Ornithopus perpusillus,2
Orphniospora moriopsis,2
Otidea rainierensis,2
Ovularia duplex,2
Ovularia polygoni,2
Pachnocybe,2
Pachnocybe grisea,2
Pachydisca hamata,2
Pachydisca ochracea,2
Pachyphlodes conglomerata,2
Paecilomyces simplex,2
Paecilomyces smilanensis,2
Paeonia lactiflora,2
Pammene herrichiana,2
Panellus ringens,2
Panus rudis,2
Paradendryphiopsis laxa,2
Paradidymella,2
Paradromius linearis,2
Paraxerula caussei,2
Parmelia ernstiae,2
Parmeliella testacea,2
Parmotrema robustum,2
Passalora galii,2
Passalora periclymeni,2
Pastinaca,2
Paxillus extenuatus,2
Paxillus leptopus,2
Paxillus vernalis,2
Pedicularis,2
Pellia,2
Pellia epiphylla,2
Peltasterinostroma rubi,2
Penicillium adametzii,2
Penicillium hirsutum,2
Penicillium jensenii,2
Penicillium kojigenum,2
Penicillium lanosocoeruleum,2
Penicillium miczynskii,2
Penicillium purpurescens,2
Penicillium verrucosum,2
Penicillium viridicatum,2
Perenniporia meridionalis,2
Periantria frullaniae,2
Peroneutypa corniculata,2
Peronospora alchemillae,2
Peronospora centranthi,2
Peronospora diplotaxidis,2
Peronospora flava,2
Peronospora manshurica,2
Peronospora melandrii,2
Peronospora mesembryanthemi,2
Peronospora ornithopi,2
Peronospora phlogina,2
Peronospora stachydis,2
Persea americana,2
Pertusaria coronata,2
Pestalotia,2
Pezicula rhododendri,2
Peziza indiscreta,2
Peziza insidiosa,2
Peziza luculenta,2
Peziza natrophila,2
Pezizella incerta,2
Pezizella pulcherrima,2
Pezoloma,2
Phacellium mespili,2
Phacidium pini,2
Phaeoclavulina corrugata,2
Phaeocollybia arduennensis,2
Phaeocollybia festiva,2
Phaeophleospora phormii,2
Phaeoramularia,2
Phaeosphaeria licatensis,2
Phaeosphaeria marram,2
Phaeosphaeria parvograminis,2
Phaeosphaeria petkovicensis,2
Phaeosphaeria sparsa,2
Phanerochaete filamentosa,2
Phanerochaete jose-ferreirae,2
Phlebia griseoflavescens,2
Phlebia pallidolivens,2
Phlebiella subflavidogrisea,2
Phoenix,2
Phoenix dactylifera,2
Pholiotina cyanopus,2
Phoma chamaenerii,2
Phoma cirsii,2
Phoma crataegi,2
Phoma eupatorii,2
Phoma exigua,2
Phoma leveillei,2
Phoma mahoniae,2
Phoma minutella,2
Phoma minutula,2
Phoma onagracearum,2
Phoma parietariae,2
Phomopsis ampelopsidis,2
Phomopsis asparagi,2
Phomopsis barbari,2
Phomopsis cacti,2
Phomopsis caulographa,2
Phomopsis citriodora,2
Phomopsis conii,2
Phomopsis convallariae,2
Phomopsis corticis,2
Phomopsis dominici,2
Phomopsis hyperici,2
Phomopsis pallida,2
Phomopsis pittospori,2
Phomopsis prunorum,2
Phomopsis sophorae,2
Phomopsis veronicae-speciosae,2
Phragmiticola,2
Phragmocephala,2
Phragmonaevia caulincola,2
Phragmotrichum rivoclarinum,2
Phycopeltis epiphyton,2
Phyllachora pomigena,2
Phyllostachys,2
Phyllosticta aceris,2
Phyllosticta bolleana,2
Phyllosticta briardii,2
Phyllosticta buxina,2
Phyllosticta cornicola,2
Phyllosticta coryli,2
Phyllosticta erysimi,2
Phyllosticta filipendulae,2
Phyllosticta gei,2
Phyllosticta glechomae,2
Phyllosticta haynaldii,2
Phyllosticta prunicola,2
Phyllosticta tinea,2
Phyllostictina hysterella,2
Phymatotrichopsis,2
Physalospora euphorbiae,2
Physalospora vaccinii,2
Physarum luteoalbum,2
Physarum mucosum,2
Physarum penetrale,2
Physarum schroeteri,2
Physcia tribacioides,2
Physisporinus,2
Physoderma alfalfae,2
Physoderma asphodeli,2
Physoderma leproides,2
Physoderma maculare,2
Phytophthora primulae,2
Piccolia ochrophora,2
Picea asperata,2
Picea glauca,2
Piggotia astroidea,2
Pinus muricata,2
Piptocephalis pseudocephala,2
Pirottaea paupercula,2
Pirottaea plantaginis,2
Pistillaria trispora,2
Pithyella chalaudii,2
Placidium squamulosum,2
Plagiochila asplenioides,2
Plagiomnium undulatum,2
Plasmopara pimpinellae,2
Platismatia norvegica,2
Pleosphaeria lophoziae,2
Pleospora palustris,2
Pleospora submersa,2
Pleostigma jungermannicola,2
Pleuropedium,2
Pleuropedium multiseptatum,2
Pleurophoma,2
Pleurophomopsis,2
Pleurophomopsis lignicola,2
Pleurotellus chioneus,2
Pleurotus fimbriatus,2
Pleurotus limpidus,2
Pleurozium schreberi,2
Plicariella radula,2
Plicatura nivea,2
Podosphaera,2
Podospora austrohemisphaerica,2
Podospora longicollis,2
Poetschia cratincola,2
Polycephalomyces ramosus,2
Polycoccum arnoldii,2
Polycoccum crassum,2
Polygonaceae,2
Polygonum rurivagum,2
Polyozellus griseopergamaceus,2
Polypodiales,2
Polyporus acanthoides,2
Polyporus calceolus,2
Polyscytalum sericeum,2
Polysporina,2
Populus x canadensis 'Casale 78',2
Poria subfuscoflavida,2
Porina borreri,2
Porina lectissima,2
Porpidia flavocruenta,2
Postia folliculocystidiata,2
Postia lowei,2
Potamogeton gramineus,2
Potentilla argentea,2
Potentilla indica,2
Preussia antarctica,2
Proliferodiscus caeruleoalbus,2
Proliferodiscus tricolor,2
Pronectria laminariae,2
Protascus subuliformis,2
Protomicarea limosa,2
Protounguicularia transiens,2
Protoventuria straussii,2
Psathyrella casca,2
Psathyrella gracillima,2
Psathyrella pervelata,2
Psathyrella pseudocasca,2
Psathyrella scobinacea,2
Psathyrella sphaerocystis,2
Pseudeurotium ovale,2
Pseudobaeospora dichroa,2
Pseudoboubovia benkertii,2
Pseudodictyosporium wauense,2
Pseudoleptogium diffractum,2
Pseudombrophila,2
Pseudombrophila ramosa,2
Pseudomicrodochium cylindricum,2
Pseudoproboscispora caudae-suis,2
Pseudopyrenochaeta lycopersici,2
Pseudorobillarda phragmitis,2
Pseudosperma curreyi,2
Pseudosperma mimicum,2
Pseudotrichia mutabilis,2
Psilachnum crinellum,2
Psilachnum lateritioalbum,2
Psilachnum striatum,2
Psilocybe atrorufa,2
Psilocybe callosa,2
Psilopezia nummularia,2
Psoroglaena stigonemoides,2
Pterostichus minor,2
Pterula,2
Puccinia agropyri,2
Puccinia arenariicola,2
Puccinia artemisiae,2
Puccinia carduorum,2
Puccinia coronatae-agrostidis,2
Puccinia eutremae,2
Puccinia hyperici,2
Puccinia jaceae,2
Puccinia microsora,2
Puccinia mixta,2
Puccinia pazschkei,2
Puccinia prostii,2
Puccinia ruebsaamenii,2
Puccinia silvatica,2
Pustulipora corticola,2
Pycnothelia papillaria,2
Pyracantha rogersiana,2
Pyrenopeziza galii,2
Pyrenopeziza hystrix,2
Pyrenopeziza karstenii,2
Pyrenophora dictyoides,2
Pyrus pyraster,2
Pythiogeton utriforme,2
Pythium conidiophorum,2
Pythium graminicola,2
Pythium hydnosporum,2
Pyxidiophora caulicola,2
Pyxidiophora marchalii,2
Pyxidiophora spinulorostrata,2
Quedius puncticollis,2
Queletia mirabilis,2
Quercus chrysolepis,2
Quercus ilex x robur = Q. x turneri,2
Quercus palustris,2
Quercus robur group 'Fastigiata',2
Rabenhorstia,2
Raciborskiomyces peltigericola,2
Radula complanata,2
Radulomyces,2
Ragnhildiana perfoliati,2
Ramaria flavescens,2
Ramaria lutea,2
Ramariopsis luteonana,2
Ramariopsis pseudosubtilis,2
Ramularia agrimoniae,2
Ramularia bellunensis,2
Ramularia bresadolae,2
Rasamsonia argillacea,2
Rectifusarium ventricosum,2
Rectipilus bavaricus,2
Repetobasidiellum fusisporum,2
Repetobasidium mirificum,2
Repetobasidium vile,2
Repetophragma wroblewskii,2
Requienella seminuda,2
Resinicium,2
Resupinatus,2
Retiarius bovicornutus,2
Reticularia atra,2
Reticularia minuta,2
Reynoutria,2
Reynoutria sachalinensis,2
Rhabdospora acanthophila,2
Rhagadostoma lichenicola,2
Rhamphoria separata,2
Rhaphiolepis,2
Rhinocladiella,2
Rhinocladiella atrovirens,2
Rhinotrichum,2
Rhinotrichum niveum,2
Rhizoctonia menthae,2
Rhizophlyctis petersenii,2
Rhizophydium androdioctes,2
Rhizophydium planktonicum,2
Rhizopogon,2
Rhodocybe fumanellii,2
Rhodocybe roseiavellanea,2
Rhododendron molle,2
Rhodotorula glutinis,2
Rhytisma liriodendri,2
Riccia sorocarpa,2
Rickenella,2
Rickia laboulbenioides,2
Rickia zanettii,2
Rigidoporus lineatus,2
Rinodina griseosoralifera,2
Rodwayella myricae,2
Rodwayella sessilis,2
Ropalospora lugubris,2
Rosa canina x sherardii = R. x rothschildii,2
Rosa tomentosa,2
Rosa x alba,2
Rosellinia callosa,2
Rosellinia obliquata,2
Roselliniopsis gelidaria,2
Roselliniopsis tartaricola,2
Rubus acutifrons,2
Rubus boudiccae,2
Rubus cardiophyllus,2
Rubus dentatifolius,2
Rubus eboracensis,2
Rubus latifolius,2
Rubus lintonii,2
Rubus longithyrsiger,2
Rubus merlini,2
Rubus questieri,2
Rubus radula,2
Rubus tricolor,2
Rufoplaca arenaria,2
Rugosomyces alpestris,2
Rumex alpinus,2
Rumex cristatus,2
Rumex longifolius,2
Rumex pulcher,2
Ruppia maritima,2
Ruppia spiralis,2
Russula arpalices,2
Russula arvernensis,2
Russula aurantioflammans,2
Russula innocua,2
Russula lateritia,2
Russula pallescens,2
Russula rivulicola,2
Russula taeniospora,2
Ruta,2
Rutstroemia juniperi,2
Rutstroemia myricae,2
Rutstroemia plana,2
Rutstroemia stellariae,2
Ryparobius,2
Ryparobius brunneus,2
Saccardoella transylvanica,2
Salix udensis,2
Salix x fragilis,2
Salticidae,2
Salvia,2
Salvia nemorosa,2
Sanguisorba minor,2
Sanicula,2
Sarcopodium,2
Sarcopodium roseum,2
Sarcosagium campestre,2
Sarracenia purpurea,2
Savoryella lignicola,2
Scabiosa atropurpurea,2
Schedonorus pratensis,2
Schizothecium,2
Schizothecium fimicola,2
Schizoxylon,2
Sciaridae,2
Scirrhia filicina,2
Sciurus vulgaris,2
Sclerococcum,2
Sclerococcum luridum,2
Scolecoxyphium,2
Scoliciosporum pruinosum,2
Scutomollisia morvernensis,2
Scutomollisia stenospora,2
Scytinium fragile,2
Scytinostroma,2
Secale x Triticum = X Triticosecale,2
Senecio cambrensis,2
Septogloeum equiseti,2
Septonema leptaleum,2
Septoria ammophilae,2
Septoria antirrhini,2
Septoria caricis,2
Septoria centaureae,2
Septoria cercosporoides,2
Septoria cruciatae,2
Septoria erythraeae,2
Septoria euonymi,2
Septoria gaurina,2
Septoria lycopersici,2
Septoria mougeotii,2
Septoria phlogis,2
Septoria quercina,2
Septoria radiculae,2
Septoria ralfsii,2
Septoria rubiae,2
Septoria rubicola,2
Septoria saponariae,2
Septoria scillae,2
Septoria scorodoniae,2
Septoria sii,2
Septosperma multiforme,2
Seseli libanotis,2
Seticyphella tenuispora,2
Sida,2
Sidalcea hendersonii,2
Silene vulgaris x uniflora,2
Silybum marianum,2
Sirobasidium,2
Sirobasidium compactum,2
Sistotrema aciferum,2
Sistotrema alboluteum,2
Sium,2
Skyathea hederae,2
Skyttea elachistophora,2
Slopeiomyces cylindrosporus,2
Solanum diflorum,2
Solanum nigrum,2
Solenopsora holophaea,2
Sophora,2
Sorbus rupicola,2
Sorbus vilmorinii,2
Sordaria destruens,2
Sowerbyella pallida,2
Sparassis,2
Spartina maritima,2
Spergularia rupicola,2
Sphaceloma,2
Sphaerosoma echinulatum,2
Sphaerozone ostiolatum,2
Sphaerulina dubiella,2
Sphinctrina leucopoda,2
Spicaria,2
Spiloma,2
Spiloma nigrum,2
Spiraea cantoniensis,2
Spiraea douglasii,2
Spongipellis,2
Sporidesmiella coronata,2
Sporidesmium australiense,2
Sporidesmium bombacis,2
Sporidesmium ilicinum,2
Sporidesmium vagum,2
Sporocephalum peniophorae,2
Sporocybe rhopaloides,2
Sporomega degenerans,2
Sporonema,2
Sporormia roumeguerei,2
Sporormiella,2
Sporoschisma,2
Sporotrichum chlorinum,2
Stachybotrys,2
Stagonospora bufonia,2
Stagonospora caricinella,2
Stagonospora junciseda,2
Stagonospora koshkelovae,2
Stagonospora macropycnidia,2
Stagonospora maritima,2
Stagonosporopsis equiseti,2
Stanhughesia,2
Staphylea pinnata,2
Stegonsporium opalus,2
Stemonitis ovata,2
Stemonitopsis subcaespitosa,2
Stemphylium halophilum,2
Stereocaulon,2
Stereocaulon nanodes,2
Stigmidium hageniae,2
Stigmidium solorinarium,2
Stigmidium superpositum,2
Stigmina,2
Stilbella acremonium,2
Stilbella bulbicola,2
Stilbella clavispora,2
Stipitochalara longipes,2
Strangospora moriformis,2
Stromatinia gladioli,2
Stypella mirabilis,2
Suaeda,2
Subbaromyces splendens,2
Suillus,2
Sus,2
Sydowiella ambigua,2
Symphytocarpus herbaticus,2
Symphytum officinale x asperum x tuberosum,2
Symphytum orientale,2
Synarthonia astroidestera,2
Syzygospora,2
Taeniolella delicata,2
Talaromyces ruber,2
Tapesia villosa,2
Taphrina kruchii,2
Taraxacum oxoniense,2
Tarzetta alnicola,2
Taxodium,2
Telimenella gangraena,2
Tephrocybe fusispora,2
Thalictrum arenarium,2
Thamnobryum alopecurum,2
Thecaphora lathyri,2
Thecaphora ulicis,2
Thelephora,2
Thelypteris palustris,2
Thielavia wareingii,2
Thielaviopsis,2
Thymus pulegioides,2
Thyronectria roseovirens,2
Thyrostromella myriana,2
Tolmiea menziesii,2
Tolypocladium geodes,2
Tomentella atramentaria,2
Tomentella avellanea,2
Tomentella fuscella,2
Tomicus piniperda,2
Toninia plumbina,2
Tortella tortuosa,2
Tortula acaulon,2
Torula expansa,2
Torula fusca,2
Trechispora caucasica,2
Trechus obtusus,2
Tremella discicola,2
Tremella invasa,2
Tremellodendropsis helvetica,2
Trentepohlia jolithus,2
Tretomyces,2
Triblidium caliciiforme,2
Trichia turbinata,2
Trichoconis,2
Trichoconis lichenicola,2
Trichodelitschia munkii,2
Trichoderma lixii,2
Trichoderma placentula,2
Tricholoma cartilagineum,2
Tricholoma civile,2
Tricholoma inodermeum,2
Tricholoma matsutake,2
Tricholoma militare,2
Tricholoma quercetorum,2
Trichometasphaeria,2
Trichometasphaeria setulosa,2
Trichophaea hybrida,2
Trichophaea livida,2
Trichophaea lojkaeana,2
Trichosphaerella,2
Trichosphaerella ceratophora,2
Trichothecium inaequale,2
Tridentaria carnivora,2
Trifolium fragiferum,2
Trifolium occidentale,2
Trifolium striatum,2
Triposporina,2
Triposporium,2
Trisulcosporium acerinum,2
Tritirachium isariae,2
Tulasnella quasiflorens,2
Tulostoma fimbriatum,2
Tylophoron hibernicum,2
Tympanis aucupariae,2
Tyromyces destructor,2
Tytonidae,2
Ulex minor,2
Ulmus glabra x minor x plotii = U. x hollandica,2
Umbelopsis nana,2
Umbelopsis vinacea,2
Umbilicaria proboscidea,2
Unguiculariopsis hamatopilosa,2
Unguiculariopsis lettaui,2
Uredo morvernensis,2
Urocystis,2
Urocystis alopecuri,2
Uromyces colchici,2
Uromyces euphorbiae-corniculati,2
Uromyces laburni,2
Uromyces onobrychidis,2
Usnea fragilescens,2
Ustilago cynodontis,2
Ustilentyloma fluitans,2
Vahliella leucophaea,2
Valerianella,2
Valsaria,2
Valsaria petrakii non Valsaria insitiva (Tode: Fr.) Ces. & De Not.,2
Valsella polyspora,2
Varicellaria velata,2
Veluticeps abietina,2
Venturia cerasi,2
Verbascum chaixii,2
Verbascum olympicum,2
Verbascum virgatum,2
Verbena,2
Veronaea botryosa,2
Veronaea caricis,2
Verrucaria ditmarsica,2
Verrucaria dolosa,2
Verrucaria halizoa,2
Verticicladium apicale,2
Vibrissea,2
Vicia orobus,2
Volucrispora,2
Volutella,2
Volutella nivea,2
Volutella setosa,2
Volvariella,2
Wadeana dendrographa,2
Wahlenbergiella mucosa,2
Waitea circinata,2
Wallemia sebi,2
Wardomyces humicola,2
Wawelia argentea,2
Woldmaria filicina,2
Woronina polycystis,2
Xenolachne longicornis,2
Xenonectriella streimannii,2
Xepiculopsis graminea,2
Xylaria corniformis,2
Xylodon raduloides,2
Zalerion arboricola,2
Zelkova serrata,2
Zignoella morthieri,2
Zoophthora forficulae,2
Zoophthora occidentalis,2
Zwackhia sorediifera,2
Zwackhia viridis,2
Zygorhizidium planktonicum,2
Zythia,2
Zythiostroma,2
Abies concolor group 'Lowiana',1
Abies firma,1
Abrothallus,1
Abrothallus cladoniae,1
Absidia heterospora,1
Absidia repens,1
Acacia melanoxylon,1
Acanthostigma hederae,1
Acanthostigmella,1
Acarospora veronensis,1
Acarosporina,1
Acaulopage,1
Acaulopage ceratospora,1
Acaulospora laevis,1
Acer davidii,1
Acer heldreichii,1
Acer macrophyllum,1
Acer monspessulanum,1
Acer platanoides 'Schwedleri',1
Acer pseudoplatanus 'Leopoldii',1
Acer truncatum,1
Aceria pseudoplatani,1
Achlya,1
Achlya lobata,1
Achroomyces arrhytidiae,1
Acladium fuscum,1
Acompsomyces stenichni,1
Aconitum,1
Aconitum carmichaelii,1
Aconitum napellus sensu lato,1
Acremonium alternatum,1
Acremonium persicinum,1
Acremonium roseolum,1
Acremonium rutilum,1
Acremonium spicatum,1
Acricotopus lucens,1
Acrodontium,1
Acrodontium echinulatum,1
Acrophialophora fusispora,1
Acrospermum,1
Acrosporium,1
Acrostalagmus,1
Acrothecium,1
Acrotrichis rosskotheni,1
Actinodendron verticillatum,1
Actinoscypha,1
Adalia decempunctata,1
Adelococcus interlatens,1
Adicella reducta,1
Aegeritoidea foliicola,1
Agaricus abruptibulbus,1
Agaricus cacuminatus,1
Agaricus canaliculatus,1
Agaricus echinatus,1
Agaricus gemlii,1
Agaricus incarnatus,1
Agaricus iodosmus,1
Agaricus pilatianus,1
Agathomyia wankowiczii,1
Agave,1
Agonimia allobata,1
Agriotes sputator,1
Agrocybe ombrophila,1
Agrostis curtisii,1
Aira caryophyllea,1
Ajuga,1
Akebia,1
Akebia trifoliata,1
Albatrellus,1
Albifimbria verrucaria,1
Albotricha ammophilae,1
Albotricha laetior,1
Albugo lepidii,1
Alca torda,1
Alchemilla conjuncta,1
Alchemilla glaucescens,1
Aleuria amplissima,1
Aleuria mellea,1
Aliquandostipitaceae,1
Alisma gramineum,1
Allantophomopsis lunata,1
Allelochaeta dilophospora,1
Alliospora sapucaya,1
Allium fistulosum,1
Allium sphaerocephalon,1
Allographa anomala,1
Allonema roseum,1
Allophoma tropica,1
Allophylaria byssacea,1
Alnicola tantilla,1
Alstroemeria aurea,1
Alternaria dianthicola,1
Alternaria embellisia,1
Alternaria porri,1
Alternaria saponariae,1
Alternaria tomato,1
Althaea cannabina,1
Alysidiopsis,1
Alyxoria mougeotii,1
Alyxoria ochrocheila,1
Alyxoria paraxanthodes,1
Alyxoria xerica,1
Amallospora dacrydion,1
Amandinea coniops,1
Amanita alseides,1
Amanita cheelii,1
Amanita dryophila,1
Amanita huijsmanii,1
Amanita mairei,1
Amanita regalis,1
Amanita strangulata,1
Amanita subnudipes,1
Amaranthus hybridus x retroflexus = A. x ozanonii,1
Amaryllis,1
Amaurodon mustialaensis,1
Amblyosporium,1
Amblystegium,1
Amerosporium graminum,1
Amesia gelasinospora,1
Amicodisca,1
Amphibia,1
Amphinema,1
Amphisphaeria corticola,1
Amphisphaeria culmicola,1
Amphisphaeria vibratilis,1
Ampullaceana balthica,1
Ampulloclitocybe,1
Amsinckia micrantha,1
Amylocarpus encephaloides,1
Anas,1
Anas platyrhynchos,1
Andricus lignicola,1
Anemone hupehensis,1
Anemone hupehensis x vitifolia = A. x hybrida,1
Anisomeridium viridescens,1
Annulohypoxylon michelianum,1
Anotylus rugosus,1
Antherospora,1
Anthostoma gastrinoides,1
Anthostomella arenaria,1
Anthostomella calligoni,1
Anthostomella myricae,1
Anthostomella pauciseta,1
Anthostomella spartii,1
Anthostomella tumulosa,1
Anthracoidea hostianae,1
Anthracoidea lasiocarpae,1
Anthracoidea limosa,1
Anthracoidea pseudirregularis,1
Anthyllis,1
Antirrhinum siculum,1
Antrodia crassa,1
Antrodia macra,1
Antrodiella serpula,1
Anungitea,1
Anungitea rhabdospora,1
Aphanobasidium subnitens,1
Aphanomyces parasiticus,1
Aphanomyces scaber,1
Aphis (Aphis) salicariae,1
Aphrophora alni,1
Apinisia graminicola,1
Apioplagiostoma aceriferum,1
Apiosporium pinophilum,1
Apocatops nigrita,1
Aquacidia viridifarinosa,1
Arabis,1
Arachniotus,1
Arachniotus hebridensis,1
Arachnopeziza nuda,1
Aralia elata,1
Arcyria pseudonutans,1
Arcyria umbrina,1
Arecophila,1
Argemone,1
Arion (Arion) ater,1
Aristastoma,1
Arnaudiella genistae,1
Arnium cervinum,1
Arrhenia cyathella,1
Arrhenia parvivelutina,1
Arthonia arthonioides,1
Arthonia invadens,1
Arthonia ligniaria,1
Arthonia peltigerea,1
Arthonia phaeophysciae,1
Arthonia stellaris,1
Arthopyrenia,1
Arthopyrenia aphorisasa,1
Arthopyrenia platypyrenia,1
Arthopyrenia spilobola,1
Arthopyrenia subcerasi,1
Arthrinium euphorbiae,1
Arthrinium sphaerospermum,1
Arthrobotrys cystosporius,1
Arthrobotrys eudermatus,1
Arthrobotrys flagrans,1
Arthrobotrys fusiformis,1
Arthrobotrys musiformis,1
Arthrobotrys perpastus,1
Arthrobotrys reticulatus,1
Arthrobotrys salinus,1
Arthroderma,1
Arthroderma gertleri,1
Articulophora,1
Articulospora aquatica,1
Articulospora constricta,1
Arum maculatum x italicum,1
Arxiella lunata,1
Asbestopluma (Asbestopluma) pennatula,1
Ascobolus carbonicola,1
Ascobolus geophilus,1
Ascobolus macrosporus,1
Ascobolus michaudii,1
Ascobolus purpurascens,1
Ascobolus winteri,1
Ascochyta agrostidis,1
Ascochyta allii-cepae,1
Ascochyta anisomera,1
Ascochyta boltshauseri,1
Ascochyta brassicae,1
Ascochyta bryoniae,1
Ascochyta dahliicola,1
Ascochyta dipsaci,1
Ascochyta ducis-aprutii,1
Ascochyta festucae,1
Ascochyta galeopsidis,1
Ascochyta iridis-pseudacori,1
Ascochyta kleinii,1
Ascochyta levistici,1
Ascochyta orobi,1
Ascochyta rhodesii,1
Ascochyta rubi,1
Ascochyta subalpina,1
Ascochyta ulicis,1
Ascochyta ulicis-caledoniensis,1
Ascodesmis nigricans,1
Ascodesmis porcina,1
Ascophanus globosopulvinatus,1
Ascophanus glumarum,1
Ascophanus minutellus,1
Ascotricha erinacea,1
Ascozonus monascus,1
Ascozonus parvisporus,1
Aspergillus dubius,1
Aspergillus flavus,1
Aspergillus griseus,1
Aspergillus ruber,1
Aspergillus ustus,1
Asperula cynanchica,1
Aspicilia laevata,1
Aspidistra,1
Asteroma aceris,1
Asteroma reticulatum,1
Asteromella arbuticola,1
Asteromella hederae,1
Asterosporium,1
Astragalus,1
Astreptonema gammari,1
Astrocystis sublimbata,1
Athelopsis baculifera,1
Athelopsis subinconspicua,1
Atheniella,1
Atheta nigra,1
Atractiella solani,1
Aulacorthum (Neomyzus) circumflexum,1
Autophagomyces falcatus,1
Avesicladiella britannica,1
Baccharis halimifolia,1
Bacidia,1
Bacidia subturgidula,1
Bacidina arnoldiana,1
Bacidina friesiana,1
Bactridium acutum,1
Bactrodesmium biformatum,1
Bactrodesmium esheri,1
Bactrodesmium hebridense,1
Bactrospora corticola,1
Bactrospora homalotropa,1
Badhamia dubia,1
Badhamia fusca,1
Badhamia inaurata,1
Badhamia melanospora,1
Badhamia papaveracea,1
Baggea pachyascus,1
Ballocephala verrucispora,1
Balsamia,1
Barbarea verna,1
Barbula unguiculata,1
Basidiophora entospora,1
Basidioradulum membranaceum,1
Batkoa major,1
Bauerago vuyckii,1
Beania,1
Bellis,1
Belonium quercinum,1
Belonopsis guestphalicum,1
Belonopsis juncicola,1
Belonopsis litoralis,1
Bembidion punctulatum,1
Bembidion varium,1
Beris chalybata,1
Betula alba,1
Betula lenta,1
Betula maximowicziana,1
Betula medwedewii,1
Betula papyrifera x pendula,1
Betula pubescens/pendula,1
Biatora beckhausii,1
Bibbya subcircumspecta,1
Bibbya vermifera,1
Bionectriaceae,1
Biorhiza pallida,1
Bisifusarium dimerum,1
Bistorta amplexicaulis,1
Blasia pusilla,1
Blasiphalia pseudogrisella,1
Blastenia coralliza,1
Blastocladia glomerata,1
Bloxamia bohemica,1
Blumeriella,1
Blumeriella ceanothi,1
Bolbitius rivulosus,1
Bolboschoenus,1
Boletopsis,1
Boletopsis leucomelaena,1
Boletus crassus,1
Boletus erubescens,1
Boletus purpureus,1
Boletus satanoides,1
Bombardioidea bombardioides,1
Bombardioidea serignanensis,1
Boraginaceae,1
Botryandromyces heteroceri,1
Botryobasidium rubrocoronatum,1
Botryodiplodia,1
Botryodiplodia acicola,1
Botryosphaeria abietina,1
Botrytis convoluta,1
Botrytis fascicularis,1
Botrytis isabellina,1
Brachybasidiaceae,1
Brachycaudus (Brachycaudus) helichrysi,1
Brachyglottis,1
Brachysporium,1
Brachysporium graminis,1
Brachytheciaceae,1
Branta,1
Bremia taraxaci,1
Breutelia chrysocoma,1
Brianaria lutulata,1
Brigantiaea fuscolutea,1
Bromopsis benekenii,1
Bromopsis inermis,1
Bromus briziformis,1
Broomella montaniensis,1
Broomella vitalbae,1
Bryaceae,1
Bryobilimbia sanguineoatra,1
Bryocentria hypothallina,1
Bryochiton,1
Bryochiton perpusillus,1
Bryoglossum gracile,1
Bryonora curvescens,1
Bryoria tenuis,1
Bryostroma,1
Bryum caespiticium,1
Buellia,1
Buglossoides arvensis,1
Bunias orientalis,1
Burgoa angulosa,1
Burgoa verzuoliana,1
Butomus umbellatus,1
Byssocorticium,1
Byssocorticium caeruleum,1
Byssothecium circinans,1
Cacopsylla fulguralis,1
Cacumisporium spooneri,1
Cadophora,1
Caeruleum heppii,1
Caespitomonium hyalinulum,1
Calcarisporiella thermophila,1
Calceolaria,1
Calicium,1
Calicium tigillare,1
Calliopum,1
Calliphoridae,1
Callistephus chinensis,1
Callistosporium,1
Calonectria platasca,1
Caloplaca caesiorufa,1
Caloplaca citrina,1
Caloplaca herbidella,1
Caloplaca holocarpa,1
Caloplaca littorea,1
Caloplaca lucifuga,1
Caloplaca stillicidiorum,1
Calospora arausiaca,1
Calvitimela aglaea,1
Calycella,1
Calycella induementicola,1
Calycella ochracea,1
Calycellina asperipila,1
Calycellina caricina,1
Calycina dennisii,1
Calycina lactea,1
Calycina pseudodiscreta,1
Calypogeia,1
Calypogeia fissa,1
Calypogeia muelleriana,1
Calyptella,1
Calystegia pulchra,1
Camarosporium aequivocum,1
Camarosporium cistinum,1
Camarosporium kriegeri,1
Camarosporium mirabile,1
Camarosporium orni,1
Camarosporium quercus,1
Camarosporium rubicola,1
Camelus,1
Campanella,1
Campanula medium,1
Camposporium marylandicum,1
Campylopus atrovirens,1
Campylopus pyriformis,1
Campylospora,1
Candelabrum microsporum,1
Cantharellopsis prescotii,1
Cantharellus viscosus,1
Cantharis rustica,1
Cantharomyces orientalis,1
Capsella,1
Capsicum annuum,1
Carabus violaceus,1
Carassius auratus,1
Cardamine heptaphylla,1
Cardamine impatiens,1
Carduus pycnocephalus,1
Carex atrata,1
Carex bigelowii x nigra = C. x decolorans,1
Carex canescens,1
Carex cespitosa,1
Carex diandra,1
Carex humilis,1
Carex maritima,1
Carex pulicaris,1
Carex saxatilis,1
Carex vulpina,1
Carya cordiformis,1
Caryophyllaceae,1
Catapodium marinum,1
Catenochytridium carolinianum,1
Catenophlyctis peltata,1
Catenularia,1
Catillaria atomarioides,1
Catillaria stereocaulorum,1
Catops,1
Catops fuliginosus,1
Cavariella (Cavariella) archangelicae,1
Cecidonia umbonella,1
Cecidonia xenophana,1
Celatogloea simplicibasidium,1
Cellypha berkeleyi,1
Cellypha clavata,1
Celtica gigantea,1
Cenchrus purpurascens,1
Cenococcum graniforme,1
Centaurea calcitrapa,1
Centaurium pulchellum,1
Cephalosporiopsis alpina,1
Cephalotrichum,1
Cephalozia bicuspidata,1
Ceraceomyces,1
Cerastium semidecandrum,1
Ceratellopsis,1
Ceratiomyxa,1
Ceratiomyxa sphaerosperma,1
Ceratochloa carinata,1
Ceratocystiopsis,1
Ceratocystis coerulescens,1
Ceratorhiza rhizodes,1
Ceratosphaeria mycophila,1
Cercidospora cladoniicola,1
Cercidospora macrospora,1
Cercidospora parva,1
Cercidospora stereocaulorum,1
Cercophora septentrionalis,1
Cercospora brassicicola,1
Cercospora calendulae,1
Cercospora crepidis,1
Cercospora lobeliae,1
Cercospora malvarum,1
Cercospora nicotianae,1
Cercospora nigellae,1
Cercospora zonata,1
Cercosporella virgaureae,1
Cercyon littoralis,1
Cerinomyces crustulinus,1
Cerinthe,1
Ceriospora dubyi,1
Ceriosporopsis cambrensis,1
Cetraria ericetorum,1
Ceuthospora melaleuca,1
Chaenotheca chlorella,1
Chaenotheca gracilenta,1
Chaenothecopsis pusilla,1
Chaenothecopsis retinens,1
Chaenothecopsis savonica,1
Chaenothecopsis tigillaris,1
Chaerophyllum,1
Chaetasbolisia,1
Chaetomella raphigera,1
Chaetomidium leptoderma,1
Chaetomium anguipilium,1
Chaetomium biapiculatum,1
Chaetomium cancroideum,1
Chaetomium convolutum,1
Chaetomium gangligerum,1
Chaetomium megalocarpum,1
Chaetomium spinosum,1
Chaetomium tetrasporum,1
Chaetophoma quercifolia,1
Chaetopyrena hederae-helicis,1
Chaetosphaeria anglica,1
Chaetosticta,1
Chaetothyrium,1
Chalara britannica,1
Chalara cocos,1
Chalara tubifera,1
Chalaropsis,1
Chamaecyparis obtusa,1
Chamonixia caespitosa,1
Cheilymenia ciliata,1
Cheilymenia cinnabarina,1
Cheilymenia luteopallens,1
Cheirospora,1
Chenopodiastrum murale,1
Chenopodium giganteum,1
Chilocorus renipustulatus,1
Chlamydomyces sympodialis,1
Chlorophyllum venenatum,1
Chlorosplenium viridulum,1
Chondrioderma cookei,1
Chondrogaster pachysporus,1
Chromelosporium tuberculatum,1
Chromocyphella lamellata,1
Chroogomphus,1
Chroogomphus helveticus,1
Chroogomphus subfulmineus,1
Chrysomphalina strombodes,1
Chrysopilus cristatus,1
Chrysosporium sulphureum,1
Chytridium coleochaetes,1
Chytridium lagenula,1
Chytridium mallomonadis,1
Chytriomyces confervae,1
Chytriomyces suburceolatus,1
Ciboria aestivalis,1
Ciboria seminicola,1
Ciborinia bresadolae,1
Cicadella viridis,1
Cicadellidae,1
Cichorium,1
Ciliaria confusa,1
Ciliolarina,1
Circinella muscae,1
Circinella simplex,1
Circus aeruginosus,1
Cirsium heterophyllum x palustre = C. x wankelii,1
Cirsium oleraceum,1
Cistaceae,1
Cistella albidolutea,1
Cistella citrina,1
Cistella luzulina,1
Citrus trifoliata,1
Citrus x limon,1
Cladobotryum apiculatum,1
Cladobotryum macrosporum,1
Cladochytrium tenue,1
Cladonia callosa,1
Cladonia carneola,1
Cladonia cyathomorpha,1
Cladonia pleurota,1
Cladonia stricta,1
Cladonia umbricola,1
Cladorrhinum tomentosum,1
Cladosporium aphidis,1
Cladosporium auriculae,1
Cladosporium brunneolum,1
Cladosporium fuligineum,1
Cladosporium licheniphilum,1
Cladosporium lignicola,1
Cladosporium ossifragi,1
Cladosporium pallidum,1
Clasterosporium caulincola,1
Clasterosporium microscopicum,1
Claussenomyces canariensis,1
Clauzadea chondrodes,1
Clavaria atrofusca,1
Clavaria flavostellifera,1
Clavariadelphus truncatus,1
Clavidisculum humuli,1
Clavochytridium,1
Clavulina reae,1
Cleistophoma dryina,1
Cleretum bellidiforme,1
Climacocystis,1
Cliostomum tenerum,1
Clitocybe acicola,1
Clitocybe alnetorum,1
Clitocybe atrostriata,1
Clitocybe butyracea,1
Clitocybe concava,1
Clitocybe incana,1
Clitocybe marginella,1
Clitocybe mortuosa,1
Clitocybe pausiaca,1
Clitocybe pergamena,1
Clitocybe pseudoconglobata,1
Clitocybe socialis,1
Clitocybe spinulosa,1
Clitocybe subalutacea,1
Clitopilus abprunulus,1
Clitopilus angustus,1
Clitopilus baronii,1
Clivina collaris,1
Clonostachys grammicospora,1
Clubiona terrestris,1
Coccinellidae,1
Coccomyces boydii,1
Cochlearia,1
Cochlearia micacea,1
Cochliobolus sativus,1
Cochlonema lineare,1
Coemansia pectinata,1
Coemansia scorpioidea,1
Coenosia tigrina,1
Coincya monensis,1
Coleophoma fusiformis,1
Coleosperma lacustre,1
Coleroa,1
Coleroa caulicola,1
Colipila masduguana,1
Collariella quadrangulata,1
Collema furfuraceum,1
Collema subflaccidum,1
Collembola,1
Collemopsidium argilospilum,1
Collemopsidium caesium,1
Collemopsidium pelvetiae,1
Colletotrichum melicocci,1
Colletotrichum orbiculare,1
Colletotrichum phyllachoroides,1
Colletotrichum trillii,1
Collybia nephelodes,1
Collybia protracta,1
Collybia purpureogrisea,1
Collybia semiusta,1
Colostygia olivata,1
Coltricia montagnei,1
Columba,1
Comatricha friesiana,1
Compsomyces lestevae,1
Conchomyces bursiformis,1
Conidiobolus adiaeretus,1
Conidiobolus coronatus,1
Conidiobolus firmipilleus,1
Conidiobolus heterosporus,1
Conidiobolus iuxtagenitus,1
Conidiobolus lachnodes,1
Conidiobolus lamprauges,1
Conidiobolus mycophilus,1
Conidiobolus pumilus,1
Conidiobolus rhysosporus,1
Conidiobolus stromoideus,1
Coniocarpon cuspidans,1
Coniochaeta hoffmannii,1
Coniochaeta kellermanii,1
Coniochaeta savoryi,1
Coniochaeta subcorticalis,1
Coniochaeta tetraspora,1
"Coniochaeta trivialis non Coniochaeta pilosella (P. Karst.) Cooke, nec (Sacc. & Roum.) Cooke",1
Coniophora hanoiensis,1
Coniophora prasinoides,1
Coniosporium ilicinum,1
Coniothecium complanatum,1
Coniothecium conglutinatum,1
Coniothyrium cerealis,1
Coniothyrium conorum,1
Coniothyrium halimi,1
Coniothyrium viburni,1
Coniothyrium wernsdorffiae,1
Conocybe excedens,1
Conocybe murinacea,1
Conocybe nivea,1
Conocybe sect. Candidae,1
Conohypha albocremea,1
Coppinsia minutissima,1
Coprinellus pyrrhanthes,1
Coprinopsis argentea,1
Coprinopsis brunneofibrillosa,1
Coprinopsis spilospora,1
Coprinus gibbsiae,1
Coprinus grossii,1
Coprinus nemoralis,1
Coprinus platypus,1
Coprinus roseotinctus,1
Coprinus sociatus,1
Coprinus stercorarius,1
Coprotus rhyparobioides,1
Cordana,1
Cordana boothii,1
Cordyceps javanica,1
Cordyline,1
Coregonus lavaretus,1
Coreopsis,1
Coriandrum sativum,1
Cornucopiella,1
Cornucopiella mirabilis,1
Cornuvesica falcata,1
Corollospora,1
Corollospora intermedia,1
Coronellaria amaena,1
Cortaderia richardii,1
Cortaderia selloana,1
Corticium foetidum,1
Cortinarius argentatus,1
Cortinarius atrovirens,1
Cortinarius aurae,1
Cortinarius aureopulverulentus,1
Cortinarius boudieri,1
Cortinarius brunneotinctus,1
Cortinarius caesiocanescens,1
Cortinarius castaneolens,1
Cortinarius cephalixus,1
Cortinarius chrysomallus,1
Cortinarius circinans,1
Cortinarius clarobrunneus,1
Cortinarius confusus,1
Cortinarius contractus,1
Cortinarius corrosus,1
Cortinarius croceofurfuraceus,1
Cortinarius danili,1
Cortinarius depressus,1
Cortinarius diabolicorigens,1
Cortinarius dryophiloides nom. prov.,1
Cortinarius epipoleus,1
Cortinarius falsosus,1
Cortinarius ferrusinus,1
Cortinarius fulgens,1
Cortinarius fulmineus,1
Cortinarius fulvaureus,1
Cortinarius fulvopaludosus,1
Cortinarius galerinoides,1
Cortinarius gausapatus,1
Cortinarius glabrellus,1
Cortinarius gossypinus,1
Cortinarius grallipes,1
Cortinarius griseolilacinus,1
Cortinarius haematochelis,1
Cortinarius heterosporus,1
Cortinarius hinnuleoarmillatus,1
Cortinarius hircinoides,1
Cortinarius hirtus,1
Cortinarius humolens,1
Cortinarius illibatus,1
Cortinarius inconspicuus,1
Cortinarius infucatus,1
Cortinarius isabellinus,1
Cortinarius leiocastaneus,1
Cortinarius lepidus,1
Cortinarius lepistoides,1
Cortinarius lignicola,1
Cortinarius lustratus,1
Cortinarius luteocingulatus,1
Cortinarius melleopallens,1
Cortinarius nothosaniosus,1
Cortinarius obsoletus,1
Cortinarius obtusorum,1
Cortinarius odorifer,1
Cortinarius olidoamethysteus,1
Cortinarius opimus,1
Cortinarius pansa,1
Cortinarius papulosus,1
Cortinarius paralbocyaneus,1
Cortinarius patibilis,1
Cortinarius polymorphus,1
Cortinarius poppyzon,1
Cortinarius quadricolor,1
Cortinarius quercetorum,1
Cortinarius rigidiusculus,1
Cortinarius roseomyceliosus,1
Cortinarius russulaespermus,1
Cortinarius sacchariosmus,1
Cortinarius salicicoloides nom. prov.,1
Cortinarius saturatus,1
Cortinarius scotoides,1
Cortinarius semiodoratus,1
Cortinarius septentrionalis,1
Cortinarius silvae-monachi,1
Cortinarius splendificus,1
Cortinarius squameoradicans,1
Cortinarius suaveolens,1
Cortinarius subarquatus,1
Cortinarius subgaleroides,1
Cortinarius subtorvus,1
Cortinarius subturibulosus,1
Cortinarius succineus,1
Cortinarius tabacinus,1
Cortinarius teedii,1
Cortinarius testaceoviolascens,1
Cortinarius torvoides,1
Cortinarius triumphalis,1
Cortinarius umbrinus nom. illegit.,1
Cortinarius uraceus,1
Cortinarius variegatus,1
Cortinarius velenovskyanus,1
Cortinarius venustus,1
Cortinarius vespertinus,1
Cortinarius vesterholtii,1
Cortinarius violaceipes,1
Cortinarius viridiflavus,1
Corvidae,1
Corylus americana,1
Corylus avellana x maxima,1
Coryne,1
Corynespora pruni,1
Coryneum betulinum,1
Coryneum elevatum,1
Coryneum japonicum,1
Cosmos,1
Cosmos atrosanguineus,1
Cosmospora,1
Cosmospora peponum,1
Cosmospora rishbethii,1
Cossus cossus,1
Costantinella cristata,1
Cotoneaster multiflorus,1
Cotoneaster simonsii,1
Crassochaeta,1
Crataegus mollis,1
Crataegus monogyna x heterophylla,1
Craterium,1
Craterium brunneum,1
Craterium friesii,1
Craterium minimum,1
Crepidotaceae,1
Crepidotus alveolus,1
Crepidotus cristatus,1
Crepidotus muscigenus,1
Crepidotus proboscideus,1
Crinipellis corticalis,1
Cristulariella variabilis,1
Crithmum maritimum,1
Crittendenia coppinsii,1
Crittendenia lichenicola,1
Crocicreas rufescens,1
Crocus tommasinianus,1
Crocus vernus,1
Crocynia fragilis,1
Cryptadelphia,1
Cryptocoryneum,1
Cryptoderis caricina,1
Cryptodiscus angulosus,1
Cryptodiscus microstomus,1
Cryptosphaeria,1
Cryptosporella compta,1
Cryptosporium caricis,1
Cryptosporium crypticum,1
Ctenomyces vellereus,1
Cucurbidothis parmeliarum,1
Cucurbitaria euonymi,1
Cucurbitaria naucosa,1
Cucurbitaria salicina,1
Cudoniella buissonii,1
Culcitalna achraspora,1
Culex pipiens,1
Culicidae,1
Cunninghamella echinulata,1
Cunninghamella elegans,1
Cuphophyllus monteverdae,1
Cupressus arizonica,1
Curculionidae,1
Cyathea dealbata,1
Cyatheaceae,1
Cyathicula,1
Cyathicula pallida,1
Cyathicula stipae,1
Cyathus,1
Cyathus berkeleyanus,1
Cylindrocarpon griseum,1
Cylindrocephalum kendrickii,1
Cylindroiulus latestriatus,1
Cylindrotrichum,1
Cylindrotrichum zignoellae,1
Cymbalaria,1
Cyperus,1
Cyphella albomarginata,1
Cyphella fulva,1
Cyphellopsis,1
Cypripedium calceolus,1
Cyrtidula hippocastani,1
Cystobasidium fimetarium,1
Cystoderma,1
Cystoderma lilacipes,1
Cytisus purpureus,1
Cytospora eucalypticola,1
Cytospora ferruginea,1
Cytospora ilicina,1
Cytospora microspora,1
Cytospora pini,1
Cytospora sambuci,1
Cytospora translucens,1
Cytosporium pittospori,1
Cytotriplospora pini,1
Dacampia leptogiicola,1
Dacrydium,1
Dacrymyces concavus,1
Dactylaria chrysosperma,1
Dactylaria congregata,1
Dactylaria scolecospora,1
Dactylella implexa,1
Dactylella minuta,1
Dactylellina candida,1
Dactylellina leptospora,1
Dactylellina phymatopaga,1
Dactylium obovatum,1
Dactylospora heimerlii,1
Daedalea confragosa,1
Dangeardia mamillata,1
Dangeardiella fusiformis,1
Dartmoor Pony,1
Dasyscyphella,1
Dasyscyphella dryina,1
Dasyscyphus minutus,1
Dasyscyphus variicolor,1
Dasyscyphus viridulus,1
Davidiella variabile,1
Debaryella hyalina,1
Decorospora gaudefroyi,1
Delia platura,1
Delicatula,1
Delitschia canina,1
Delitschia niesslii,1
Delitschia pachylospora,1
Delitschia perpusilla,1
Delitschia trichodelitschioides,1
Delphinella abietis,1
Delphinella strobiligena,1
Delphinium elatum,1
Dematioscypha,1
Dematium coelosporium,1
Dendranthema,1
Dendrodochium microsorum,1
Dendrophoma phyllogena,1
Dendrospora polymorpha,1
Dendrostilbella,1
Dendryphion fumosum,1
Dendryphion nodulosum,1
Dendryphion toruloides,1
Dennisiella,1
Dermatea umbrina,1
Dermea,1
Desmazierella,1
Devriesia staurophora,1
Diaporthaceae,1
Diaporthe acerina,1
Diaporthe acus,1
Diaporthe baccharidis,1
Diaporthe buddleiae,1
Diaporthe conjuncta,1
Diaporthe cotoneastri,1
Diaporthe garryae,1
Diaporthe ilicis,1
Diaporthe ligustri,1
Diaporthe minuscula,1
Diaporthe mori,1
Diaporthe perjuncta,1
Diaporthe pinophylla,1
Diaporthe pithya,1
Diaporthe rhois,1
Diaporthe sorbicola,1
Diaporthe spiculosa,1
Diaporthe trinucleata,1
Diaporthe veronicae,1
Diaporthe viticola,1
Diaporthe woodii,1
Diatrype sordida,1
Diatrypella exigua,1
Diatrypella rhois,1
Dicheirotrichus gustavii,1
Dicheirotrichus placidus,1
Dichomera,1
Dichomera mutabilis,1
Dichomera rhamnicola,1
Dichoporis taylorii,1
Dichostereum,1
Dichotomopilus reflexus,1
Dicksonia,1
Dictydium umbilicatum,1
Dictyosporium pulchrum,1
Dictyuchus magnusii,1
Dictyuchus monosporus,1
Diderma crustaceum,1
Diderma rugosum,1
Didymascella tetraspora,1
Didymella fucicola,1
Didymella macrostoma,1
Didymella mesnieriana,1
Didymella pachyspora,1
Didymella pinodella,1
Didymella planiuscula,1
Didymella purpurea,1
Didymella rehmii,1
Didymella urticicola,1
Didymium ochroideum,1
Didymium perforatum,1
Didymium sturgisii,1
Didymodon fallax,1
Didymodon umbrosus,1
Didymopsis,1
Didymosphaeria celata,1
Didymosphaeria crastophila,1
Didymosphaeria diplodioides,1
Diehliomyces microsporus,1
Digitatispora marina,1
Dilsea carnosa,1
Dimeromyces balazucii,1
Dinemasporium caespitosum,1
Dinemasporium decipiens,1
Dinemasporium fimeti,1
Diphthera,1
Diplocladium tenellum,1
Diplococcium lawrencei,1
Diplodia aesculi,1
Diplodia bambusae,1
Diplodia fagi,1
Diplodia faginea,1
Diplodia foeniculina,1
Diplodia henriquesii,1
Diplodia humuli,1
Diplodia ilicina,1
Diplodia ilicis,1
Diplodia lantanae,1
Diplodia ligustri,1
Diplodia lycopersici,1
Diplodia platanicola,1
Diplodia sarothamni,1
Diplodia sycina,1
Diplodia tulipiferae,1
Diplodiella,1
Diplodina aloysiae,1
Diplodina bufonia,1
Diplodina caricis,1
Diplodina grossulariae,1
Diplodina helianthi,1
Diplodina semi-immersa,1
Diplolepis rosae,1
Diplonaevia,1
Diplonaevia circinata,1
Diploospora rosea,1
Diplophlyctis amazonensis,1
Diplophlyctis complicata,1
Diplotaxis,1
Dipodascus macrosporus,1
Dipsacus laciniatus,1
Discella,1
Discella castanea,1
Discinella,1
Discocistella glyceriae,1
Discosporina,1
Discosporina deplanata,1
Discula junci,1
Distolomyces forficulae,1
Ditrichum heteromallum,1
Domingoella arctostaphyli,1
Dothichiza turgida,1
Dothidotthia celtidis,1
Dothidotthia ramulicola,1
Dothiora thujae,1
Dracaena,1
Dracocephalum,1
Drechslera fugax,1
Drechslera poae,1
Drepanopeziza,1
Drepanospora viridis,1
Dryopteris aemula,1
Dryopteris cristata,1
Dwayaangam,1
Dwayabeeja sundara,1
Dyschirius globosus,1
Dyschirius tristis,1
Echinostelium,1
Echinostelium arboreum,1
Echria macrotheca,1
Eichleriella,1
Elachopeltis,1
Elaeagnaceae,1
Elaeagnus pungens,1
Elaeagnus umbellata,1
Elaphomyces leucosporus,1
Elateridae,1
Eleocharis parvula,1
Elephantidae,1
Eleutheromyces,1
Elsinoe,1
Elsinoe pruni,1
Emericellopsis glabra,1
Enchnoa abnormis,1
Enchylium bachmanianum,1
Enchylium limosum,1
Encoeliopsis bresadolae,1
Endochytrium digitatum,1
Endococcus perpusillus,1
Endoperplexa,1
Endophragmiella aseptata,1
Endophragmiella boewei,1
Endophragmiella cesatii,1
Endophragmiella hughesii,1
Endophragmiella resinae,1
Endophragmiella subolivacea,1
Enkianthus,1
Enterographa elaborata,1
Enterographa sorediata,1
Entoloma acidophilum,1
Entoloma ardosiacum,1
Entoloma batschianum,1
Entoloma bryorum,1
Entoloma difforme,1
Entoloma griseoluridum,1
Entoloma ianthinum,1
Entoloma indutum,1
Entoloma majale,1
Entoloma mediterraneense,1
Entoloma opacum,1
Entoloma politoflavipes,1
Entoloma porphyrogriseum,1
Entoloma prismatospermum,1
Entoloma pygmaeopapillatum,1
Entoloma reae,1
Entoloma tenuipes,1
Entoloma venosum,1
Entoloma viaregale,1
Entoloma viridans,1
Entomophaga conglomerata,1
Entomophthora exitialis,1
Entomophthora nebriae,1
Entophlyctis,1
Entophlyctis bulbigera,1
Entophlyctis cienkowskiana,1
Entophlyctis molesta,1
Ephebe hispidula,1
Epibelonium gaeumannii,1
Epibryon casaresii,1
Epicladonia simplex,1
Epidermophyton floccosum,1
Epigloea soleiformis,1
Epilobium hirsutum x lanceolatum,1
Epipactis,1
Epipactis dunensis,1
Epipactis palustris,1
Epiphloea byssina,1
Epithyrium resinae,1
Equisetum hyemale x ramosissimum = E. x moorei,1
Erikssonopsis ericae,1
Eriobotrya japonica,1
Eriopezia,1
Eriophorum latifolium,1
Eriosphaeria subtomentosa,1
Erynia,1
Erynia gracilis,1
Eryniopsis caroliniana,1
Erysimum cheiranthoides,1
Erysiphaceae,1
Erysiphe carpinicola,1
Erysiphe euphorbiae,1
Erysiphe extensa,1
Erysiphe juglandis,1
Erysiphe rayssiae,1
Erysiphe robiniae,1
Erysiphe syringae-japonicae,1
Erysiphe thermopsidis nom. illegit.,1
Escalloniaceae,1
Etainia sericopeza,1
Eucalyptus coccifera,1
Euphorbia portlandica,1
Euphoriomyces liodivorus,1
Euphrasia micrantha,1
Euphrasia nemorosa x ostenfeldii,1
Eupropolella,1
Eurhynchium,1
Eurotium lateritium,1
Eurychasmopsis multisecunda,1
Eutypa ludibunda,1
Eutypa prorumpens,1
Eutypella brunaudiana,1
Eutypella grandis,1
Eutypella microspora,1
Euzodiomyces lathrobii,1
Exidia subsaccharina,1
Exidiopsis molybdea,1
Exmoor Pony,1
Exochorda,1
Falco peregrinus,1
Fannia,1
Farnoldia jurana,1
Favolus pseudobetulinus,1
Fayodia,1
Fayodia gracilipes,1
Felis,1
Fellhanera ochracea,1
Fenestella princeps,1
Fibroidium pelargonii,1
Fibroporia,1
Fibroporia citrina,1
Filobasidiella,1
Flagellospora,1
Flammula,1
Flammulaster gracilis,1
Flammulaster rhombosporus,1
Flammulina fennae,1
Flavoparmelia,1
Floccularia luteovirens,1
Fomes igniarius,1
Fontanospora fusiramosa,1
Forficula auricularia/dentata,1
Formica rufa,1
Fothergilla major,1
Fragosphaeria reniformis,1
Frangula,1
Fraxinus americana,1
Frigidopyrenia bryospila,1
Fritillaria graeca,1
Fuchsia x hybrida,1
Fucus,1
Fucus spiralis,1
Fuligo,1
Fuligo ellipsospora,1
Fumaria densiflora,1
Fumaria occidentalis,1
Fumaria parviflora,1
Fumaria purpurea,1
Fumaria reuteri,1
Funneliformis caledonius,1
Fusarium equiseti,1
Fusarium subglutinans,1
Fusicoccum bacillare,1
Fusicoccum betulae,1
Fusicoccum fibrosum,1
Fusicoccum juglandinum,1
Fusicoccum noxium,1
Fusoidiella anethi,1
Fusoma biseptatum,1
Fusoma triseptatum,1
Gabarnaudia,1
Gabrius nigritulus,1
Gaeumannomyces,1
Gagea bohemica,1
Gaillardia,1
Galanthus woronowii,1
Galatella linosyris,1
Galeopsis angustifolia,1
Galeopsis speciosa,1
Galera campanulata,1
Galera lateritia,1
Galerina annulata,1
Galerina pseudotundrae,1
Galerina sphagnicola,1
Galerina stordalii,1
Galium spurium,1
Gallus,1
Gamsylella arcuata,1
Gamsylella lobata,1
Ganoderma lipsiense,1
Garrya,1
Gastrosporium simplex,1
Gaultheria shallon,1
Geastrum coronatum β woodwardii,1
Geastrum pseudolimbatum,1
Geastrum stellatum,1
Geastrum umbilicatus,1
Geejayessia cicatricum,1
Gelasinospora reticulata,1
Gelatinopsis polyconidiata,1
Gemmulina botryosa,1
Genea sphaerica,1
Genista hispanica,1
Gentiana verna,1
Gentianella campestris,1
Geoglossum sphagnophilum,1
Geomyces,1
Geopora ploettneriana,1
Geopyxis carnea,1
Geoscypha,1
Geoscypha ampelina,1
Geraniaceae,1
Geranium collinum,1
Geranium columbinum,1
Geranium endressii x versicolor = G. x oxonianum,1
Geranium himalayense x pratense = G. 'Johnson's Blue',1
Geranium maderense,1
Geum rivale x urbanum = G. x intermedium,1
Gladiolus communis,1
Glebionis coronaria,1
Gliocladiopsis,1
Gliocladium,1
Gliomastix,1
Globisporangium acanthophoron,1
Globisporangium echinulatum,1
Globisporangium mamillatum,1
Globisporangium megalacanthum,1
Gloeoporus,1
Gloeosporium alpinum,1
Gloeosporium samararum,1
Gloiocephala caricis,1
Gloiocephala pseudocaricis,1
Glomerella tucumanensis,1
Glomus tenue,1
Gloniella adianti,1
Gloniella moliniae,1
Glonium graphicum,1
Glyceria fluitans x notata = G. x pedicellata,1
Gnomonia carpinicola,1
Gnomonia chamaemori,1
Gnomonia curvirostra,1
Gnomonia longirostris,1
Gnomonia pseudoamoena,1
Gnomonia riparia,1
Gnomonia tetraspora,1
Gnomoniella,1
Godronia ledi,1
Golovinomyces inulae,1
Golovinomyces verbenae,1
Gomphidius viscidus,1
Gonatobotrys,1
Gonioneura spinipennis,1
Gracea gracilis,1
Graddonia,1
Grahamiella variabile,1
Graphium aureum,1
Graphium penicillioides,1
Graphyllium pentamerum,1
Gremmenia infestans,1
Guignardia,1
Guignardia epilobii,1
Guignardia faginea,1
Guignardia traversoana,1
Gunnera tinctoria,1
Gyalecta derivata,1
Gyalecta flotovii,1
Gyalidea hyalinescens,1
Gyalideopsis muscicola,1
Gymnascella citrina,1
Gymnoascus,1
Gymnopus,1
Gymnosporangium juniperi,1
Gyrodontium sacchari,1
Gyroflexus brevibasidiatus,1
Gyrographa saxigena,1
Gyromitra,1
Gyrophaena affinis,1
Hadrobregmus,1
Hainesia marsdeniae,1
Haliplus obliquus,1
Haloplaca suaedae,1
Halosphaeria torquata,1
Hansenopezia retrocurvata,1
Hapalocystis berkeleyi,1
Haplographium,1
Harknessia araucariae,1
Harmonia axyridis form succinea,1
Harpochytrium hedenii,1
Harpographium,1
Harposporium microsporum,1
Harzia velata,1
Hebeloma bulbiferum,1
Hebeloma cavipes,1
Hebeloma discomorbidum,1
Hebeloma erebium,1
Hebeloma flocculentus,1
Hebeloma ingratum,1
Hebeloma ischnostylum,1
Hebeloma marginatulum,1
Helenium,1
Helianthemum apenninum,1
Helianthus pauciflorus x tuberosus = H. x laetiflorus,1
Helicocephalum sarcophilum,1
Helicodendron,1
Helicodendron cumbriense,1
Helicodendron foliicola,1
Helicodendron multiseptatum,1
Helicogonium trabinelloides,1
Helicogonium vogesiacum,1
Helicoma dennisii,1
Helicomyces tenuis,1
Helicorhoidion,1
Helicorhoidion irregulare,1
Helicosporium rennyi,1
Helicostylum elegans,1
Helicostylum pulchrum,1
Heliscus,1
Helix (Helix) pomatia,1
Helminthosphaeria odontiae,1
Helminthosporium cantonense,1
Helminthosporium cylindricum,1
Helminthosporium fusisporium,1
Helminthosporium macilentum,1
Helminthosporium microsporum,1
Helminthosporium minimum,1
Helminthosporium scolecoides,1
Helosciadium inundatum,1
Helotiaceae,1
Helotium chloropodium,1
Helotium cribrosum,1
Helotium immarginatum,1
Helotium rubicola,1
Helotium terrigenum,1
Helvella fusca,1
Helvella monachella,1
Hemiarcyria bucknallii,1
Hemibeltrania echinulata,1
Hemigrapha atlantica,1
Hemileucoglossum littorale,1
Hemimycena ignobilis,1
Hemimycena pithya,1
Hemitrichia chrysospora,1
Hemitrichia leiocarpa,1
Hendersonia arcus,1
Hendersonia carpini,1
Hendersonia phragmitis,1
Hendersonia sambuci,1
Hendersonia vagans,1
Hendersoniella trabicola,1
Heptaster,1
Herniaria ciliolata,1
Herpotrichia,1
Hertelidea botryosa,1
Hesperis,1
Heterocera,1
Heterocerus flexuosus,1
Heterodera avenae,1
Heterodermia obscurata,1
Heteromycophaga,1
Heteroptera,1
Hieracium daedalolepioides,1
Hieracium lasiophyllum,1
Hieracium rubicundum,1
Hieracium triviale,1
Hillenburgia nasturtii,1
Hippuris,1
Hippuris vulgaris,1
Hirsutella brownorum,1
Hirsutella dipterigena,1
Hirsutella nodulosa,1
Hirsutella rhossiliensis,1
Hodophilus,1
Hohenbuehelia bonii,1
Hoheria,1
Homarus gammarus,1
Hordelymus europaeus,1
Hormiactella,1
Hormiactis,1
Hormiactis ontariensis,1
Hormisciella atra,1
Hornungia petraea,1
Hortiboletus,1
Humaria ollaris,1
Humaria ovalispora,1
Humicola brevis,1
Humicola seminuda,1
Humulus scandens,1
Huperzia selago,1
Hyacinthus,1
Hyacinthus orientalis,1
Hyalinia,1
Hyalinia roseola,1
Hyalinia succinea,1
Hyalinia tumidula,1
Hyaloperonospora barbareae,1
Hyaloperonospora erophilae,1
Hyaloperonospora erucastri,1
Hyaloperonospora galligena,1
Hyaloperonospora lunariae,1
Hyalopeziza,1
Hyalopeziza alni,1
Hyalopeziza cadaverina,1
Hyalopeziza sambuci,1
Hyalopsora adianti-capilli-veneris,1
Hyaloscypha donardiana,1
Hyaloscypha epiporia,1
Hyaloscypha hepaticicola,1
Hyaloscypha mirabilis,1
Hyalotricha,1
Hydnaceae,1
Hydnellum nemorosum,1
Hydnobolites,1
Hydnum magnorufescens,1
Hydnum subcarnaceum,1
Hydraecia petasitis,1
Hydrangea petiolaris,1
Hydrocotyle,1
Hydrophilomyces hamatus,1
Hydropisphaera,1
Hydropus marginellus,1
Hydropus sphaerosporus,1
Hydrotaea irritans,1
Hygrocybe paraceracea,1
Hygrophoraceae,1
Hygrophorus clarkii,1
Hygrophorus hyacinthus,1
Hygrophorus latitabundus,1
Hygrophorus marzuolus,1
Hygrophorus melizeus,1
Hygrophorus persicinus,1
Hygrophorus pratensis,1
Hygrophorus pulverulentus,1
Hygrophorus squamulosus nom. illegit.,1
Hylobius abietis,1
Hylotelephium,1
Hylotelephium 'Herbstfreude',1
Hymenella berkeleyi,1
Hymenochaetales,1
Hymenochaete leonina,1
Hymenogaster rehsteineri,1
Hymenopellis xeruloides,1
Hymenoscyphus aesculi,1
Hymenoscyphus albopectum orth. var.,1
Hymenoscyphus cadiella,1
Hymenoscyphus callorioides,1
Hymenoscyphus clavatus,1
Hymenoscyphus cyathiformis,1
Hymenoscyphus friesii,1
Hymenoscyphus fucatus,1
Hymenoscyphus gregarius,1
Hymenoscyphus kathiae,1
Hymenoscyphus myrtilli,1
Hymenoscyphus perplexus,1
Hymenoscyphus salicinus,1
Hymenoscyphus sparsus,1
Hymenula,1
Hymenula vulgaris,1
Hypericum forrestii,1
Hypericum pseudohenryi,1
Hyphochytrium catenoides,1
Hyphoderma capitatum,1
Hyphoderma nemorale,1
Hyphodiscus theiodeus,1
Hyphodontia floccosa,1
Hypholoma aelolopum,1
Hypholoma cyanescens,1
Hypholoma lanaripes,1
Hypholoma lapponicum,1
Hyphomyces,1
Hyphopichia burtonii,1
Hypnales,1
Hypnum andoi,1
Hypnum cupressiforme s.l.,1
Hypnum jutlandicum,1
Hypochnus,1
Hypocopra parvula,1
Hypocreaceae,1
Hypocreales,1
Hypocreopsis,1
Hypogymnia,1
Hypogymnia hultenii,1
Hypogymnia vittata,1
Hypomyces linkii,1
Hypomyces miliarius,1
Hypomyces tuberosus,1
Hypotrachyna britannica,1
Hypotrachyna endochlora,1
Hypotrachyna horrescens,1
Hypotrachyna minarum,1
Hyssopus officinalis,1
Hysterangium coriaceum,1
Hysteropeziza,1
Ichneumon,1
Idriella,1
Impatiens balsamina,1
Impatiens noli-tangere,1
Incrustocalyptella columbiana,1
Inermisia,1
Inocybe abjecta,1
Inocybe astraiana,1
Inocybe aurantiifolia,1
Inocybe aviemora,1
Inocybe bresadolae,1
Inocybe brunneola,1
Inocybe descissa,1
Inocybe dryadiana,1
Inocybe fastigiella,1
Inocybe floccipes,1
Inocybe humilis,1
Inocybe lavandulochlora,1
Inocybe mystica,1
Inocybe nobilis,1
Inocybe olida,1
Inocybe olivaceobrunnea,1
Inocybe pallidipes,1
Inocybe psammobrunnea,1
Inocybe pseudocookei,1
Inocybe roseascens,1
Inocybe strickeriana,1
Inocybe subalbidodisca,1
Inocybe tarda,1
Inocybe taxocystis,1
Inocybe turfae,1
Inosperma monastichum,1
Intralichen lichenum,1
Inula,1
Inula magnifica,1
Ionomidotis,1
Ipomoea batatas,1
Iris sibirica,1
Iris tingitana,1
Isaria clavata,1
Isaria leprosa,1
Isothecium alopecuroides,1
Isthmotricladia,1
Iteomyia capreae,1
Iwilsoniella rotunda,1
Jaapia,1
Jackrogersella,1
Jacobaea maritima x vulgaris = J. x albescens,1
Jacobaea paludosa,1
Jamesdicksonia irregularis,1
Jasminum officinale,1
Jattaea faginea,1
Jattaea microtheca,1
Juglanconis juglandina,1
Juncus aridicola,1
Juncus effusus x inflexus = J. x diffusus,1
Jungermannia,1
Junghuhnia,1
Kabatiella berberidis,1
Kabatina,1
Kalanchoe,1
Karlingiomyces asterocystis,1
Karschia,1
Karstenia clematidis,1
Karstenia idaei,1
Keissleriella caudata,1
Keissleriella gallica,1
Keissleriella genistae,1
Keissleriella subalpina,1
Khuskia oryzae,1
Kickxia spuria,1
Kitaibelia vitifolia,1
Kniphofia uvaria,1
Kriegeriella,1
Kuettlingeria atroflava,1
Laboulbenia,1
Laboulbenia cafii,1
Laboulbenia casnoniae,1
Laboulbenia dubia,1
Laboulbenia eubradycelli,1
Laboulbenia giardi,1
Laboulbenia marina,1
Laboulbenia ophoni,1
Laboulbenia thaxteri,1
Laboulbeniales,1
Laccaria tetraspora,1
Laccobius striatulus,1
Lachnellula laricis,1
Lachnellula stygia,1
Lachnum pseudolachnum,1
Lachnum roridum,1
Lactarius albocarneus,1
Lactarius aquizonatus,1
Lactarius hyphoinflatus,1
Lactarius hysginoides,1
Lactarius intermedius,1
Lactarius lividus,1
Lactarius minimus,1
Lactarius pseudouvidus,1
Lactarius retisporus,1
Lactarius ruber,1
Lactarius salicis-reticulatae,1
Lactarius syringinus,1
Lactifluus glaucescens,1
Lactocollybia angiospermarum,1
Lactocollybia cycadicola,1
Laemostenus terricola,1
Laestadia periclymeni,1
Laestadia polygonorum,1
Laestadia pseudoplatani,1
Lagena radicicola,1
Lagomorpha,1
Lambertella,1
Laminaria digitata,1
Lampetra fluviatilis,1
Lampranthus,1
Lampranthus roseus,1
Lampranthus spectabilis,1
Lamproderma,1
Lamproderma clynense,1
Lamproderma debile,1
Lamproderma gulielmae,1
Lamproderma iridescens,1
Lamprospora aurantiaca,1
Lamprospora faroensis,1
Lamprospora minuta,1
Lamprospora seaveri,1
Lampyris noctiluca,1
Lanzia,1
Laothoe populi,1
Larca lata,1
Laridae,1
Larus,1
Larus argentatus,1
Lasiobelonium elegantulum,1
Lasiobelonium horridulum,1
Lasiobolus ruber,1
Lasionectria,1
Lasionectria flavida,1
Lasiosphaeriopsis salisburyi,1
Lasiosphaeriopsis supersparsa,1
Lateriramulosa minitriangularia,1
Lathyrus vernus,1
Lecane arcuata,1
Lecania chlorotiza,1
Lecania cyrtellina,1
Lecanicillium fungicola,1
Lecanicillium psalliotae,1
Lecanora barkmaniana,1
Lecanora cadubriae,1
Lecanora castanea,1
Lecanora farinaria,1
Lecanora glabrata,1
Lecanora helicopis,1
Lecanora jamesii,1
Lecanora pacifica,1
Lecanora praepostera,1
Lecanora subaurea,1
Leccinum crocistipidosum,1
Leccinum decipiens,1
Leccinum umbrinoides,1
Lecidea auriculata,1
Lecidea contigua,1
Lecidea globulispora,1
Lecidella parasema,1
Lecythophora lignicola,1
Legaliana,1
Leiodes rugosa,1
Lemanea,1
Lembosina,1
Lentaria,1
Lentaria afflata,1
Lentinellus laurocerasi,1
Lentinus tuber-regium,1
Lentomita stylophora,1
Lentomitella conoidea,1
Lentomitella crinigera,1
Leotia nana,1
Leotiales,1
Leotiomycetes,1
Lepidium latifolium,1
Lepidostoma basale,1
Lepidozia reptans,1
Lepiota bickhamensis,1
Lepiota coxheadii,1
Lepiota emplastrum,1
Lepiota locquinii,1
Lepiota mesomorpha,1
Lepiota rufipes,1
Lepiota sinopica,1
Lepiota sublaevigata,1
Lepista pseudoectypa,1
Lepra excludens,1
Lepra monogona,1
Lepraria alba nom. superfl.,1
Lepraria alpina,1
Lepraria crassissima,1
Lepraria jackii,1
Leproloma,1
Lepteutypa,1
Leptodermella incarnata,1
Leptodon,1
Leptogidium dendriscum,1
Leptogium hibernicum,1
Leptolegniella keratinophila,1
Leptonia subcyanula,1
Leptosphaeria artemisiae,1
Leptosphaeria bispora,1
Leptosphaeria cesatiana,1
Leptosphaeria cookei,1
Leptosphaeria densa,1
Leptosphaeria herpotrichoides,1
Leptosphaeria lecanora,1
Leptosphaeria octophragmia,1
Leptosphaeria pellita,1
Leptosphaeria raphani,1
Leptosphaeria tamaricis,1
Leptosphaeria trollii,1
Leptosphaerulina personata,1
Leptospora,1
Leptostroma eupatorii,1
Leptostroma marisci,1
Leptostromella graminicola,1
Leptostromella graminis,1
Leptothyrium clypeosphaerioides,1
Leptothyrium melaleucum,1
Leptothyrium pinastri,1
Leptotrochila sanguisorbae,1
Lesteva hanseni,1
Letendraea,1
Leucanthemum lacustre x maximum = L. x superbum,1
Leucoagaricus hortensis,1
Leucobryum glaucum sensu Smith (2004),1
Leucocoprinus biornatus,1
Leucocoprinus discoideus,1
Leucocoprinus heterosporus,1
Leucocoprinus jubilaei,1
Leucogaster liosporus,1
Leucogyrophana,1
Leucopaxillus macrocephalus,1
Leucopaxillus salmonifolius,1
Leucostoma auerswaldii,1
Leucostoma translucens,1
Leymus,1
Libertella fusispora,1
Licea,1
Licea crateriformis,1
Licea iridis,1
Lichenochora aipoliae,1
Lichenochora epifulgens,1
Lichenopeltella cetrariicola,1
Lichenopeltella coppinsii,1
Lichenopeltella norfolciana,1
Lichenopeltella peltigericola,1
Lichenopuccinia poeltii,1
Lichenostigma alpinum,1
Lichenothelia convexa,1
Lichenothelia renobalesiana,1
Ligusticum scoticum,1
Lilium candidum,1
Limnephilidae,1
Limonium binervosum,1
Limonomyces,1
Linochora,1
Linospora vulgaris,1
Linum bienne,1
Linum radiola,1
Lippia citriodora,1
Lirula macrospora,1
Lithographa tesserata,1
Lithospermum,1
Litschauerella,1
Lobothallia radiosa,1
Lobothallia recedens,1
Lopadium pezizoideum,1
Lophiostoma appendiculatum,1
Lophiostoma clematidis-vitalbae,1
Lophiostoma massarioides,1
Lophiostoma quadrinucleatum,1
Lophiostoma ulicis,1
Lophiotrema rumicis,1
Lophocolea bidentata,1
Lophodermium dactylidis,1
Lophodermium eriophori,1
Lophodermium oxycoccos,1
Lophodermium punctiforme,1
Lophodermium sieglingiae,1
Lophodermium versicolor,1
Lophotrichus bartlettii,1
Loxospora elatina,1
Lulworthia,1
Lulworthia longirostris,1
Luma apiculata,1
Lunaria rediviva,1
Lunulospora acuminata,1
Lupinus albus,1
Lupinus arboreus x polyphyllus = L. x regalis,1
Lutra lutra,1
Luzula forsteri,1
Lycium,1
Lycogala minutum,1
Lycoperdon lambinonii,1
Lycophotia porphyrea,1
Lycopodiaceae,1
Lycopodium annotinum,1
Lyophyllum amariusculum,1
Lyophyllum capniocephalum,1
Lyophyllum immundum,1
Lyophyllum paelochroum,1
Lysimachia,1
Lythrum portula,1
Macrolepiota olivascens,1
Macrophoma draconis,1
Macrophoma samaricola,1
Macrosporium,1
Macrosporium concinnum,1
Macrotyphula,1
Magdalaenaea monogramma,1
Mahonia pinnata,1
Mahonia repens,1
Malassezia globosa,1
Mallocybe fibrillosa,1
Mallocybe granulosa,1
Malus hupehensis,1
Malus tschonoskii,1
Malva alcea,1
Malva multiflora,1
Malvaceae,1
Marasmiellus lateralis,1
Marasmiellus phaeophyllus,1
Marasmiellus trabutii,1
Marasmius bambusinus,1
Marasmius calopus,1
Marasmius insititius,1
Marasmius plancus,1
Marasmius splachnoides,1
Marasmius tremulae,1
Marcelleina atroviolacea,1
Marchandiomyces,1
Marchantiales,1
Marielliottia dematioidea,1
Martininia panamaensis,1
Massariosphaeria mosana,1
Massariosphaeria multiseptata,1
Massariosphaeria palustris,1
Masseea quisquiliarum,1
Matricaria disciformis,1
Matthiola,1
Megalaria laureri,1
Melampsora salicina,1
Melanconis betulina,1
Melanconium atrum,1
Melanconium castaneae,1
Melanconium ramulorum,1
Melanoleuca adstringens,1
Melanoleuca castaneofusca,1
Melanoleuca evenosa,1
Melanoleuca tabularis,1
Melanomma apiocarpum,1
Melanomma aspegrenii,1
Melanomma jenynsii,1
Melanomma obliterans,1
Melanomma vile,1
Melanomphalia nigrescens,1
Melanopsamma pustula,1
Melanospora fusispora,1
Melanospora vitrea,1
Melanotaenium hypogaeum,1
Melanotus,1
Melasmia ulmicola,1
Melaspilea amota,1
Melaspilea proximella,1
Mellitiosporium pteridinum,1
Melzericium udicola,1
Memnoniella echinata,1
Mentha aquatica x arvensis x spicata = M. x smithiana,1
Mentha longifolia x spicata = M. x villosonervata,1
Mentha longifolia x suaveolens = M. x rotundifolia,1
Merismatium deminutum,1
Merostictis hypopyrrha,1
Merulius,1
Metasphaeria acorella,1
Metasphaeria anarithma,1
Metasphaeria rimularum,1
Metschnikowia bicuspidata,1
Micarea,1
Micarea botryoides,1
Micarea globulosella,1
Micarea melaena,1
Micralymma marinum,1
Micraspis,1
Microascus paisii,1
Microascus trigonosporus,1
Microbotryum dianthorum,1
Microbotryum lagerheimii,1
Microbotryum moenchiae-manticae,1
Microbotryum saponariae,1
Microcalicium disseminatum,1
Microcera diploa,1
Microdiplodia,1
Microdiplodia minuscula,1
Microdiplodia ononidicola,1
Microdiplodia subtecta,1
Microglossum clavatum,1
Microglossum microsporum,1
Microglossum nudipes,1
Micropera spuria,1
Micropeziza,1
Micropeziza umbrinella,1
Micropsectra,1
Microscypha cejpii,1
Microsphaera,1
Microsporum,1
Microthecium,1
Microthecium sepedonioides,1
Microthelia biformis,1
Mikronegeria fagi,1
Mimicoscypha paludosa,1
Minimedusa polyspora,1
Minimelanolocus verruculosus,1
Minutoexcipula tephromelae,1
Minutophoma chrysophthalmae,1
Miriquidica atriseda,1
Miriquidica complanata,1
Miriquidica griseoatra,1
Miscanthus sinensis,1
Mischoblastia oxydata,1
Mitrula microspora,1
Moehringia,1
Moellerodiscus capillipes,1
Moenchia erecta,1
Mollisia alba,1
Mollisia caesia,1
Mollisia erumpens,1
Mollisia jugosa,1
Mollisia leucosphaeria,1
Mollisia olivaceocinerea,1
Mollisia stromaticola,1
Mollisia tigri,1
Mollisiopsis,1
Monilia humicola,1
Monilinia,1
Monilinia linhartiana,1
Monoblepharella taylorii,1
Monoblepharis,1
Monoblepharis bullata,1
Monoblepharis fasciculata,1
Monoblepharis ovigera,1
Monochaetia compta,1
Monodictys asperospora,1
Monodictys fluctuata,1
Monoicomyces homalotae,1
Monoicomyces nigrescens,1
Monostichella potentillae,1
Montagnula spinosella,1
Morchella patula,1
Mortierella elongata,1
Mortierella exigua,1
Mortierella globulifera,1
Mortierella macrocystopsis,1
Mortierella pilulifera,1
Mortierella pulchella,1
Mortierella pusilla,1
Mortierella rostafinskii,1
Mortierella zychae,1
Mucilago,1
Mucilago spongiosa,1
Mucor amethysteus,1
Mucor caninus,1
Mucor erectus,1
Mucor fragilis,1
Mucor fusiformis,1
Mucor stercoreus,1
Mucor strictus,1
Mucronella,1
Muellerella erratica,1
Muntiacus muntjak,1
Muscari botryoides,1
Muscari neglectum,1
Myceliophthora lutea,1
Mycena alexandri,1
Mycena algeriensis,1
Mycena corticalis,1
Mycena cyanorhiza,1
Mycena debilis,1
Mycena hemisphaerica,1
Mycena mackinawensis,1
Mycena pseudopicta,1
Mycena querciphila,1
Mycena supina,1
Mycena truncosalicicola,1
Mycena venustula,1
Mycena wynneae,1
Mycetozoa,1
Mycoblastus caesius,1
Mycorhynchus brunneocapitatus,1
Mycosphaerella angelicae,1
Mycosphaerella aquilina,1
Mycosphaerella capronii,1
Mycosphaerella danica,1
Mycosphaerella deightonii,1
Mycosphaerella dryadicola,1
Mycosphaerella juniperi,1
Mycosphaerella millepunctata,1
Mycosphaerella osborniae,1
Mycosphaerella pedicularis,1
Mycosphaerella perexigua,1
Mycosphaerella psammae,1
Mycosphaerella pseudoseptorioides,1
Mycosphaerella ranunculi,1
Mycosphaerella scirpi-lacustris,1
Mycosphaerella silenis,1
Mycosphaerella slaptonensis,1
Mycosphaerella thais,1
Mycovellosiella,1
Myiophagus ucrainicus,1
Myrica cerifera,1
Myriodontium,1
Myriolecis actophila,1
Myriolecis antiqua,1
Myrrhis,1
Myrtaceae,1
Mystrosporium stemphylium,1
Mythimna pallens,1
Myxophora leptogiophila,1
Myxosporium,1
Myxosporium phaeosporum,1
Myxosporium platysporum,1
Myxosporium pubescens,1
Myxosporium rosae,1
Myxothyrium leptideum,1
Myxotrichum setosum,1
Myzocytiopsis humana,1
Myzus (Nectarosiphon) ajugae,1
Naetrocymbe carneobrunneola sensu Cannon et al. (2023),1
Nannizzia incurvata,1
Nannizzia ossicola,1
Nanostictis christiansenii,1
Narcissea cardiaspora,1
Narcissus bicolor,1
Narcissus cyclamineus,1
Narcissus minor,1
Narcissus poeticus,1
Natrix helvetica,1
Naucoria badia,1
Naucoria graminicola,1
Naucoria innocua,1
Naucoria silvae-novae,1
Naucoria suavis,1
Naucoria tenax,1
Nebria brevicollis,1
Nectria bicolor,1
Nectria funicola,1
Nectria pandani,1
Nectria piceae,1
Nectria polyporina,1
Nectria rimincola,1
Nectriella bloxamii,1
Nectriella lophocoleae,1
Nectriella paludosa,1
Nectriopsis indigens,1
Nectriopsis parmeliae,1
"Nemania atropurpurea non Sphaeria atropurpurea Tode, 1790",1
Nemania subannulata,1
Nematogonum,1
Nematophthora gynophila,1
Nematostoma parasiticum,1
Nemouridae,1
Neoascochyta desmazieri,1
Neobarya,1
Neobarya xylariicola,1
Neoboletus,1
Neobulgaria undata,1
Neocucurbitaria unguis-hominis,1
Neodeightonia,1
Neodeightonia subglobosa,1
Neofusicoccum mangiferae,1
Neolamya peltigerae,1
Neopseudocercosporella capsellae,1
Neottiella albocincta,1
Neottiella microspora,1
Nepeta,1
Nepeta cataria,1
Nepeta racemosa,1
Nereiospora comata,1
Nerine bowdenii,1
Neta patuxentica,1
Nia,1
Nia vibrissa,1
Nicotiana alata,1
Nicotiana alata x forgetiana = N. x sanderae,1
Nicrophorus investigator,1
Niesslia bulbillosa,1
Nigrosabulum globosum,1
Niptera stockii,1
Noctua pronuba,1
Noctuidae,1
Nolanea fusciocortex,1
Nolanea limosella,1
Nolanea pascua,1
Nolanea rubida,1
Nostoc,1
Nothofagaceae,1
Nothofagus betuloides,1
Nothofagus obliqua x alpina = N. x dodecaphleps,1
Notiophilus rufipes,1
Notodontidae,1
Nowakowskiella hemisphaerospora,1
Nummularia gigas,1
Obelidium megarhizum,1
Obelidium mucronatum,1
Ocalea picata,1
Occultifur,1
Ochrolechia,1
Ocimum basilicum,1
Octospora bridei,1
Octospora phagospora,1
Octosporella erythrostigma,1
Oculimacula acuformis,1
Ocys harpaloides/tachysoides,1
Odontia,1
Odontites,1
Odontoschisma sphagni,1
Oedocephalum laeticolor,1
Oenanthe aquatica,1
Oenothera aggregate,1
Oenothera biennis x glazioviana = O. x fallax,1
Oidiodendron majus,1
Oligonema,1
Olpidiopsis,1
Olpidium agrostidis,1
Olpidium brassicae,1
Olpidium gregarium,1
Olpidium luxurians,1
Ombrophila janthina,1
Ombrophila nigripes,1
Ombrophila rudis,1
Omphalia affricata,1
Omphalia cylindraceocampanulata,1
Omphalia grisea,1
Omphalina kuehneri,1
Omphalina schizoxylon,1
Omphalotus,1
Oncocladium flavum,1
Oncopodiella,1
Oncopodiella hungarica,1
Oncopodium antoniae,1
Onnia tomentosa,1
Ononis viscosa,1
Onygena apus,1
Oospora porriginis,1
Oospora sulphurella,1
Oospora variabilis,1
Opegrapha brevis,1
Opegrapha cesareensis,1
Opegrapha thelotrematis,1
Opegrapha trochodes,1
Ophidiomyces ophidiicola,1
Ophiobolus intermedius,1
Ophiobolus littoralis,1
Ophiobolus ophioboloides,1
Ophiobolus ponticus,1
Ophiobolus troakei,1
Ophioceras,1
Ophiocordyceps sphecocephala,1
Ophiostoma microsporum,1
Ophiostoma minus,1
Ophiostoma penicillatum,1
Ophiovalsa,1
Orbilia battenii,1
Orbilia fabacearum,1
Orbilia graminis,1
Orbilia mammillata,1
Orbiliopsis,1
Orchis,1
Ornithogalum pyrenaicum,1
Orobanche,1
Orthotrichum anomalum,1
Osmunda,1
Osteina obducta,1
Ostreichnion sassafras,1
Othius punctulatus,1
Otidea papillata,1
Otidea parvispora,1
Oudemansiella melanotricha,1
Oulema melanopus,1
Ovatospora brasiliensis,1
Ovularia,1
Ovularia lamii,1
Oxalis stricta,1
Oxybasis glauca,1
Oxyporus pearsonii,1
Oxyporus rufus,1
Pachydisca,1
Pachydisca fibuliformis,1
Pachyella,1
Pachygrapsus,1
Pachyphlodes nemoralis,1
Pachysandra,1
Pachysandra terminalis,1
Paeonia suffruticosa,1
Panellus,1
Panellus farinaceus,1
Panicum miliaceum,1
Pannaria hookeri,1
Papulaspora rubida,1
Paradiachea anglica,1
Paradiachea howardii,1
Paragalactinia berthetiana,1
Paralecanographa grumulosa,1
Paramoebidium chattonii,1
Paranectria affinis,1
Paranectria superba,1
Parapholis incurva,1
Paraphoma fimeti,1
Paraphomopsis obscurans,1
Parascutellinia carneosanguinea,1
Parengyodontium album,1
Parietaria officinalis,1
Parmelia multifida,1
Parmelia serrana,1
Parmelia submontana,1
Parmotrema arnoldii,1
Parthenocissus,1
Parthenocissus henryana,1
Parthenocissus inserta,1
Parvulago marina,1
Passalora,1
Passalora angelicae,1
Passalora bacilligera,1
Passalora bataticola,1
Passalora clematidis,1
Patinella macrospora,1
Paulownia tomentosa,1
Paxillus lividus,1
Pelargonium capitatum,1
Pelargonium inquinans x zonale = P. x hybridum,1
Pellionella macrospora,1
Peltigera britannica,1
Penicillium albidum,1
Penicillium atrovenetum,1
Penicillium aurantiocandidum,1
Penicillium capsulatum,1
Penicillium chermesinum,1
Penicillium citreonigrum,1
Penicillium granulatum,1
Penicillium griseofulvum,1
Penicillium griseolum,1
Penicillium griseopurpureum,1
Penicillium hypomycetis,1
Penicillium lanosum,1
Penicillium lividum,1
Penicillium montanense,1
Penicillium paradoxum,1
Penicillium raciborskii,1
Penicillium raperi,1
Penicillium restrictum,1
Penicillium roseopurpureum,1
Penicillium shearii,1
Penicillium vinaceum,1
Peniophora lithargyrina,1
Peniophora rubiginosa,1
Peniophora rufa,1
Peniophora versicolor,1
Peniophoraceae,1
Pentatomidae,1
Perenniporia anglica,1
Perichaena,1
Perichaena picea,1
Perichaena serpula,1
Periconia alba,1
Periconia funerea,1
Periconia paludosa,1
Periconia shyamala,1
Peridiothelia grandiuscula,1
Peronospora aquatica,1
Peronospora corollae,1
Peronospora cytisi,1
Peronospora galegae,1
Peronospora matthiolae,1
Peronospora ononidis,1
Peronospora orobi,1
Peronospora pisi,1
Peronospora trigonellae,1
Peronospora valesiaca,1
Peronosporaceae,1
Pertusaria hutchinsiae,1
Pertusaria pustulata,1
Pestalotia heterocornis,1
Pestalotia monochaeta,1
Pestalotiopsis,1
Pestalotiopsis conigena,1
Pestalotiopsis dichaeta,1
Pestalotiopsis maculans,1
Petrakia echinata,1
Petroselinum,1
Peyronellaea protuberans,1
Pezicula aurantiaca,1
Pezicula eucrita,1
Pezicula neocinnamomea,1
Pezicula paradoxa,1
Peziza alborosea,1
Peziza atrovinosa sensu auct. brit.,1
Peziza azureoides,1
Peziza flavida,1
Peziza moseri,1
Peziza pseudoammophila,1
Peziza spinosae,1
Peziza subvesiculosa,1
Peziza subviolacea,1
Pezizella hughesii,1
Pezizella milliaris,1
Pezizellaster serratus,1
Pezizomycotina,1
Phacellium trifolii,1
Phacidiella asperulina,1
Phacidium abietinum,1
Phacidium pusillum,1
Phacographa zwackhii,1
Phaeobotryon quercicola,1
Phaeocalicium populneum,1
Phaeoclavulina minutispora,1
Phaeoclavulina mutabilis,1
Phaeocollybia cidaris,1
Phaeohelotium carneum,1
Phaeomarasmius rimulincola,1
Phaeomycocentrospora cantuariensis,1
Phaeophyscia,1
Phaeophyscia endophoenicea,1
Phaeophyscia sciastra,1
Phaeoseptoria airae,1
Phaeosphaera,1
Phaeosphaeria caricis,1
Phaeosphaeria dennisiana,1
Phaeosphaeria epicalamia,1
Phaeosphaeria juncicola,1
Phaeosphaeria norfolcia,1
Phaeosphaeria parvula,1
Phaeosphaeria salebricola,1
Phaeospora lemaneae,1
Phaeotremella,1
Phaeotrichum circinatum,1
Phalaris canariensis,1
Phalera bucephala,1
Phanerodontia chrysosporium,1
Phaonia,1
Pharcidia pelvetiae,1
Phegopteris connectilis,1
Phialemonium inflatum,1
Phialophora cyclaminis,1
Phialophorophoma litoralis,1
Phillipsiella,1
Philonthus concinnus,1
Philopotamus montanus,1
Phlebia caspica,1
Phlebia chrysocreas,1
Phlebia lacteola,1
Phlebia subulata,1
Phlebiella caricis-pendulae,1
Phlomis fruticosa,1
Phlox drummondii,1
Phlyctema,1
Phlyctochytrium,1
Phlyctochytrium mucronatum,1
Pholiota abstrusa,1
Pholiota elegans,1
Pholiota graveolens,1
Pholiota henningsii,1
Pholiota molliscorium,1
Pholiota muelleri,1
Pholiota squarrosoides,1
Pholiota sublutea,1
Pholiota subochracea,1
Pholiotina,1
Phoma alchemillae,1
Phoma aquilina,1
Phoma asteromella,1
Phoma berberidicola,1
Phoma caricicola,1
Phoma concentrica,1
Phoma crytispora,1
Phoma dennisii,1
Phoma endorrhodia,1
Phoma gentianae,1
Phoma grossulariae,1
Phoma hapalocystis,1
Phoma iridina,1
Phoma lacustris,1
Phoma laurina,1
Phoma leycesteriae,1
Phoma lupinella,1
Phoma mali,1
Phoma microscopica,1
Phoma myricae,1
Phoma neglecta,1
Phoma oleracea,1
Phoma pasteriscus,1
Phoma phlomidis,1
Phoma polemonii,1
Phoma prunicola,1
Phoma pterophila,1
Phoma radula,1
Phoma scobina,1
Phoma siliquastrum,1
Phoma statices,1
Phoma strobiligena,1
Phoma tamaricella,1
Phoma thujana,1
Phomatospora argentina,1
Phomatospora hederae,1
Phomatospora leptasca,1
Phomopsis achilleae,1
Phomopsis agapanthi,1
Phomopsis agrostidis,1
Phomopsis airae,1
Phomopsis albicans,1
Phomopsis armeriae,1
Phomopsis carnea,1
Phomopsis cordylines,1
Phomopsis coronillae,1
Phomopsis diachenii,1
Phomopsis ebulina,1
Phomopsis eucalypti,1
Phomopsis hieracii,1
Phomopsis hordei,1
Phomopsis irregularis,1
Phomopsis japonica,1
Phomopsis lathyrina,1
Phomopsis lendeghmiae,1
Phomopsis ligulata,1
Phomopsis lirelliformis,1
Phomopsis lonicerae,1
Phomopsis lysimachiae,1
Phomopsis muelleri,1
Phomopsis oleariae,1
Phomopsis osmanthi,1
Phomopsis petiolorum,1
Phomopsis pteleae,1
Phomopsis quercina,1
Phomopsis silenes,1
Phomopsis skimmiae,1
Phomopsis sorbariae,1
Phomopsis sorbicola,1
Phomopsis stictostoma,1
Phomopsis striiformis,1
Phomopsis subnervisequa,1
Phomopsis tamaricaria,1
Phomopsis verbasci,1
Photinia davidiana,1
Phragmocapnias,1
Phragmocephala glanduliformis,1
Phycomelaina laminariae,1
Phycomyces,1
Phycopeltis expansa,1
Phygelius capensis,1
Phylidorea ferruginea,1
Phyllachora maculans,1
Phyllachora pastinacae,1
Phyllachora shiraiana,1
Phyllactinia,1
Phylloblastia fortuita,1
Phyllonorycter rajella,1
Phylloporus rhodoxanthus,1
Phyllostachys nigra,1
Phyllostachys viridiglaucescens,1
Phyllosticta alpina,1
Phyllosticta argyrea,1
Phyllosticta asperulae,1
Phyllosticta campestris,1
Phyllosticta chaenomelina,1
Phyllosticta circumscissa,1
Phyllosticta cirsii,1
Phyllosticta crataegicola,1
Phyllosticta cucurbitacearum,1
Phyllosticta destructiva,1
Phyllosticta forsythiae,1
Phyllosticta fragariicola,1
Phyllosticta garryae,1
Phyllosticta hederae,1
Phyllosticta lutetiana,1
Phyllosticta lychnidina,1
Phyllosticta monogyna,1
Phyllosticta murrayae,1
Phyllosticta nuptialis,1
Phyllosticta plantaginis,1
Phyllosticta pseudacori,1
Phyllosticta roboris,1
Phyllosticta rosae,1
Phyllosticta scrophulariae,1
Phyllosticta sorbi,1
Phyllosticta thalictri,1
Phyllosticta valerianae,1
Phyllosticta vincae-majoris,1
Physalospora arctostaphyli,1
Physalospora corni,1
Physalospora idaei,1
Physarum bryophilum,1
Physarum compactum,1
Physarum crateriachea,1
Physarum ditmarii,1
Physarum javanicum,1
Physarum nudum,1
Physarum pusillopse,1
Physarum sessile,1
Physconia farrea,1
Physocarpus opulifolius,1
Physoderma comari,1
Physoderma graminis,1
Physoderma menthae,1
Physoderma potteri,1
Phytomyza aquilegiae,1
Phytophthora alni,1
Phytophthora cambivora,1
Phytophthora kernoviae,1
Phytophthora verrucosa,1
Picea jezoensis,1
Picea smithiana,1
Pichia membranifaciens,1
Picris,1
Pieris japonica,1
Piezodorus lituratus,1
Pilaira,1
Pilaira dimidiata,1
Pilaria,1
Pilea,1
Piloderma olivaceum,1
Pimpinella,1
Pinus ayacahuite,1
Pinus banksiana,1
Piptocephalis acephala,1
Piptocephalis microcephala,1
Pirottaea caesiella,1
Pirottaea senecionis,1
Pisolithus capsulifer,1
Pistillaria diaphana,1
Pistillaria subuncialis,1
Pistillaria typhicola,1
Pithomyces,1
Pithomyces valparadisiacus,1
Pithyella hypnorum,1
Placidium lachneum,1
Placidium pilosellum,1
Placopsis lambii,1
Placosphaeria galii,1
Placosphaeria ulmi,1
Placynthiella dasaea,1
Placynthiella hyporhoda,1
Placynthium subradiatum,1
Plagiochila asplenioides s.l.,1
Plagiochila punctata,1
Plagiochila spinulosa,1
Plagiostoma arnstadtiense,1
Plagiostoma campylostyla,1
Plagiostoma robergeanum,1
Plagiothecium undulatum,1
Plasmopara obducens,1
Plasmopara petroselini,1
Plasmopara peucedani,1
Platanthera chlorantha,1
Platycheirus angustatus,1
Platygloea,1
Platypalpus agilis,1
Plectronidium magnoliae,1
Pleiochaeta setosa,1
Plenodomus visci,1
Plenotrichella,1
Pleospora bardanae,1
Pleospora phaeospora,1
Pleospora pseudoplatani,1
Pleospora punctata,1
Pleuridium,1
Pleuridium acuminatum,1
Pleuridium subulatum,1
Pleuroascus nicholsonii,1
Pleuroceras groenlandicum,1
Pleurophragmium tritici,1
Pleuroplaconema,1
Pleurostoma minimum,1
Pleurostomophora richardsiae,1
Pleurotheciopsis,1
Pleurotus eryngii,1
Pluteus roseoalbus,1
Poa chaixii,1
Poa infirma,1
Poales,1
Pocillum needhamii,1
Podochytrium clavatum,1
Podophacidium,1
Podoporia confluens,1
Podosordaria leporina,1
Podosphaera collomiae,1
Podosphaera pruinosa,1
Podospora bifida,1
Podospora communis,1
Podospora dagobertii,1
Podospora gwynne-vaughaniae,1
Podospora minor,1
Pollenia labialis,1
Polyblastia albida,1
Polycauliona verruculifera,1
Polycentropus kingi,1
Polycoccum dzieduszyckii,1
Polydesmia,1
Polygonatum,1
Polygonum maritimum,1
Polyozellus,1
Polypaecilum insolitum,1
Polyphagus laevis,1
Polyphlyctis unispina,1
Polyplosphaeria fusca,1
Polypodiaceae,1
Polyporus alutaceus,1
Polyporus heteroclitus,1
Polyporus michelii,1
Polyschema,1
Polyschema clavulatum,1
Polythrincium,1
Polytrichum commune,1
Polytrichum strictum,1
Populus candicans 'Aurora',1
Populus deltoides,1
Populus deltoides 'Cordata',1
Populus x canadensis 'Regenerata',1
Populus x canadensis 'Regenerata' x nigra 'Italica' = P. x canadensis 'Eugenei',1
Poria millavensis,1
Poria violacea,1
Porina byssophila,1
Porina coralloidea,1
Porina hibernica,1
Porina multipuncta,1
Porocyphus coccodes,1
Poroid fungus,1
Porostereum spadiceum,1
Porpidia albocaerulescens,1
Porpidia hydrophila,1
Porpidia melinodes,1
Postia alni,1
Postia placenta,1
Potamophylax latipennis,1
Potebniamyces pyri,1
Potentilla recta,1
Potentilla x mixta,1
Preussia,1
Preussia dubia,1
Preussia lignicola,1
Primula auricula,1
Primula bulleyana,1
Primula denticulata,1
Primula japonica,1
Prionus coriarius,1
Prodiamesa olivacea,1
Pronectria anisospora,1
Pronectria oligospora,1
Proteroiulus fuscus,1
Protomycopsis purpureotingens,1
Protostelium arachisporum,1
Protostelium mycophagum,1
Protounguicularia,1
Protounguicularia nephromatis,1
Protoventuria,1
Protoventuria alpina,1
Protoventuria engleriana,1
Protoventuria major,1
Protoventuria tetraspora,1
Prunus incisa,1
Prunus mahaleb,1
Psammina inflata,1
Psammina palmata,1
Psammina simplex,1
Psathyra,1
Psathyra mastigera,1
Psathyrella calcarea,1
Psathyrella crenata,1
Psathyrella dennyensis,1
Psathyrella dunensis,1
Psathyrella fagetophila,1
Psathyrella hydrophiloides,1
Psathyrella hydrophora,1
Psathyrella mucrocystis,1
Psathyrella phegophila,1
Psathyrella romseyensis,1
Psathyrella subcernua,1
Psathyrella sulcatotuberculosa,1
Psathyrella tenuicula,1
Psathyrella umbrina,1
Psathyrella vyrnwyensis,1
Pseudallescheria boydii,1
Pseudeurotium,1
Pseudobaeospora albidula,1
Pseudobaeospora celluloderma,1
Pseudobaeospora laguncularis,1
Pseudocercospora lonicerigena,1
Pseudocercospora unicolor,1
Pseudocercosporella filicis-feminae,1
Pseudocercosporella scirpi,1
Pseudocyphellaria intricata,1
Pseudocyphellaria lacerata,1
Pseudocytoplacosphaeria coniicola,1
Pseudogymnoascus carnis,1
Pseudohiatula,1
Pseudoidium kalanchoes,1
Pseudoidium lauracearum,1
Pseudoidium neolycopersici,1
Pseudoidium vincae,1
Pseudolasiobolus,1
Pseudomassaria,1
Pseudombrophila misturae,1
Pseudombrophila porcina,1
Pseudomicrodochium,1
Pseudonectria furfurella,1
Pseudoomphalina compressipes,1
Pseudopeziza svalbardensis,1
Pseudophacidium ledi,1
Pseudopileum unum,1
Pseudoplectania,1
Pseudoscleropodium,1
Pseudoscopulariopsis hibernica,1
Pseudoseptoria everhartii,1
Pseudothelomma ocellatum,1
Pseudotomentella flavovirens,1
Psilachnum lanceolatoparaphysatum,1
Psilachnum micaceum,1
Psilocybe agraria,1
Psilocybe comptula,1
Psilocybe stuntzii,1
Psilocybe virescens,1
Psilopezia periceli,1
Psocodea,1
Psora decipiens,1
Psoronactis dilleniana,1
Psylla buxi,1
Ptenidium intermedium,1
Pterocarya fraxinifolia,1
Pterula debilis,1
Ptilidium ciliare,1
Puccinia achilleae,1
Puccinia arrhenathericola,1
Puccinia asperulae-cynanchicae,1
Puccinia borealis,1
Puccinia cerinthes-agropyrina,1
Puccinia cichorii,1
Puccinia crepidis,1
Puccinia distenta,1
Puccinia helianthi,1
Puccinia intermedia,1
Puccinia komarovii,1
Puccinia mariana,1
Puccinia montana,1
Puccinia moriana,1
Puccinia petasitis-pendulae,1
Puccinia polygoni-vivipari,1
Puccinia polygonorum,1
Puccinia pyrethri,1
Puccinia rhodiolae,1
Puccinia satyrii,1
Puccinia schroeteriana,1
Puccinia senecionis-acutiformis,1
Puccinia valantiae,1
Puccinia veronicae-longifoliae,1
Puffball,1
Pulmonaria 'Mawson's Blue',1
Pulvinaria floccifera,1
Pulvinula,1
Punctelia reddenda,1
Purpureocillium lilacinum,1
Pustula,1
Pycnoporus sanguineus,1
Pyrenochaeta rubi-idaei,1
Pyrenochaeta xanthoriae,1
Pyrenochaetopsis leptospora,1
Pyrenopeziza betulina,1
Pyrenopeziza commoda,1
Pyrenopeziza ebuli,1
Pyrenopeziza euphrasiae,1
Pyrenopeziza polymorpha,1
Pyrenopeziza riccia,1
Pyrenophora pellita,1
Pyrenophora seminiperda,1
Pyrenophora teres,1
Pyrenophora venturia,1
Pyrenula coryli,1
Pyrenula nitidella,1
Pyricularia,1
Pyricularia lauri,1
Pyronema glaucum,1
Pyrus amygdaliformis,1
Pythium acanthicum,1
Pythium aquatile,1
Pythium catenulatum,1
Pythium middletonii,1
Pythium papillatum,1
Pythium torulosum,1
Quercus castaneifolia,1
Quercus imbricaria,1
Quercus x turneri 'Pseudoturneri',1
Radulidium subulatum,1
Raesaenenia huuskonenii,1
Ramalina lacera,1
Ramalina obtusata,1
Ramaria bourdotiana,1
Ramaria myceliosa,1
Ramaricium albo-ochraceum,1
Ramonia luteola,1
Ramularia atropae,1
Ramularia crassiuscula,1
Ramularia cryptostegiae,1
Ramularia cynoglossi,1
Ramularia linariae,1
Ramularia macularis,1
Ramularia medicaginis,1
Ramularia onobrychidis,1
Ramularia ovata,1
Ramularia polyantha,1
Ramularia rollandii,1
Ramularia scelerata,1
Ramularia tanaceti,1
Ranunculus cantabrigiensis,1
Ranunculus marginatus,1
Ranunculus reptans,1
Ranunculus sardous,1
Rapistrum rugosum,1
Rasamsonia cylindrospora,1
Rectipilus afibulatus,1
Refractohilum galligenum,1
Remispora maritima,1
Repetobasidium,1
Reseda,1
Retiarius,1
Reticularia,1
Reticularia simulans,1
Reticularia splendens,1
Rhabdospora arabidicola,1
Rhabdospora buddlejae,1
Rhabdospora caulicola,1
Rhabdospora lupini,1
Rhabdospora princeps,1
Rhabdospora visci,1
Rhachomyces furcatus,1
Rhadinomyces cristatus,1
Rhagio,1
Rhagionidae,1
Rhamnaceae,1
Rhamnus alaternus,1
Rhamphoria,1
Rhamphoria tympanidispora,1
Rhexophiale rhexoblephara,1
Rhinanthus angustifolius,1
Rhinotrichum lanosum,1
Rhinotrichum ramosissimum,1
Rhipidocephalum,1
Rhizocarpon anaperum,1
Rhizocarpon hochstetteri,1
Rhizophagus vesiculifer,1
Rhizophydium constantineanui,1
Rhizophydium globosum,1
Rhizophydium graminis,1
Rhizophydium granulosporum,1
Rhizophydium hyperparasiticum,1
Rhizophydium mammillatum,1
Rhizopogon defectus,1
Rhizopogon ochraceorubens,1
Rhizopogon vinicolor,1
Rhizosphaera,1
Rhizosphaera pini,1
Rhodocollybia filamentosa,1
Rhodocollybia fodiens,1
Rhodocybe parilis,1
Rhododendron ferrugineum,1
Rhodotorula rubra,1
Rhymbocarpus ericetorum,1
Rhynchonectria longispora,1
Rhynchosporium graminicola,1
Rhynchostegium confertum,1
Rhytisma,1
Rhytismatales,1
Ribes divaricatum,1
Ribes odoratum,1
Rickenella mellea,1
Rickia dendroiuli,1
Rickia hyperborea,1
Rimbachia,1
Rimularia badioatra,1
Rimularia limborina,1
Rinodina atrocinerea,1
Ripartites,1
Roccella phycopsis,1
Rodgersia,1
Roesleria subterranea,1
Roeslerina,1
Rorippa amphibia,1
Rosa 'Hollandica',1
Rosa caesia glauca x canina,1
Rosa canina x rubiginosa = R. x nitidula,1
Rosa canina x stylosa = R. x andegavensis,1
Rosa canina x tomentosa = R. x scabriuscula,1
Rosa damascena,1
Rosa squarrosa x vosagiaca = R. x dumalis,1
Rosa tomentella,1
Rosa virginiana,1
Rosacea,1
Roscoepoundia croceola,1
Rosellinia anthostomoides,1
Rosellinia helvetica,1
Rosellinia mammoidea,1
Rosellinia mastoidea,1
Rosellinia mycophila,1
Roseodiscus formosus,1
Roussoella hysterioides,1
Roussoella serrulata,1
Rozellopsis septigena,1
Rubia tinctorum,1
Rubus aequalidens,1
Rubus albionis,1
Rubus arcticus,1
Rubus armipotens,1
Rubus bertramii,1
Rubus bloxamii,1
Rubus boraeanus,1
Rubus conjungens,1
Rubus criniger,1
Rubus dumnoniensis,1
Rubus echinatoides,1
Rubus echinatus,1
Rubus egregius,1
Rubus flexuosus,1
Rubus gratus,1
Rubus iceniensis,1
Rubus leptothyrsos,1
Rubus lindebergii,1
Rubus loganobaccus,1
Rubus nessensis,1
Rubus pascuorum,1
Rubus polyanthemus,1
Rubus rufescens,1
Rubus ser. Rhamnifolii,1
Rubus subinermoides,1
Rubus ulmifolius x caesius,1
Rubus villicauliformis,1
Rudbeckia,1
Rudbeckia laciniata,1
Rumex conglomeratus x crispus = R. x schulzei,1
Rumex conglomeratus x maritimus = R. x knafii,1
Rumex obovatus,1
Rumex rupestris,1
Rumex scutatus,1
Russula amoenipes,1
Russula borealis,1
Russula brunneola,1
Russula campestris,1
Russula chamaeleontina,1
Russula consobrina,1
Russula firmula,1
Russula flavispora,1
Russula fragrans,1
Russula infundibuliformis,1
Russula mariae,1
Russula ochroviridis,1
Russula pseudoimpolita,1
Russula pseudopuellaris,1
Russula rubens,1
Russula salicinum,1
Russula seperina,1
Russula smaragdina,1
Russula stenotricha,1
Russula tinctipes,1
Russula transiens,1
Russula venosopurpurea,1
Russula zonatula,1
Rutstroemia elatina,1
Rutstroemia microspora,1
Ryparobius pachyascus,1
Sabulina rubella,1
Sabuloglossum,1
Saccharomyces,1
Saccharomycodes ludwigii,1
Saccobolus chenocopricus,1
Saccobolus dilutellus,1
Saccobolus quadrisporus,1
Saccopodium,1
Sagediopsis campsteriana,1
Sagina nivalis,1
Sagina nodosa,1
Salicornia fragilis,1
Salix acutifolia,1
Salix alba x euxina x pentandra = S. x meyeriana,1
Salix alba x euxina x triandra = S. x alopecuroides,1
Salix arbuscula,1
Salix aurita x caprea = S. x capreola,1
Salix irrorata,1
Salix purpurea x viminalis = S. x rubra,1
Sansevieria,1
Sapindaceae,1
Saprolegnia australis,1
Sapromyces elongatus,1
Sarcogyne,1
Sarcoleotia,1
Sarcoscypha jurana,1
Sarcostroma hakeae,1
Sasa veitchii,1
Sasaella ramosa,1
Satureja hortensis,1
Saxifraga,1
Saxifraga hypnoides,1
Saxifraga spathularis x umbrosa = S. x urbium,1
Scabiosa ochroleuca,1
Scapania gracilis,1
Scathophaga furcata,1
Schaereria cinereorufa,1
Schiffnerula corni,1
Schiffnerula pulchra,1
Schistidium crassipilum,1
Schistidium platyphyllum,1
Schistidium strictum,1
Schizanthus,1
Schizonella cocconii,1
Schizothecium dubium,1
Schizothyrella quercina,1
Schizothyrium,1
Schizoxylon alboatrum,1
Schoenoplectus,1
Sciara,1
Scilla autumnalis,1
Scilla peruviana,1
Scilla siberica,1
Sclerococcum griseisporodochium,1
Sclerococcum saxatile,1
Sclerococcum urceolatum,1
Scleroderma meridionale,1
Sclerogaster hysterangioides,1
Sclerogaster lanatus,1
Sclerophora peronella,1
Sclerotinia cinerea,1
Sclerotinia minor,1
Sclerotinia muscorum,1
Sclerotinia subarctica,1
Sclerotium muscorum,1
Sclerotium neglectum,1
Sclerotium papyricola,1
Sclerotium rubi,1
Sclerotium stercorarium,1
Scoliciosporum curvatum,1
Scolicotrichum stricticum,1
Scopulariopsis koningii,1
Scotiosphaeria endoxylinae,1
Scrophularia vernalis,1
Scutellaria altissima,1
Scutellinia heterosculpturata,1
Scutellinia minutella,1
Scutellinia torrentis,1
Scutellinia verrucosum,1
Scutula effusa,1
Scytinium intermedium,1
Scytinium tenuissimum,1
Sebacina mesomorpha,1
Secale,1
Sedum acre,1
Seimatosporium,1
Seimatosporium foliicola,1
Seimatosporium lonicerae,1
Seiridium cardinale,1
Seiridium intermedium,1
Seiridium juniperi,1
Selaginella,1
Selenophoma juncea,1
Selenophoma moravica,1
Senecio doria,1
Senecio jacobaea,1
Sepedonium leotiarum,1
Sepedophilus littoreus,1
Septocyta visci-britannica,1
Septomyxa fagicola,1
Septonema fasciculare,1
Septonema strictum,1
Septoria agapanthi,1
Septoria alopecuri,1
Septoria badhamii,1
Septoria betae,1
Septoria caricinella,1
Septoria chamaecysti,1
Septoria crepidis,1
Septoria fautreyana,1
Septoria graminum,1
Septoria heterochroa,1
Septoria holci,1
Septoria leontodontis,1
Septoria lineolata,1
Septoria lituus,1
Septoria lunata,1
Septoria obesa,1
Septoria ornithogali,1
Septoria polemonii,1
Septoria riparia,1
Septoria rudbeckiae,1
Septoria schoeni,1
Septoria semilunaris,1
Septoria sisymbrii,1
Septoria slaptonensis,1
Septoria solanicola,1
Septoria sylvicola,1
Septoria wisteriae,1
Septoriella phragmitis,1
Sepultaria,1
Setchelliogaster rheophyllus,1
Seticyphella,1
Setophaga magnolia,1
Seynesiella juniperi,1
Siemaszkoa fennica,1
Silene baccifera,1
Silene nutans,1
Simocybe,1
Simuliidae,1
Simulium,1
Simulium variegatum,1
Sinapis,1
Sipha (Sipha) glyceriae,1
Sirococcus,1
Sirophoma,1
Sirothyriella pini-austriacae,1
Sirozythiella sydowiana,1
Sistotrema albopallescens,1
Sistotrema citriforme,1
Sistotremastrum,1
Sisymbrium altissimum,1
Sitobion (Sitobion) avenae,1
Sium latifolium,1
Skyttea lecanorae,1
Skyttella mulleri,1
Smardaea planchonis,1
Smittium,1
Smyrnium,1
Solenia,1
Solenopsora vulturiensis,1
Solenostoma obovatum,1
Solorina bispora,1
Solorina spongiosa,1
Sorbus bristoliensis,1
Sorbus commixta,1
Sorbus glabriscula,1
Sorbus mougeotii,1
Sorbus sargentiana,1
Sordaria,1
Sordaria alcina,1
Sordaria arenicola,1
Sordaria polyspora,1
Sorocybe resinae,1
Sowerbyella,1
Spadicoides,1
Spadicoides obovata,1
Spermosporina,1
Sphaceloma pyrinum,1
Sphacelotheca reiliana,1
Sphaerella brassicae,1
Sphaerella hieracii,1
Sphaerellothecium araneosum,1
Sphaerellothecium cladoniae,1
Sphaeridium,1
Sphaeridium sylvestris,1
Sphaerodes episphaerium,1
Sphaeromonas hurleyensis,1
Sphaeronaema aemulans,1
Sphaeronaema rostratum,1
Sphaeronaemella helvellae,1
Sphaeronaemella mougeotii,1
Sphaeropsis betulae,1
Sphaerosporella,1
Sphaerotheca,1
Sphaerulina cercidis,1
Sphaerulina myriadea,1
Sphagnum auriculatum,1
Sphagnum magellanicum s.l.,1
Sphagnum rubellum,1
Sphinctrina tubiformis,1
Spicaria griseola,1
Spiculogloea,1
Spiloma dispersum,1
Spilopodia,1
Spiraea aggregate,1
Spiraea hypericifolia,1
Spiraea salicifolia,1
Spiranthes spiralis,1
Spirodecospora melnikii,1
Splanchnonema quercicola,1
Spondylocladiopsis,1
Spongospora,1
Spongospora solani,1
Sporidesmiella longissima,1
Sporidesmium cladii,1
Sporidesmium coniosporium,1
Sporidesmium cymbispermum,1
Sporidesmium pseudobambusae,1
Sporidesmium pyriforme,1
Sporisorium destruens,1
Sporocadus rosarum,1
Sporocadus rosigena,1
Sporormiella corynespora,1
Sporormiella nigropurpurea,1
Sporormiella pulchella,1
Sporotrichum chrysospermum,1
Sporotrichum flavissimum,1
Sporotrichum flavovirens,1
Sporotrichum lanatum,1
Squamanita cettoiana,1
Squamarina lentigera,1
Stachys macrantha,1
Stagnicola perplexa,1
Stagonospora anglica,1
Stagonospora bellunensis,1
Stagonospora bromicola,1
Stagonospora equisetina,1
Stagonospora fragariae,1
Stagonospora graminella,1
Stagonospora muricatum,1
Stagonospora pini,1
Stagonospora suaedae,1
Stagonospora trimera,1
Stagonospora vexatula,1
Stagonosporopsis,1
Stagonosporopsis salicorniae,1
Stagonosporopsis trachelii,1
Staurastrum planctonicum,1
Stauronema,1
Staurothele rupifraga,1
Stemonaria longa,1
Stemonitopsis reticulata,1
Stemphylium dendriticum,1
Stenocephalopsis subalutacea,1
Stenocybe nitida,1
Stereocaulon alpinum,1
Stereocaulon delisei,1
Stereocaulon leucophaeopsis,1
Stereum complicatum,1
Sternorrhyncha,1
Stichomyces conosomatis,1
Sticta canariensis (dufourii),1
Sticta ciliata,1
Stictis graminicola,1
Stictis lecanora,1
Stictis mollis,1
Stictis pachyspora,1
Stigmatea sylvatica,1
Stigmatomyces biformis,1
Stigmidium degelii,1
Stigmidium schaereri,1
Stigmina glomerulosa,1
Stilbella aciculosa,1
Stilbella lindaui,1
Stilbella melleum,1
Stilbella pellucidum,1
Stilbum pellucidum,1
Stilbum tetraonum,1
Stioclettia luzulina,1
Strangospora pinicola,1
Strattonia minor,1
Streblotrichum convolutum,1
Strobilanthes,1
Strobilurus,1
Stropharia stellata,1
Stuartella suttonii,1
Stylonectria,1
Stylonectria carpini,1
Stylopage anomala,1
Stypomyces,1
Stysanus atrum,1
Stysanus cybosporus,1
Stysanus fimetarius,1
Stysanus fuscus,1
Stysanus stemonitis,1
Succisa,1
Suillellus,1
Svrcekomyces pallidus,1
Sybistroma,1
Sydowiella juncina,1
Symphyotrichum ericoides,1
Symphyotrichum laeve,1
Symphyotrichum lanceolatum,1
Symphyotrichum novi-belgii x lanceolatum = S. x salignum,1
Symphytum asperum,1
Symphytum x hidcotense 'Hidcote Blue',1
Synalissina cladodes,1
Syncephalis asymmetrica,1
Syncephalis cornu,1
Syncephalis leadbeateri,1
Syncephalis nodosa,1
Syncephalis sphaerica,1
Synchytrium cupulatum,1
Syntrichia montana,1
Syzygospora effibulata,1
Syzygospora mycophaga,1
Syzygospora sorana,1
Tabanidae,1
Taeniolella longissima,1
Talaromyces duclauxii,1
Talaromyces flavus,1
Talaromyces luteus,1
Talaromyces purpureogenus,1
Talaromyces verruculosus,1
Talpapellis beschiana,1
Tanacetum balsamita,1
Tapesia aurata,1
Tapesia callunae,1
Taphrina,1
Taphrina farlowii,1
Taphrina insititiae,1
Taraxacum sect. Ruderalia,1
Taraxacum sect. Vulgaria,1
Taraxacum spectabile,1
Tardigrada,1
Taxaceae,1
Teesdalia nudicaulis,1
Tegenaria,1
Teichospora,1
Tephrocybe admissa,1
Tephrocybe fuscipes,1
Tephrocybe mutabilis,1
Tephrocybe tephrophana,1
Tephroseris integrifolia,1
Tephroseris palustris,1
Teratomyces philonthi,1
Testudina terrestris,1
Tetracladium apiense,1
Tetracladium bifurcatum,1
Tetralophozia,1
Tetramelas insignis,1
Tettigoniidae,1
Teucrium chamaedrys,1
Teucrium scordium,1
Thalictrum aquilegiifolium,1
Thamnogalla crombiei,1
Thanatephorus,1
Thaxterogaster monaensis,1
Thedgonia,1
Thelebolus,1
Thelenella modesta,1
Thelephora crustacea,1
Thelephora intybacea,1
Thelidium,1
Thelidium papulare,1
Thelidium zwackhii,1
Thelocarpon epibolum,1
Thelocarpon impressellum,1
Thelotrema subtile,1
Thermutis velutina,1
Thielavia,1
Thielavia basicola,1
Tholera decimalis,1
Thrombium epigaeum,1
Thyridaria,1
Thyridaria minima,1
Thyriostroma nudipes,1
Thyrsidium hedericola,1
Tilia americana,1
Tilia cordata x dasystyla = T. x euchlora,1
Tilletia,1
Titaea,1
Tolypocladium,1
Tomentella clavigera,1
Tomentella subrubiginosa,1
Tomentellopsis,1
Tomentellopsis pusilla,1
Toninia thiopsora,1
Tormentella,1
Tornabea scutellifera,1
Torreya californica,1
Torrubiella,1
Tortella squarrosa,1
Torula abbreviata,1
Torula lucifuga,1
Torula sulphurea,1
Trametes cingulata,1
Trapeliopsis viridescens,1
Trapeliopsis wallrothii,1
Trechinothus smardae,1
Trechus quadristriatus,1
Trematosphaeria alpestris,1
Trematosphaeria britzelmayriana,1
Trematosphaeria paradoxa,1
Trematosphaeria tripartita,1
Tremella callunicola,1
Tremella coppinsii,1
Tremella giraffa,1
Tremella indurata,1
Tremella karstenii,1
Tremella lobariacearum,1
Tremella normandinae,1
Tremella occultixanthoriae,1
Tremella parietinae,1
Tremella pertusariae,1
Tremella phaeographidis,1
Tremella phaeophysciae,1
Trentepohlia,1
Tretomyces microsporus,1
Trialeurodes vaporariorum,1
Triblidium,1
Triblidium octosporum,1
Tricellula inaequalis,1
Tricharia,1
Tricharina,1
Trichia alpina,1
Trichia erecta,1
Trichia fimicola,1
Trichia jackii,1
Trichia nuda,1
Trichia pyriformis,1
Trichobasis epilobii,1
Trichobasis senecionis,1
Trichobolus,1
Trichocladium pyriforme,1
Trichodelitschia adelphica,1
Trichoderma ceramicum,1
Trichoderma crystalligenum,1
Trichoderma glaucum,1
Trichoderma neorufoides,1
Trichoderma pseudokoningii,1
Trichoderma viridescens,1
Trichodon cylindricus,1
Trichoglossum,1
Tricholoma fracticum,1
Tricholoma impolitum,1
Tricholoma megaphyllum,1
Tricholoma porphyroleucum,1
Tricholoma umbonatum,1
Tricholoma vinaceogriseum,1
Tricholomataceae,1
Trichonectria hyalocristata,1
Trichopeziza fusca,1
Trichopeziza planoumbilicata,1
Trichophaea bulbocrinita,1
Trichophaea lecothecioides,1
Trichophaeopsis,1
Trichophaeopsis tetraspora,1
Trichophyton simii,1
Trichosphaeria caesia,1
Trichosphaeria superficialis,1
Trichosporon cutaneum,1
Trichosporum murinum,1
Trichothecium candidum,1
Trichothecium sympodiale,1
Tricladium intermedium,1
Tricladium minutum,1
Tridentaria glossopaga,1
Trifolium constantinopolitanum,1
Trifolium purpureum,1
Trifolium strictum,1
Triglochin maritimum,1
Triglochin palustris,1
Trigonella foenum-graecum,1
Trimorphomyces papilionaceus,1
Trinacrium,1
Triscelophorus magnificus,1
Triticum spelta,1
Trochila,1
Trollius,1
Trullula papillata,1
Truncatella hartigii,1
Tryblidaria melaxantha,1
Tubakia dryina,1
Tubaria cupularis,1
Tubariaceae,1
Tuber fulgens,1
Tuber melanosporum,1
Tubercularia versicolor,1
Tuberculina,1
Tuberculina vinosa,1
Tubulicrinis borealis,1
Tubulicrinis strangulatus,1
Tulasnella vernicosa,1
Tulasnella violacea,1
Tulipa gesneriana,1
Tulostoma,1
Tylochytrium pollinis-pini,1
Tympanis fasciculata,1
Tympanis spermatiospora,1
Typha angustifolia x latifolia = T. x glauca,1
Typhaceae,1
Typhula caricina,1
Typhula graminum,1
Typhula hollandii,1
Tyromyces revolutus,1
Tyromyces sublacteus,1
Ulex europaeus x gallii = U. x breoganii,1
Ulocladium,1
Ulocladium chartarum,1
Ulothrix,1
Umbellularia californica,1
Uncinocarpus uncinatus,1
Unguicularia asterostoma,1
Unguiculella microspora,1
Urceolaria,1
Uredinopsis filicina,1
Uredo populina,1
Uria aalge,1
Urocystis bolivarii,1
Urocystis junci,1
Urocystis poae,1
Urocystis pulsatillae,1
Urocystis syncocca,1
Urocystis ulei,1
Uromyces holwayi,1
Uromyces parnassiae,1
Uromyces punctatus,1
Uromyces sarothamni,1
Urtica pilulifera,1
Usnea glabrata,1
Ustanciosporium gigantosporum,1
Ustilentyloma brefeldii,1
Utricularia,1
Vaccinium microcarpum,1
Valeriana pyrenaica,1
Valsalnicola oxystoma,1
Valsaria anserina,1
Valsella amphoraria,1
Vanellus vanellus,1
Vankya heufleri,1
Vanrija ingeniosa,1
Vararia,1
Venturia aucupariae,1
Venturia nitida,1
Venturiaceae,1
Verbascum densiflorum,1
Verbena rigida,1
Veronica catenata,1
Veronica fruticans,1
Verpa,1
Verrucaria bulgarica,1
Verrucaria internigrescens,1
Verrucaria marmorea,1
Verrucaria mollis,1
Verrucaria praetermissa,1
Verrucaria prominula,1
Verticillium ampelinum,1
Verticillium biguttatum,1
Verticillium botrytoides,1
Verticillium bulbillosum,1
Verticillium coccosporum,1
Verticillium distans,1
Verticillium effusum,1
Verticillium nanum,1
Verticillium nubilum,1
Vespa,1
Vespula,1
Vezdaea acicularis,1
Vibrissea cesatii,1
Vibrissea sporogyra,1
Viburnum rhytidophyllum,1
Vicia spp.,1
Vicia villosa,1
Viola arvensis x tricolor = V. x contempta,1
Viola canina x riviniana = V. x intersita,1
Violaceae,1
Virgariella globigera,1
Viscum,1
Vitaceae,1
Volvaria temperata,1
Volvariella terrea,1
Vouauxiomyces,1
Wallrothiella melanostigmoides,1
Wallrothiella subiculosa,1
Wardomyces anomalus,1
Wardomyces inflatus,1
Wawelia octospora,1
Weigela florida,1
Weissia controversa,1
Westerdykella minutispora,1
Westerdykella multispora,1
Wettsteinina lacustris,1
Wilcoxina,1
Xanthoparmelia tinctina,1
Xanthoria aureola,1
Xanthoria candelaria,1
Xanthoria ucrainica,1
Xenolophium,1
Xenomeris alpina,1
Xenotypa,1
Xepicula leucotrichoides,1
Xerotrema megalospora,1
Xylaria mellissii,1
Xylobolus subpileatus,1
Xylocladium,1
Xylodon,1
Xylogramma pallidum,1
Yushania anceps,1
Zea,1
Zelkova,1
Zhurbenkoa epicladonia,1
Zignoella dealbata,1
Zignoella rhodobapha,1
Zoopage atractospora,1
Zoopage tetraspora,1
Zoophagus pectosporus,1
Zoophthora anglica,1
Zoophthora crassitunicata,1
Zoophthora elateridiphaga,1
Zopfiella pleuropora,1
Zwackhia prosodea,1
Zygorhizidium affluens,1
Zymoseptoria passerinii,1
