severity,toxicity,dangerous,dangerous_key,lookalike,lookalike_key,character,dangerous_described,lookalike_described,verdict,REVIEW_states_for_undescribed_side,REVIEW_notes,REVIEWER
1,DEADLY,Amanita phalloides,amanita-phalloides,Agaricus arvensis,agaricus-arvensis,cap_colour,yes,no,one-way: can only move mass AWAY from the dangerous species,,,
1,DEADLY,Amanita phalloides,amanita-phalloides,Agaricus arvensis,agaricus-arvensis,gill_attachment,yes,no,one-way: can only move mass AWAY from the dangerous species,,,
1,DEADLY,Amanita phalloides,amanita-phalloides,Agaricus arvensis,agaricus-arvensis,spore_print_colour,yes,no,one-way: can only move mass AWAY from the dangerous species,,,
1,DEADLY,Amanita phalloides,amanita-phalloides,Agaricus campestris,agaricus-campestris,cap_colour,yes,no,one-way: can only move mass AWAY from the dangerous species,,,
1,DEADLY,Amanita phalloides,amanita-phalloides,Agaricus campestris,agaricus-campestris,gill_attachment,yes,no,one-way: can only move mass AWAY from the dangerous species,,,
1,DEADLY,Amanita phalloides,amanita-phalloides,Agaricus campestris,agaricus-campestris,ring,yes,no,one-way: can only move mass AWAY from the dangerous species,,,
1,DEADLY,Amanita phalloides,amanita-phalloides,Agaricus sylvaticus,agaricus-sylvaticus,gill_attachment,yes,no,one-way: can only move mass AWAY from the dangerous species,,,
1,DEADLY,Amanita phalloides,amanita-phalloides,Amanita citrina,amanita-citrina,gill_attachment,yes,no,one-way: can only move mass AWAY from the dangerous species,,,
1,DEADLY,Amanita phalloides,amanita-phalloides,Amanita excelsa,amanita-excelsa,gill_attachment,yes,no,one-way: can only move mass AWAY from the dangerous species,,,
1,DEADLY,Amanita phalloides,amanita-phalloides,Amanita excelsa,amanita-excelsa,spore_print_colour,yes,no,one-way: can only move mass AWAY from the dangerous species,,,
1,DEADLY,Amanita phalloides,amanita-phalloides,Amanita fulva,amanita-fulva,gill_attachment,yes,no,one-way: can only move mass AWAY from the dangerous species,,,
1,DEADLY,Amanita phalloides,amanita-phalloides,Amanita rubescens,amanita-rubescens,cap_colour,yes,no,one-way: can only move mass AWAY from the dangerous species,,,
1,DEADLY,Amanita phalloides,amanita-phalloides,Amanita rubescens,amanita-rubescens,gill_attachment,yes,no,one-way: can only move mass AWAY from the dangerous species,,,
1,DEADLY,Amanita phalloides,amanita-phalloides,Amanita rubescens,amanita-rubescens,spore_print_colour,yes,no,one-way: can only move mass AWAY from the dangerous species,,,
1,DEADLY,Amanita phalloides,amanita-phalloides,Amanita vaginata,amanita-vaginata,gill_attachment,yes,no,one-way: can only move mass AWAY from the dangerous species,,,
1,DEADLY,Amanita phalloides,amanita-phalloides,Chlorophyllum rhacodes,chlorophyllum-rhacodes,gill_attachment,yes,no,one-way: can only move mass AWAY from the dangerous species,,,
1,DEADLY,Amanita phalloides,amanita-phalloides,Macrolepiota procera,macrolepiota-procera,cap_colour,yes,no,one-way: can only move mass AWAY from the dangerous species,,,
1,DEADLY,Amanita phalloides,amanita-phalloides,Macrolepiota procera,macrolepiota-procera,gill_attachment,yes,no,one-way: can only move mass AWAY from the dangerous species,,,
1,DEADLY,Amanita phalloides,amanita-phalloides,Macrolepiota procera,macrolepiota-procera,volva,yes,no,one-way: can only move mass AWAY from the dangerous species,,,
1,DEADLY,Amanita phalloides,amanita-phalloides,Pluteus cervinus,pluteus-cervinus,cap_colour,yes,no,one-way: can only move mass AWAY from the dangerous species,,,
1,DEADLY,Amanita phalloides,amanita-phalloides,Pluteus cervinus,pluteus-cervinus,ring,yes,no,one-way: can only move mass AWAY from the dangerous species,,,
1,DEADLY,Amanita phalloides,amanita-phalloides,Pluteus salicinus,pluteus-salicinus,ring,yes,no,one-way: can only move mass AWAY from the dangerous species,,,
1,DEADLY,Amanita phalloides,amanita-phalloides,Russula cyanoxantha,russula-cyanoxantha,cap_colour,yes,no,one-way: can only move mass AWAY from the dangerous species,,,
1,DEADLY,Amanita phalloides,amanita-phalloides,Russula cyanoxantha,russula-cyanoxantha,gill_attachment,yes,no,one-way: can only move mass AWAY from the dangerous species,,,
1,DEADLY,Amanita phalloides,amanita-phalloides,Russula cyanoxantha,russula-cyanoxantha,ring,yes,no,one-way: can only move mass AWAY from the dangerous species,,,
1,DEADLY,Amanita phalloides,amanita-phalloides,Russula cyanoxantha,russula-cyanoxantha,spore_print_colour,yes,no,one-way: can only move mass AWAY from the dangerous species,,,
1,DEADLY,Amanita phalloides,amanita-phalloides,Tricholoma equestre,tricholoma-equestre,cap_colour,yes,no,one-way: can only move mass AWAY from the dangerous species,,,
1,DEADLY,Amanita phalloides,amanita-phalloides,Tricholoma equestre,tricholoma-equestre,gill_attachment,yes,no,one-way: can only move mass AWAY from the dangerous species,,,
1,DEADLY,Amanita phalloides,amanita-phalloides,Tricholoma equestre,tricholoma-equestre,spore_print_colour,yes,no,one-way: can only move mass AWAY from the dangerous species,,,
1,DEADLY,Amanita phalloides,amanita-phalloides,Volvopluteus gloiocephalus,volvopluteus-gloiocephalus,cap_colour,yes,no,one-way: can only move mass AWAY from the dangerous species,,,
1,DEADLY,Amanita phalloides,amanita-phalloides,Volvopluteus gloiocephalus,volvopluteus-gloiocephalus,gill_attachment,yes,no,one-way: can only move mass AWAY from the dangerous species,,,
1,DEADLY,Amanita virosa,amanita-virosa,Agaricus arvensis,agaricus-arvensis,gill_colour,yes,no,one-way: can only move mass AWAY from the dangerous species,,,
1,DEADLY,Amanita virosa,amanita-virosa,Agaricus arvensis,agaricus-arvensis,spore_print_colour,yes,no,one-way: can only move mass AWAY from the dangerous species,,,
1,DEADLY,Amanita virosa,amanita-virosa,Agaricus campestris,agaricus-campestris,ring,yes,no,one-way: can only move mass AWAY from the dangerous species,,,
1,DEADLY,Amanita virosa,amanita-virosa,Agaricus sylvaticus,agaricus-sylvaticus,gill_colour,yes,no,one-way: can only move mass AWAY from the dangerous species,,,
1,DEADLY,Amanita virosa,amanita-virosa,Amanita citrina,amanita-citrina,gill_colour,yes,no,one-way: can only move mass AWAY from the dangerous species,,,
1,DEADLY,Amanita virosa,amanita-virosa,Amanita fulva,amanita-fulva,gill_colour,yes,no,one-way: can only move mass AWAY from the dangerous species,,,
1,DEADLY,Amanita virosa,amanita-virosa,Amanita vaginata,amanita-vaginata,gill_colour,yes,no,one-way: can only move mass AWAY from the dangerous species,,,
1,DEADLY,Amanita virosa,amanita-virosa,Calocybe gambosa,calocybe-gambosa,gill_colour,yes,no,one-way: can only move mass AWAY from the dangerous species,,,
1,DEADLY,Amanita virosa,amanita-virosa,Calocybe gambosa,calocybe-gambosa,ring,yes,no,one-way: can only move mass AWAY from the dangerous species,,,
1,DEADLY,Amanita virosa,amanita-virosa,Calocybe gambosa,calocybe-gambosa,volva,yes,no,one-way: can only move mass AWAY from the dangerous species,,,
1,DEADLY,Amanita virosa,amanita-virosa,Cuphophyllus virgineus,cuphophyllus-virgineus,gill_colour,yes,no,one-way: can only move mass AWAY from the dangerous species,,,
1,DEADLY,Amanita virosa,amanita-virosa,Cuphophyllus virgineus,cuphophyllus-virgineus,ring,yes,no,one-way: can only move mass AWAY from the dangerous species,,,
1,DEADLY,Amanita virosa,amanita-virosa,Cuphophyllus virgineus,cuphophyllus-virgineus,volva,yes,no,one-way: can only move mass AWAY from the dangerous species,,,
1,DEADLY,Amanita virosa,amanita-virosa,Inocybe geophylla,inocybe-geophylla,ring,yes,no,one-way: can only move mass AWAY from the dangerous species,,,
1,DEADLY,Amanita virosa,amanita-virosa,Inocybe geophylla,inocybe-geophylla,volva,yes,no,one-way: can only move mass AWAY from the dangerous species,,,
1,DEADLY,Amanita virosa,amanita-virosa,Lycoperdon excipuliforme,lycoperdon-excipuliforme,gill_colour,yes,no,one-way: can only move mass AWAY from the dangerous species,,,
1,DEADLY,Amanita virosa,amanita-virosa,Lycoperdon excipuliforme,lycoperdon-excipuliforme,ring,yes,no,one-way: can only move mass AWAY from the dangerous species,,,
1,DEADLY,Amanita virosa,amanita-virosa,Lycoperdon excipuliforme,lycoperdon-excipuliforme,spore_print_colour,yes,no,one-way: can only move mass AWAY from the dangerous species,,,
1,DEADLY,Amanita virosa,amanita-virosa,Lycoperdon excipuliforme,lycoperdon-excipuliforme,volva,yes,no,one-way: can only move mass AWAY from the dangerous species,,,
1,DEADLY,Amanita virosa,amanita-virosa,Lycoperdon nigrescens,lycoperdon-nigrescens,gill_colour,yes,no,one-way: can only move mass AWAY from the dangerous species,,,
1,DEADLY,Amanita virosa,amanita-virosa,Lycoperdon nigrescens,lycoperdon-nigrescens,ring,yes,no,one-way: can only move mass AWAY from the dangerous species,,,
1,DEADLY,Amanita virosa,amanita-virosa,Lycoperdon nigrescens,lycoperdon-nigrescens,spore_print_colour,yes,no,one-way: can only move mass AWAY from the dangerous species,,,
1,DEADLY,Amanita virosa,amanita-virosa,Lycoperdon nigrescens,lycoperdon-nigrescens,volva,yes,no,one-way: can only move mass AWAY from the dangerous species,,,
1,DEADLY,Amanita virosa,amanita-virosa,Lycoperdon perlatum,lycoperdon-perlatum,gill_colour,yes,no,one-way: can only move mass AWAY from the dangerous species,,,
1,DEADLY,Amanita virosa,amanita-virosa,Lycoperdon perlatum,lycoperdon-perlatum,ring,yes,no,one-way: can only move mass AWAY from the dangerous species,,,
1,DEADLY,Amanita virosa,amanita-virosa,Lycoperdon perlatum,lycoperdon-perlatum,spore_print_colour,yes,no,one-way: can only move mass AWAY from the dangerous species,,,
1,DEADLY,Amanita virosa,amanita-virosa,Lycoperdon perlatum,lycoperdon-perlatum,volva,yes,no,one-way: can only move mass AWAY from the dangerous species,,,
1,DEADLY,Amanita virosa,amanita-virosa,Scleroderma verrucosum,scleroderma-verrucosum,gill_colour,yes,no,one-way: can only move mass AWAY from the dangerous species,,,
1,DEADLY,Amanita virosa,amanita-virosa,Scleroderma verrucosum,scleroderma-verrucosum,ring,yes,no,one-way: can only move mass AWAY from the dangerous species,,,
1,DEADLY,Amanita virosa,amanita-virosa,Scleroderma verrucosum,scleroderma-verrucosum,spore_print_colour,yes,no,one-way: can only move mass AWAY from the dangerous species,,,
1,DEADLY,Amanita virosa,amanita-virosa,Scleroderma verrucosum,scleroderma-verrucosum,volva,yes,no,one-way: can only move mass AWAY from the dangerous species,,,
1,DEADLY,Clitocybe rivulosa,clitocybe-rivulosa,Ampulloclitocybe clavipes,ampulloclitocybe-clavipes,cap_surface,yes,no,one-way: can only move mass AWAY from the dangerous species,,,
1,DEADLY,Clitocybe rivulosa,clitocybe-rivulosa,Ampulloclitocybe clavipes,ampulloclitocybe-clavipes,gill_spacing,yes,no,one-way: can only move mass AWAY from the dangerous species,,,
1,DEADLY,Clitocybe rivulosa,clitocybe-rivulosa,Ampulloclitocybe clavipes,ampulloclitocybe-clavipes,habitat,yes,no,one-way: can only move mass AWAY from the dangerous species,,,
1,DEADLY,Clitocybe rivulosa,clitocybe-rivulosa,Calocybe gambosa,calocybe-gambosa,cap_surface,yes,no,one-way: can only move mass AWAY from the dangerous species,,,
1,DEADLY,Clitocybe rivulosa,clitocybe-rivulosa,Calocybe gambosa,calocybe-gambosa,gill_spacing,yes,no,one-way: can only move mass AWAY from the dangerous species,,,
1,DEADLY,Clitocybe rivulosa,clitocybe-rivulosa,Calocybe gambosa,calocybe-gambosa,habitat,yes,no,one-way: can only move mass AWAY from the dangerous species,,,
1,DEADLY,Clitocybe rivulosa,clitocybe-rivulosa,Clitocybe fragrans,clitocybe-fragrans,cap_surface,yes,no,one-way: can only move mass AWAY from the dangerous species,,,
1,DEADLY,Clitocybe rivulosa,clitocybe-rivulosa,Clitocybe fragrans,clitocybe-fragrans,gill_spacing,yes,no,one-way: can only move mass AWAY from the dangerous species,,,
1,DEADLY,Clitocybe rivulosa,clitocybe-rivulosa,Clitocybe fragrans,clitocybe-fragrans,habitat,yes,no,one-way: can only move mass AWAY from the dangerous species,,,
1,DEADLY,Clitocybe rivulosa,clitocybe-rivulosa,Clitocybe metachroa,clitocybe-metachroa,cap_surface,yes,no,one-way: can only move mass AWAY from the dangerous species,,,
1,DEADLY,Clitocybe rivulosa,clitocybe-rivulosa,Clitocybe metachroa,clitocybe-metachroa,gill_spacing,yes,no,one-way: can only move mass AWAY from the dangerous species,,,
1,DEADLY,Clitocybe rivulosa,clitocybe-rivulosa,Clitocybe metachroa,clitocybe-metachroa,habitat,yes,no,one-way: can only move mass AWAY from the dangerous species,,,
1,DEADLY,Clitocybe rivulosa,clitocybe-rivulosa,Clitocybe metachroa,clitocybe-metachroa,spore_print_colour,yes,no,one-way: can only move mass AWAY from the dangerous species,,,
1,DEADLY,Clitocybe rivulosa,clitocybe-rivulosa,Clitocybe nebularis,clitocybe-nebularis,cap_surface,yes,no,one-way: can only move mass AWAY from the dangerous species,,,
1,DEADLY,Clitocybe rivulosa,clitocybe-rivulosa,Clitocybe nebularis,clitocybe-nebularis,gill_spacing,yes,no,one-way: can only move mass AWAY from the dangerous species,,,
1,DEADLY,Clitocybe rivulosa,clitocybe-rivulosa,Clitocybe nebularis,clitocybe-nebularis,habitat,yes,no,one-way: can only move mass AWAY from the dangerous species,,,
1,DEADLY,Clitocybe rivulosa,clitocybe-rivulosa,Clitocybe vibecina,clitocybe-vibecina,cap_surface,yes,no,one-way: can only move mass AWAY from the dangerous species,,,
1,DEADLY,Clitocybe rivulosa,clitocybe-rivulosa,Clitocybe vibecina,clitocybe-vibecina,gill_spacing,yes,no,one-way: can only move mass AWAY from the dangerous species,,,
1,DEADLY,Clitocybe rivulosa,clitocybe-rivulosa,Clitocybe vibecina,clitocybe-vibecina,habitat,yes,no,one-way: can only move mass AWAY from the dangerous species,,,
1,DEADLY,Clitocybe rivulosa,clitocybe-rivulosa,Clitocybe vibecina,clitocybe-vibecina,spore_print_colour,yes,no,one-way: can only move mass AWAY from the dangerous species,,,
1,DEADLY,Clitocybe rivulosa,clitocybe-rivulosa,Clitopilus prunulus,clitopilus-prunulus,gill_spacing,yes,no,one-way: can only move mass AWAY from the dangerous species,,,
1,DEADLY,Clitocybe rivulosa,clitocybe-rivulosa,Clitopilus prunulus,clitopilus-prunulus,habitat,yes,no,one-way: can only move mass AWAY from the dangerous species,,,
1,DEADLY,Clitocybe rivulosa,clitocybe-rivulosa,Cuphophyllus pratensis,cuphophyllus-pratensis,cap_surface,yes,no,one-way: can only move mass AWAY from the dangerous species,,,
1,DEADLY,Clitocybe rivulosa,clitocybe-rivulosa,Cuphophyllus pratensis,cuphophyllus-pratensis,gill_spacing,yes,no,one-way: can only move mass AWAY from the dangerous species,,,
1,DEADLY,Clitocybe rivulosa,clitocybe-rivulosa,Cuphophyllus pratensis,cuphophyllus-pratensis,habitat,yes,no,one-way: can only move mass AWAY from the dangerous species,,,
1,DEADLY,Clitocybe rivulosa,clitocybe-rivulosa,Cuphophyllus virgineus,cuphophyllus-virgineus,cap_surface,yes,no,one-way: can only move mass AWAY from the dangerous species,,,
1,DEADLY,Clitocybe rivulosa,clitocybe-rivulosa,Cuphophyllus virgineus,cuphophyllus-virgineus,gill_spacing,yes,no,one-way: can only move mass AWAY from the dangerous species,,,
1,DEADLY,Clitocybe rivulosa,clitocybe-rivulosa,Cuphophyllus virgineus,cuphophyllus-virgineus,habitat,yes,no,one-way: can only move mass AWAY from the dangerous species,,,
1,DEADLY,Clitocybe rivulosa,clitocybe-rivulosa,Gliophorus irrigatus,gliophorus-irrigatus,gill_attachment,yes,no,one-way: can only move mass AWAY from the dangerous species,,,
1,DEADLY,Clitocybe rivulosa,clitocybe-rivulosa,Gliophorus irrigatus,gliophorus-irrigatus,gill_spacing,yes,no,one-way: can only move mass AWAY from the dangerous species,,,
1,DEADLY,Clitocybe rivulosa,clitocybe-rivulosa,Gliophorus irrigatus,gliophorus-irrigatus,habitat,yes,no,one-way: can only move mass AWAY from the dangerous species,,,
1,DEADLY,Clitocybe rivulosa,clitocybe-rivulosa,Gliophorus laetus,gliophorus-laetus,gill_spacing,yes,no,one-way: can only move mass AWAY from the dangerous species,,,
1,DEADLY,Clitocybe rivulosa,clitocybe-rivulosa,Gliophorus laetus,gliophorus-laetus,habitat,yes,no,one-way: can only move mass AWAY from the dangerous species,,,
1,DEADLY,Clitocybe rivulosa,clitocybe-rivulosa,Hebeloma crustuliniforme,hebeloma-crustuliniforme,gill_attachment,yes,no,one-way: can only move mass AWAY from the dangerous species,,,
1,DEADLY,Clitocybe rivulosa,clitocybe-rivulosa,Hebeloma crustuliniforme,hebeloma-crustuliniforme,gill_spacing,yes,no,one-way: can only move mass AWAY from the dangerous species,,,
1,DEADLY,Clitocybe rivulosa,clitocybe-rivulosa,Hebeloma crustuliniforme,hebeloma-crustuliniforme,habitat,yes,no,one-way: can only move mass AWAY from the dangerous species,,,
1,DEADLY,Clitocybe rivulosa,clitocybe-rivulosa,Hygrocybe ceracea,hygrocybe-ceracea,cap_surface,yes,no,one-way: can only move mass AWAY from the dangerous species,,,
1,DEADLY,Clitocybe rivulosa,clitocybe-rivulosa,Hygrocybe ceracea,hygrocybe-ceracea,gill_spacing,yes,no,one-way: can only move mass AWAY from the dangerous species,,,
1,DEADLY,Clitocybe rivulosa,clitocybe-rivulosa,Hygrocybe ceracea,hygrocybe-ceracea,habitat,yes,no,one-way: can only move mass AWAY from the dangerous species,,,
1,DEADLY,Clitocybe rivulosa,clitocybe-rivulosa,Hygrocybe chlorophana,hygrocybe-chlorophana,gill_attachment,yes,no,one-way: can only move mass AWAY from the dangerous species,,,
1,DEADLY,Clitocybe rivulosa,clitocybe-rivulosa,Hygrocybe chlorophana,hygrocybe-chlorophana,gill_spacing,yes,no,one-way: can only move mass AWAY from the dangerous species,,,
1,DEADLY,Clitocybe rivulosa,clitocybe-rivulosa,Hygrocybe chlorophana,hygrocybe-chlorophana,habitat,yes,no,one-way: can only move mass AWAY from the dangerous species,,,
1,DEADLY,Clitocybe rivulosa,clitocybe-rivulosa,Hygrocybe coccinea,hygrocybe-coccinea,cap_surface,yes,no,one-way: can only move mass AWAY from the dangerous species,,,
1,DEADLY,Clitocybe rivulosa,clitocybe-rivulosa,Hygrocybe coccinea,hygrocybe-coccinea,gill_spacing,yes,no,one-way: can only move mass AWAY from the dangerous species,,,
1,DEADLY,Clitocybe rivulosa,clitocybe-rivulosa,Hygrocybe coccinea,hygrocybe-coccinea,habitat,yes,no,one-way: can only move mass AWAY from the dangerous species,,,
1,DEADLY,Clitocybe rivulosa,clitocybe-rivulosa,Hygrocybe insipida,hygrocybe-insipida,cap_surface,yes,no,one-way: can only move mass AWAY from the dangerous species,,,
1,DEADLY,Clitocybe rivulosa,clitocybe-rivulosa,Hygrocybe insipida,hygrocybe-insipida,gill_attachment,yes,no,one-way: can only move mass AWAY from the dangerous species,,,
1,DEADLY,Clitocybe rivulosa,clitocybe-rivulosa,Hygrocybe insipida,hygrocybe-insipida,gill_spacing,yes,no,one-way: can only move mass AWAY from the dangerous species,,,
1,DEADLY,Clitocybe rivulosa,clitocybe-rivulosa,Hygrocybe insipida,hygrocybe-insipida,habitat,yes,no,one-way: can only move mass AWAY from the dangerous species,,,
1,DEADLY,Clitocybe rivulosa,clitocybe-rivulosa,Hygrocybe punicea,hygrocybe-punicea,cap_surface,yes,no,one-way: can only move mass AWAY from the dangerous species,,,
1,DEADLY,Clitocybe rivulosa,clitocybe-rivulosa,Hygrocybe punicea,hygrocybe-punicea,gill_attachment,yes,no,one-way: can only move mass AWAY from the dangerous species,,,
1,DEADLY,Clitocybe rivulosa,clitocybe-rivulosa,Hygrocybe punicea,hygrocybe-punicea,gill_spacing,yes,no,one-way: can only move mass AWAY from the dangerous species,,,
1,DEADLY,Clitocybe rivulosa,clitocybe-rivulosa,Hygrocybe punicea,hygrocybe-punicea,habitat,yes,no,one-way: can only move mass AWAY from the dangerous species,,,
1,DEADLY,Clitocybe rivulosa,clitocybe-rivulosa,Hygrocybe quieta,hygrocybe-quieta,cap_surface,yes,no,one-way: can only move mass AWAY from the dangerous species,,,
1,DEADLY,Clitocybe rivulosa,clitocybe-rivulosa,Hygrocybe quieta,hygrocybe-quieta,gill_attachment,yes,no,one-way: can only move mass AWAY from the dangerous species,,,
1,DEADLY,Clitocybe rivulosa,clitocybe-rivulosa,Hygrocybe quieta,hygrocybe-quieta,gill_spacing,yes,no,one-way: can only move mass AWAY from the dangerous species,,,
1,DEADLY,Clitocybe rivulosa,clitocybe-rivulosa,Hygrocybe quieta,hygrocybe-quieta,habitat,yes,no,one-way: can only move mass AWAY from the dangerous species,,,
1,DEADLY,Clitocybe rivulosa,clitocybe-rivulosa,Hygrocybe reidii,hygrocybe-reidii,cap_surface,yes,no,one-way: can only move mass AWAY from the dangerous species,,,
1,DEADLY,Clitocybe rivulosa,clitocybe-rivulosa,Hygrocybe reidii,hygrocybe-reidii,gill_attachment,yes,no,one-way: can only move mass AWAY from the dangerous species,,,
1,DEADLY,Clitocybe rivulosa,clitocybe-rivulosa,Hygrocybe reidii,hygrocybe-reidii,gill_spacing,yes,no,one-way: can only move mass AWAY from the dangerous species,,,
1,DEADLY,Clitocybe rivulosa,clitocybe-rivulosa,Hygrocybe reidii,hygrocybe-reidii,habitat,yes,no,one-way: can only move mass AWAY from the dangerous species,,,
1,DEADLY,Clitocybe rivulosa,clitocybe-rivulosa,Infundibulicybe geotropa,infundibulicybe-geotropa,cap_surface,yes,no,one-way: can only move mass AWAY from the dangerous species,,,
1,DEADLY,Clitocybe rivulosa,clitocybe-rivulosa,Infundibulicybe geotropa,infundibulicybe-geotropa,gill_spacing,yes,no,one-way: can only move mass AWAY from the dangerous species,,,
1,DEADLY,Clitocybe rivulosa,clitocybe-rivulosa,Infundibulicybe geotropa,infundibulicybe-geotropa,habitat,yes,no,one-way: can only move mass AWAY from the dangerous species,,,
1,DEADLY,Clitocybe rivulosa,clitocybe-rivulosa,Infundibulicybe gibba,infundibulicybe-gibba,cap_surface,yes,no,one-way: can only move mass AWAY from the dangerous species,,,
1,DEADLY,Clitocybe rivulosa,clitocybe-rivulosa,Infundibulicybe gibba,infundibulicybe-gibba,habitat,yes,no,one-way: can only move mass AWAY from the dangerous species,,,
1,DEADLY,Clitocybe rivulosa,clitocybe-rivulosa,Inocybe geophylla,inocybe-geophylla,gill_attachment,yes,no,one-way: can only move mass AWAY from the dangerous species,,,
1,DEADLY,Clitocybe rivulosa,clitocybe-rivulosa,Inocybe geophylla,inocybe-geophylla,gill_spacing,yes,no,one-way: can only move mass AWAY from the dangerous species,,,
1,DEADLY,Clitocybe rivulosa,clitocybe-rivulosa,Inocybe geophylla,inocybe-geophylla,habitat,yes,no,one-way: can only move mass AWAY from the dangerous species,,,
1,DEADLY,Clitocybe rivulosa,clitocybe-rivulosa,Marasmius oreades,marasmius-oreades,cap_surface,yes,no,one-way: can only move mass AWAY from the dangerous species,,,
1,DEADLY,Clitocybe rivulosa,clitocybe-rivulosa,Marasmius oreades,marasmius-oreades,habitat,yes,no,one-way: can only move mass AWAY from the dangerous species,,,
1,DEADLY,Clitocybe rivulosa,clitocybe-rivulosa,Paralepista flaccida,paralepista-flaccida,cap_surface,yes,no,one-way: can only move mass AWAY from the dangerous species,,,
1,DEADLY,Clitocybe rivulosa,clitocybe-rivulosa,Paralepista flaccida,paralepista-flaccida,gill_spacing,yes,no,one-way: can only move mass AWAY from the dangerous species,,,
1,DEADLY,Clitocybe rivulosa,clitocybe-rivulosa,Paralepista flaccida,paralepista-flaccida,habitat,yes,no,one-way: can only move mass AWAY from the dangerous species,,,
1,DEADLY,Clitocybe rivulosa,clitocybe-rivulosa,Paxillus involutus,paxillus-involutus,cap_surface,yes,no,one-way: can only move mass AWAY from the dangerous species,,,
1,DEADLY,Clitocybe rivulosa,clitocybe-rivulosa,Paxillus involutus,paxillus-involutus,gill_spacing,yes,no,one-way: can only move mass AWAY from the dangerous species,,,
1,DEADLY,Clitocybe rivulosa,clitocybe-rivulosa,Paxillus involutus,paxillus-involutus,habitat,yes,no,one-way: can only move mass AWAY from the dangerous species,,,
1,DEADLY,Cortinarius orellanus,cortinarius-orellanus,Cantharellus cibarius,cantharellus-cibarius,cap_colour,yes,no,one-way: can only move mass AWAY from the dangerous species,,,
1,DEADLY,Cortinarius orellanus,cortinarius-orellanus,Cantharellus cibarius,cantharellus-cibarius,cortina,yes,no,one-way: can only move mass AWAY from the dangerous species,,,
1,DEADLY,Cortinarius orellanus,cortinarius-orellanus,Cantharellus cibarius,cantharellus-cibarius,habitat,yes,no,one-way: can only move mass AWAY from the dangerous species,,,
1,DEADLY,Cortinarius orellanus,cortinarius-orellanus,Cantharellus cibarius,cantharellus-cibarius,spore_print_colour,yes,no,one-way: can only move mass AWAY from the dangerous species,,,
1,DEADLY,Cortinarius orellanus,cortinarius-orellanus,Cortinarius anomalus,cortinarius-anomalus,gill_type,yes,no,one-way: can only move mass AWAY from the dangerous species,,,
1,DEADLY,Cortinarius orellanus,cortinarius-orellanus,Cortinarius rubellus,cortinarius-rubellus,cap_colour,yes,no,one-way: can only move mass AWAY from the dangerous species,,,
1,DEADLY,Cortinarius orellanus,cortinarius-orellanus,Lepista nuda,lepista-nuda,cap_colour,yes,no,one-way: can only move mass AWAY from the dangerous species,,,
1,DEADLY,Cortinarius orellanus,cortinarius-orellanus,Lepista nuda,lepista-nuda,gill_type,yes,no,one-way: can only move mass AWAY from the dangerous species,,,
1,DEADLY,Cortinarius orellanus,cortinarius-orellanus,Lepista nuda,lepista-nuda,habitat,yes,no,one-way: can only move mass AWAY from the dangerous species,,,
1,DEADLY,Cortinarius rubellus,cortinarius-rubellus,Armillaria mellea,armillaria-mellea,cortina,yes,no,one-way: can only move mass AWAY from the dangerous species,,,
1,DEADLY,Cortinarius rubellus,cortinarius-rubellus,Armillaria mellea,armillaria-mellea,gill_type,yes,no,one-way: can only move mass AWAY from the dangerous species,,,
1,DEADLY,Cortinarius rubellus,cortinarius-rubellus,Armillaria mellea,armillaria-mellea,habitat,yes,no,one-way: can only move mass AWAY from the dangerous species,,,
1,DEADLY,Cortinarius rubellus,cortinarius-rubellus,Cantharellus cibarius,cantharellus-cibarius,cortina,yes,no,one-way: can only move mass AWAY from the dangerous species,,,
1,DEADLY,Cortinarius rubellus,cortinarius-rubellus,Cantharellus cibarius,cantharellus-cibarius,habitat,yes,no,one-way: can only move mass AWAY from the dangerous species,,,
1,DEADLY,Cortinarius rubellus,cortinarius-rubellus,Cantharellus cibarius,cantharellus-cibarius,spore_print_colour,yes,no,one-way: can only move mass AWAY from the dangerous species,,,
1,DEADLY,Cortinarius rubellus,cortinarius-rubellus,Cortinarius anomalus,cortinarius-anomalus,gill_type,yes,no,one-way: can only move mass AWAY from the dangerous species,,,
1,DEADLY,Cortinarius rubellus,cortinarius-rubellus,Lactarius deliciosus,lactarius-deliciosus,cortina,yes,no,one-way: can only move mass AWAY from the dangerous species,,,
1,DEADLY,Cortinarius rubellus,cortinarius-rubellus,Lactarius deliciosus,lactarius-deliciosus,gill_type,yes,no,one-way: can only move mass AWAY from the dangerous species,,,
1,DEADLY,Cortinarius rubellus,cortinarius-rubellus,Lactarius deliciosus,lactarius-deliciosus,habitat,yes,no,one-way: can only move mass AWAY from the dangerous species,,,
1,DEADLY,Cortinarius rubellus,cortinarius-rubellus,Lactarius deliciosus,lactarius-deliciosus,spore_print_colour,yes,no,one-way: can only move mass AWAY from the dangerous species,,,
1,DEADLY,Galerina marginata,galerina-marginata,Armillaria mellea,armillaria-mellea,stipe_surface,yes,no,one-way: can only move mass AWAY from the dangerous species,,,
1,DEADLY,Galerina marginata,galerina-marginata,Coprinellus disseminatus,coprinellus-disseminatus,ring,yes,no,one-way: can only move mass AWAY from the dangerous species,,,
1,DEADLY,Galerina marginata,galerina-marginata,Coprinellus disseminatus,coprinellus-disseminatus,stipe_surface,yes,no,one-way: can only move mass AWAY from the dangerous species,,,
1,DEADLY,Galerina marginata,galerina-marginata,Coprinellus micaceus,coprinellus-micaceus,stipe_surface,yes,no,one-way: can only move mass AWAY from the dangerous species,,,
1,DEADLY,Galerina marginata,galerina-marginata,Flammulina velutipes,flammulina-velutipes,ring,yes,no,one-way: can only move mass AWAY from the dangerous species,,,
1,DEADLY,Galerina marginata,galerina-marginata,Galerina hypnorum,galerina-hypnorum,stipe_surface,yes,no,one-way: can only move mass AWAY from the dangerous species,,,
1,DEADLY,Galerina marginata,galerina-marginata,Gymnopilus penetrans,gymnopilus-penetrans,stipe_surface,yes,no,one-way: can only move mass AWAY from the dangerous species,,,
1,DEADLY,Galerina marginata,galerina-marginata,Gymnopus dryophilus,gymnopus-dryophilus,ring,yes,no,one-way: can only move mass AWAY from the dangerous species,,,
1,DEADLY,Galerina marginata,galerina-marginata,Gymnopus dryophilus,gymnopus-dryophilus,stipe_surface,yes,no,one-way: can only move mass AWAY from the dangerous species,,,
1,DEADLY,Galerina marginata,galerina-marginata,Hypholoma fasciculare,hypholoma-fasciculare,ring,yes,no,one-way: can only move mass AWAY from the dangerous species,,,
1,DEADLY,Galerina marginata,galerina-marginata,Hypholoma fasciculare,hypholoma-fasciculare,stipe_surface,yes,no,one-way: can only move mass AWAY from the dangerous species,,,
1,DEADLY,Galerina marginata,galerina-marginata,Kuehneromyces mutabilis,kuehneromyces-mutabilis,ring,yes,no,one-way: can only move mass AWAY from the dangerous species,,,
1,DEADLY,Galerina marginata,galerina-marginata,Mycena arcangeliana,mycena-arcangeliana,ring,yes,no,one-way: can only move mass AWAY from the dangerous species,,,
1,DEADLY,Galerina marginata,galerina-marginata,Mycena arcangeliana,mycena-arcangeliana,stipe_surface,yes,no,one-way: can only move mass AWAY from the dangerous species,,,
1,DEADLY,Galerina marginata,galerina-marginata,Mycena epipterygia,mycena-epipterygia,ring,yes,no,one-way: can only move mass AWAY from the dangerous species,,,
1,DEADLY,Galerina marginata,galerina-marginata,Mycena epipterygia,mycena-epipterygia,stipe_surface,yes,no,one-way: can only move mass AWAY from the dangerous species,,,
1,DEADLY,Galerina marginata,galerina-marginata,Mycena filopes,mycena-filopes,ring,yes,no,one-way: can only move mass AWAY from the dangerous species,,,
1,DEADLY,Galerina marginata,galerina-marginata,Mycena filopes,mycena-filopes,stipe_surface,yes,no,one-way: can only move mass AWAY from the dangerous species,,,
1,DEADLY,Galerina marginata,galerina-marginata,Mycena galericulata,mycena-galericulata,ring,yes,no,one-way: can only move mass AWAY from the dangerous species,,,
1,DEADLY,Galerina marginata,galerina-marginata,Mycena galericulata,mycena-galericulata,stipe_surface,yes,no,one-way: can only move mass AWAY from the dangerous species,,,
1,DEADLY,Galerina marginata,galerina-marginata,Mycena galopus,mycena-galopus,ring,yes,no,one-way: can only move mass AWAY from the dangerous species,,,
1,DEADLY,Galerina marginata,galerina-marginata,Mycena galopus,mycena-galopus,stipe_surface,yes,no,one-way: can only move mass AWAY from the dangerous species,,,
1,DEADLY,Galerina marginata,galerina-marginata,Mycena haematopus,mycena-haematopus,ring,yes,no,one-way: can only move mass AWAY from the dangerous species,,,
1,DEADLY,Galerina marginata,galerina-marginata,Mycena haematopus,mycena-haematopus,stipe_surface,yes,no,one-way: can only move mass AWAY from the dangerous species,,,
1,DEADLY,Galerina marginata,galerina-marginata,Mycena inclinata,mycena-inclinata,ring,yes,no,one-way: can only move mass AWAY from the dangerous species,,,
1,DEADLY,Galerina marginata,galerina-marginata,Mycena inclinata,mycena-inclinata,stipe_surface,yes,no,one-way: can only move mass AWAY from the dangerous species,,,
1,DEADLY,Galerina marginata,galerina-marginata,Mycena polygramma,mycena-polygramma,ring,yes,no,one-way: can only move mass AWAY from the dangerous species,,,
1,DEADLY,Galerina marginata,galerina-marginata,Mycena tenerrima,mycena-tenerrima,ring,yes,no,one-way: can only move mass AWAY from the dangerous species,,,
1,DEADLY,Galerina marginata,galerina-marginata,Mycena tenerrima,mycena-tenerrima,stipe_surface,yes,no,one-way: can only move mass AWAY from the dangerous species,,,
1,DEADLY,Galerina marginata,galerina-marginata,Mycena vitilis,mycena-vitilis,ring,yes,no,one-way: can only move mass AWAY from the dangerous species,,,
1,DEADLY,Galerina marginata,galerina-marginata,Mycena vitilis,mycena-vitilis,stipe_surface,yes,no,one-way: can only move mass AWAY from the dangerous species,,,
1,DEADLY,Galerina marginata,galerina-marginata,Panaeolina foenisecii,panaeolina-foenisecii,ring,yes,no,one-way: can only move mass AWAY from the dangerous species,,,
1,DEADLY,Galerina marginata,galerina-marginata,Panaeolina foenisecii,panaeolina-foenisecii,stipe_surface,yes,no,one-way: can only move mass AWAY from the dangerous species,,,
1,DEADLY,Galerina marginata,galerina-marginata,Phloeomana speirea,phloeomana-speirea,ring,yes,no,one-way: can only move mass AWAY from the dangerous species,,,
1,DEADLY,Galerina marginata,galerina-marginata,Phloeomana speirea,phloeomana-speirea,stipe_surface,yes,no,one-way: can only move mass AWAY from the dangerous species,,,
1,DEADLY,Galerina marginata,galerina-marginata,Pholiota squarrosa,pholiota-squarrosa,ring,yes,no,one-way: can only move mass AWAY from the dangerous species,,,
1,DEADLY,Galerina marginata,galerina-marginata,Pholiota squarrosa,pholiota-squarrosa,stipe_surface,yes,no,one-way: can only move mass AWAY from the dangerous species,,,
1,DEADLY,Galerina marginata,galerina-marginata,Psathyrella candolleana,psathyrella-candolleana,ring,yes,no,one-way: can only move mass AWAY from the dangerous species,,,
1,DEADLY,Galerina marginata,galerina-marginata,Psathyrella candolleana,psathyrella-candolleana,stipe_surface,yes,no,one-way: can only move mass AWAY from the dangerous species,,,
1,DEADLY,Galerina marginata,galerina-marginata,Psathyrella corrugis,psathyrella-corrugis,ring,yes,no,one-way: can only move mass AWAY from the dangerous species,,,
1,DEADLY,Galerina marginata,galerina-marginata,Psathyrella corrugis,psathyrella-corrugis,stipe_surface,yes,no,one-way: can only move mass AWAY from the dangerous species,,,
1,DEADLY,Galerina marginata,galerina-marginata,Psathyrella piluliformis,psathyrella-piluliformis,ring,yes,no,one-way: can only move mass AWAY from the dangerous species,,,
1,DEADLY,Galerina marginata,galerina-marginata,Psathyrella piluliformis,psathyrella-piluliformis,stipe_surface,yes,no,one-way: can only move mass AWAY from the dangerous species,,,
1,DEADLY,Galerina marginata,galerina-marginata,Psilocybe semilanceata,psilocybe-semilanceata,ring,yes,no,one-way: can only move mass AWAY from the dangerous species,,,
1,DEADLY,Galerina marginata,galerina-marginata,Psilocybe semilanceata,psilocybe-semilanceata,stipe_surface,yes,no,one-way: can only move mass AWAY from the dangerous species,,,
1,DEADLY,Galerina marginata,galerina-marginata,Tubaria furfuracea,tubaria-furfuracea,ring,yes,no,one-way: can only move mass AWAY from the dangerous species,,,
1,DEADLY,Galerina marginata,galerina-marginata,Tubaria furfuracea,tubaria-furfuracea,stipe_surface,yes,no,one-way: can only move mass AWAY from the dangerous species,,,
1,DEADLY,Gyromitra esculenta,gyromitra-esculenta,Helvella crispa,helvella-crispa,season,yes,no,one-way: can only move mass AWAY from the dangerous species,,,
1,DEADLY,Gyromitra esculenta,gyromitra-esculenta,Verpa bohemica,verpa-bohemica,cap_surface,yes,no,one-way: can only move mass AWAY from the dangerous species,,,
1,DEADLY,Inocybe erubescens,inocybe-erubescens,Agaricus campestris,agaricus-campestris,cap_surface,yes,no,one-way: can only move mass AWAY from the dangerous species,,,
1,DEADLY,Inocybe erubescens,inocybe-erubescens,Agaricus campestris,agaricus-campestris,smell,yes,no,one-way: can only move mass AWAY from the dangerous species,,,
1,DEADLY,Inocybe erubescens,inocybe-erubescens,Calocybe gambosa,calocybe-gambosa,bruising_reaction,yes,no,one-way: can only move mass AWAY from the dangerous species,,,
1,DEADLY,Inocybe erubescens,inocybe-erubescens,Calocybe gambosa,calocybe-gambosa,cap_surface,yes,no,one-way: can only move mass AWAY from the dangerous species,,,
1,DEADLY,Inocybe erubescens,inocybe-erubescens,Inocybe geophylla,inocybe-geophylla,bruising_reaction,yes,no,one-way: can only move mass AWAY from the dangerous species,,,
1,DEADLY,Inocybe erubescens,inocybe-erubescens,Pseudosperma rimosum,pseudosperma-rimosum,bruising_reaction,yes,no,one-way: can only move mass AWAY from the dangerous species,,,
1,DEADLY,Lepiota brunneoincarnata,lepiota-brunneoincarnata,Agaricus campestris,agaricus-campestris,cap_surface,yes,no,one-way: can only move mass AWAY from the dangerous species,,,
1,DEADLY,Lepiota brunneoincarnata,lepiota-brunneoincarnata,Agaricus campestris,agaricus-campestris,habitat,yes,no,one-way: can only move mass AWAY from the dangerous species,,,
1,DEADLY,Lepiota brunneoincarnata,lepiota-brunneoincarnata,Agaricus campestris,agaricus-campestris,ring,yes,no,one-way: can only move mass AWAY from the dangerous species,,,
1,DEADLY,Lepiota brunneoincarnata,lepiota-brunneoincarnata,Agaricus campestris,agaricus-campestris,size,yes,no,one-way: can only move mass AWAY from the dangerous species,,,
1,DEADLY,Lepiota brunneoincarnata,lepiota-brunneoincarnata,Chlorophyllum rhacodes,chlorophyllum-rhacodes,habitat,yes,no,one-way: can only move mass AWAY from the dangerous species,,,
1,DEADLY,Lepiota brunneoincarnata,lepiota-brunneoincarnata,Chlorophyllum rhacodes,chlorophyllum-rhacodes,size,yes,no,one-way: can only move mass AWAY from the dangerous species,,,
1,DEADLY,Lepiota brunneoincarnata,lepiota-brunneoincarnata,Cystoderma amianthinum,cystoderma-amianthinum,habitat,yes,no,one-way: can only move mass AWAY from the dangerous species,,,
1,DEADLY,Lepiota brunneoincarnata,lepiota-brunneoincarnata,Cystoderma amianthinum,cystoderma-amianthinum,size,yes,no,one-way: can only move mass AWAY from the dangerous species,,,
1,DEADLY,Lepiota brunneoincarnata,lepiota-brunneoincarnata,Lepiota cristata,lepiota-cristata,habitat,yes,no,one-way: can only move mass AWAY from the dangerous species,,,
1,DEADLY,Lepiota brunneoincarnata,lepiota-brunneoincarnata,Macrolepiota procera,macrolepiota-procera,cap_surface,yes,no,one-way: can only move mass AWAY from the dangerous species,,,
1,DEADLY,Lepiota brunneoincarnata,lepiota-brunneoincarnata,Macrolepiota procera,macrolepiota-procera,habitat,yes,no,one-way: can only move mass AWAY from the dangerous species,,,
1,DEADLY,Lepiota brunneoincarnata,lepiota-brunneoincarnata,Macrolepiota procera,macrolepiota-procera,size,yes,no,one-way: can only move mass AWAY from the dangerous species,,,
1,DEADLY,Lepiota brunneoincarnata,lepiota-brunneoincarnata,Marasmius oreades,marasmius-oreades,cap_surface,yes,no,one-way: can only move mass AWAY from the dangerous species,,,
1,DEADLY,Lepiota brunneoincarnata,lepiota-brunneoincarnata,Marasmius oreades,marasmius-oreades,habitat,yes,no,one-way: can only move mass AWAY from the dangerous species,,,
1,DEADLY,Lepiota brunneoincarnata,lepiota-brunneoincarnata,Marasmius oreades,marasmius-oreades,ring,yes,no,one-way: can only move mass AWAY from the dangerous species,,,
1,DEADLY,Lepiota brunneoincarnata,lepiota-brunneoincarnata,Marasmius oreades,marasmius-oreades,size,yes,no,one-way: can only move mass AWAY from the dangerous species,,,
1,DEADLY,Lepiota subincarnata,lepiota-subincarnata,Agaricus campestris,agaricus-campestris,cap_surface,yes,no,one-way: can only move mass AWAY from the dangerous species,,,
1,DEADLY,Lepiota subincarnata,lepiota-subincarnata,Agaricus campestris,agaricus-campestris,habitat,yes,no,one-way: can only move mass AWAY from the dangerous species,,,
1,DEADLY,Lepiota subincarnata,lepiota-subincarnata,Agaricus campestris,agaricus-campestris,ring,yes,no,one-way: can only move mass AWAY from the dangerous species,,,
1,DEADLY,Lepiota subincarnata,lepiota-subincarnata,Agaricus campestris,agaricus-campestris,size,yes,no,one-way: can only move mass AWAY from the dangerous species,,,
1,DEADLY,Lepiota subincarnata,lepiota-subincarnata,Lepiota cristata,lepiota-cristata,habitat,yes,no,one-way: can only move mass AWAY from the dangerous species,,,
1,DEADLY,Lepiota subincarnata,lepiota-subincarnata,Marasmius oreades,marasmius-oreades,cap_surface,yes,no,one-way: can only move mass AWAY from the dangerous species,,,
1,DEADLY,Lepiota subincarnata,lepiota-subincarnata,Marasmius oreades,marasmius-oreades,habitat,yes,no,one-way: can only move mass AWAY from the dangerous species,,,
1,DEADLY,Lepiota subincarnata,lepiota-subincarnata,Marasmius oreades,marasmius-oreades,ring,yes,no,one-way: can only move mass AWAY from the dangerous species,,,
1,DEADLY,Lepiota subincarnata,lepiota-subincarnata,Marasmius oreades,marasmius-oreades,size,yes,no,one-way: can only move mass AWAY from the dangerous species,,,
1,SERIOUS,Amanita pantherina,amanita-pantherina,Amanita gemmata,amanita-gemmata,bruising_reaction,yes,no,one-way: can only move mass AWAY from the dangerous species,,,
1,SERIOUS,Amanita pantherina,amanita-pantherina,Amanita muscaria,amanita-muscaria,bruising_reaction,yes,no,one-way: can only move mass AWAY from the dangerous species,,,
1,SERIOUS,Amanita pantherina,amanita-pantherina,Amanita rubescens,amanita-rubescens,cap_colour,yes,no,one-way: can only move mass AWAY from the dangerous species,,,
1,SERIOUS,Entoloma rhodopolium,entoloma-rhodopolium,Clitocybe nebularis,clitocybe-nebularis,gill_colour,yes,no,one-way: can only move mass AWAY from the dangerous species,,,
1,SERIOUS,Entoloma rhodopolium,entoloma-rhodopolium,Clitocybe nebularis,clitocybe-nebularis,habitat,yes,no,one-way: can only move mass AWAY from the dangerous species,,,
1,SERIOUS,Entoloma rhodopolium,entoloma-rhodopolium,Clitopilus prunulus,clitopilus-prunulus,cap_colour,yes,no,one-way: can only move mass AWAY from the dangerous species,,,
1,SERIOUS,Entoloma rhodopolium,entoloma-rhodopolium,Clitopilus prunulus,clitopilus-prunulus,gill_colour,yes,no,one-way: can only move mass AWAY from the dangerous species,,,
1,SERIOUS,Entoloma rhodopolium,entoloma-rhodopolium,Clitopilus prunulus,clitopilus-prunulus,habitat,yes,no,one-way: can only move mass AWAY from the dangerous species,,,
1,SERIOUS,Entoloma rhodopolium,entoloma-rhodopolium,Entoloma sericeum,entoloma-sericeum,habitat,yes,no,one-way: can only move mass AWAY from the dangerous species,,,
1,SERIOUS,Entoloma rhodopolium,entoloma-rhodopolium,Entoloma sinuatum,entoloma-sinuatum,cap_colour,yes,no,one-way: can only move mass AWAY from the dangerous species,,,
1,SERIOUS,Entoloma rhodopolium,entoloma-rhodopolium,Entoloma sinuatum,entoloma-sinuatum,habitat,yes,no,one-way: can only move mass AWAY from the dangerous species,,,
1,SERIOUS,Entoloma sinuatum,entoloma-sinuatum,Agaricus arvensis,agaricus-arvensis,gill_attachment,yes,no,one-way: can only move mass AWAY from the dangerous species,,,
1,SERIOUS,Entoloma sinuatum,entoloma-sinuatum,Agaricus arvensis,agaricus-arvensis,gill_colour,yes,no,one-way: can only move mass AWAY from the dangerous species,,,
1,SERIOUS,Entoloma sinuatum,entoloma-sinuatum,Agaricus arvensis,agaricus-arvensis,spore_print_colour,yes,no,one-way: can only move mass AWAY from the dangerous species,,,
1,SERIOUS,Entoloma sinuatum,entoloma-sinuatum,Calocybe gambosa,calocybe-gambosa,gill_colour,yes,no,one-way: can only move mass AWAY from the dangerous species,,,
1,SERIOUS,Entoloma sinuatum,entoloma-sinuatum,Clitocybe nebularis,clitocybe-nebularis,gill_colour,yes,no,one-way: can only move mass AWAY from the dangerous species,,,
1,SERIOUS,Entoloma sinuatum,entoloma-sinuatum,Clitopilus prunulus,clitopilus-prunulus,gill_colour,yes,no,one-way: can only move mass AWAY from the dangerous species,,,
1,SERIOUS,Entoloma sinuatum,entoloma-sinuatum,Entoloma conferendum,entoloma-conferendum,gill_attachment,yes,no,one-way: can only move mass AWAY from the dangerous species,,,
1,SERIOUS,Entoloma sinuatum,entoloma-sinuatum,Entoloma conferendum,entoloma-conferendum,smell,yes,no,one-way: can only move mass AWAY from the dangerous species,,,
1,SERIOUS,Entoloma sinuatum,entoloma-sinuatum,Entoloma rhodopolium,entoloma-rhodopolium,gill_attachment,yes,no,one-way: can only move mass AWAY from the dangerous species,,,
1,SERIOUS,Entoloma sinuatum,entoloma-sinuatum,Entoloma sericellum,entoloma-sericellum,gill_attachment,yes,no,one-way: can only move mass AWAY from the dangerous species,,,
1,SERIOUS,Entoloma sinuatum,entoloma-sinuatum,Entoloma sericellum,entoloma-sericellum,smell,yes,no,one-way: can only move mass AWAY from the dangerous species,,,
1,SERIOUS,Entoloma sinuatum,entoloma-sinuatum,Entoloma sericeum,entoloma-sericeum,gill_attachment,yes,no,one-way: can only move mass AWAY from the dangerous species,,,
1,SERIOUS,Entoloma sinuatum,entoloma-sinuatum,Hebeloma crustuliniforme,hebeloma-crustuliniforme,gill_attachment,yes,no,one-way: can only move mass AWAY from the dangerous species,,,
1,SERIOUS,Entoloma sinuatum,entoloma-sinuatum,Lepista nuda,lepista-nuda,gill_attachment,yes,no,one-way: can only move mass AWAY from the dangerous species,,,
1,SERIOUS,Entoloma sinuatum,entoloma-sinuatum,Lepista nuda,lepista-nuda,gill_colour,yes,no,one-way: can only move mass AWAY from the dangerous species,,,
1,SERIOUS,Entoloma sinuatum,entoloma-sinuatum,Lepista nuda,lepista-nuda,smell,yes,no,one-way: can only move mass AWAY from the dangerous species,,,
1,SERIOUS,Entoloma sinuatum,entoloma-sinuatum,Pluteus cervinus,pluteus-cervinus,smell,yes,no,one-way: can only move mass AWAY from the dangerous species,,,
1,SERIOUS,Entoloma sinuatum,entoloma-sinuatum,Pluteus salicinus,pluteus-salicinus,smell,yes,no,one-way: can only move mass AWAY from the dangerous species,,,
1,SERIOUS,Inocybe geophylla,inocybe-geophylla,Amanita virosa,amanita-virosa,cap_colour,yes,no,one-way: can only move mass AWAY from the dangerous species,,,
1,SERIOUS,Inocybe geophylla,inocybe-geophylla,Amanita virosa,amanita-virosa,cap_shape,yes,no,one-way: can only move mass AWAY from the dangerous species,,,
1,SERIOUS,Inocybe geophylla,inocybe-geophylla,Amanita virosa,amanita-virosa,cap_surface,yes,no,one-way: can only move mass AWAY from the dangerous species,,,
1,SERIOUS,Inocybe geophylla,inocybe-geophylla,Amanita virosa,amanita-virosa,smell,yes,no,one-way: can only move mass AWAY from the dangerous species,,,
1,SERIOUS,Inocybe geophylla,inocybe-geophylla,Clitocybe rivulosa,clitocybe-rivulosa,cap_colour,yes,no,one-way: can only move mass AWAY from the dangerous species,,,
1,SERIOUS,Inocybe geophylla,inocybe-geophylla,Clitocybe rivulosa,clitocybe-rivulosa,cap_shape,yes,no,one-way: can only move mass AWAY from the dangerous species,,,
1,SERIOUS,Inocybe geophylla,inocybe-geophylla,Clitocybe rivulosa,clitocybe-rivulosa,gill_colour,yes,no,one-way: can only move mass AWAY from the dangerous species,,,
1,SERIOUS,Inocybe geophylla,inocybe-geophylla,Clitocybe rivulosa,clitocybe-rivulosa,smell,yes,no,one-way: can only move mass AWAY from the dangerous species,,,
1,SERIOUS,Inocybe geophylla,inocybe-geophylla,Hebeloma crustuliniforme,hebeloma-crustuliniforme,cap_shape,yes,no,one-way: can only move mass AWAY from the dangerous species,,,
1,SERIOUS,Inocybe geophylla,inocybe-geophylla,Inocybe erubescens,inocybe-erubescens,cap_colour,yes,no,one-way: can only move mass AWAY from the dangerous species,,,
1,SERIOUS,Inocybe geophylla,inocybe-geophylla,Inocybe erubescens,inocybe-erubescens,cap_shape,yes,no,one-way: can only move mass AWAY from the dangerous species,,,
1,SERIOUS,Inocybe geophylla,inocybe-geophylla,Inocybe erubescens,inocybe-erubescens,gill_colour,yes,no,one-way: can only move mass AWAY from the dangerous species,,,
1,SERIOUS,Inocybe geophylla,inocybe-geophylla,Laccaria amethystina,laccaria-amethystina,cap_shape,yes,no,one-way: can only move mass AWAY from the dangerous species,,,
1,SERIOUS,Inocybe geophylla,inocybe-geophylla,Laccaria amethystina,laccaria-amethystina,cap_surface,yes,no,one-way: can only move mass AWAY from the dangerous species,,,
1,SERIOUS,Inocybe geophylla,inocybe-geophylla,Laccaria amethystina,laccaria-amethystina,smell,yes,no,one-way: can only move mass AWAY from the dangerous species,,,
1,SERIOUS,Inocybe geophylla,inocybe-geophylla,Laccaria laccata,laccaria-laccata,cap_shape,yes,no,one-way: can only move mass AWAY from the dangerous species,,,
1,SERIOUS,Inocybe geophylla,inocybe-geophylla,Laccaria laccata,laccaria-laccata,cap_surface,yes,no,one-way: can only move mass AWAY from the dangerous species,,,
1,SERIOUS,Inocybe geophylla,inocybe-geophylla,Laccaria laccata,laccaria-laccata,smell,yes,no,one-way: can only move mass AWAY from the dangerous species,,,
1,SERIOUS,Inocybe geophylla,inocybe-geophylla,Marasmius oreades,marasmius-oreades,cap_colour,yes,no,one-way: can only move mass AWAY from the dangerous species,,,
1,SERIOUS,Inocybe geophylla,inocybe-geophylla,Marasmius oreades,marasmius-oreades,cap_shape,yes,no,one-way: can only move mass AWAY from the dangerous species,,,
1,SERIOUS,Inocybe geophylla,inocybe-geophylla,Marasmius oreades,marasmius-oreades,cap_surface,yes,no,one-way: can only move mass AWAY from the dangerous species,,,
1,SERIOUS,Inocybe geophylla,inocybe-geophylla,Marasmius oreades,marasmius-oreades,gill_colour,yes,no,one-way: can only move mass AWAY from the dangerous species,,,
1,SERIOUS,Inocybe geophylla,inocybe-geophylla,Marasmius oreades,marasmius-oreades,smell,yes,no,one-way: can only move mass AWAY from the dangerous species,,,
1,SERIOUS,Inocybe geophylla,inocybe-geophylla,Mycena pura,mycena-pura,cap_shape,yes,no,one-way: can only move mass AWAY from the dangerous species,,,
1,SERIOUS,Inocybe geophylla,inocybe-geophylla,Mycena pura,mycena-pura,cap_surface,yes,no,one-way: can only move mass AWAY from the dangerous species,,,
1,SERIOUS,Inocybe geophylla,inocybe-geophylla,Mycena pura,mycena-pura,gill_colour,yes,no,one-way: can only move mass AWAY from the dangerous species,,,
1,SERIOUS,Paxillus involutus,paxillus-involutus,Clitocybe rivulosa,clitocybe-rivulosa,bruising_reaction,yes,no,one-way: can only move mass AWAY from the dangerous species,,,
1,SERIOUS,Paxillus involutus,paxillus-involutus,Clitocybe rivulosa,clitocybe-rivulosa,cap_margin,yes,no,one-way: can only move mass AWAY from the dangerous species,,,
1,SERIOUS,Paxillus involutus,paxillus-involutus,Lactarius deliciosus,lactarius-deliciosus,cap_margin,yes,no,one-way: can only move mass AWAY from the dangerous species,,,
1,SERIOUS,Paxillus involutus,paxillus-involutus,Lactarius deliciosus,lactarius-deliciosus,gill_attachment,yes,no,one-way: can only move mass AWAY from the dangerous species,,,
1,SERIOUS,Paxillus involutus,paxillus-involutus,Lactarius deliciosus,lactarius-deliciosus,spore_print_colour,yes,no,one-way: can only move mass AWAY from the dangerous species,,,
1,SERIOUS,Pleurocybella porrigens,pleurocybella-porrigens,Crepidotus mollis,crepidotus-mollis,stipe_presence,yes,no,one-way: can only move mass AWAY from the dangerous species,,,
1,SERIOUS,Pleurocybella porrigens,pleurocybella-porrigens,Crepidotus mollis,crepidotus-mollis,substrate,yes,no,one-way: can only move mass AWAY from the dangerous species,,,
1,SERIOUS,Pleurocybella porrigens,pleurocybella-porrigens,Pleurotus ostreatus,pleurotus-ostreatus,texture,yes,no,one-way: can only move mass AWAY from the dangerous species,,,
1,SERIOUS,Pseudosperma rimosum,pseudosperma-rimosum,Agaricus campestris,agaricus-campestris,cap_colour,yes,no,one-way: can only move mass AWAY from the dangerous species,,,
1,SERIOUS,Pseudosperma rimosum,pseudosperma-rimosum,Agaricus campestris,agaricus-campestris,cap_shape,yes,no,one-way: can only move mass AWAY from the dangerous species,,,
1,SERIOUS,Pseudosperma rimosum,pseudosperma-rimosum,Agaricus campestris,agaricus-campestris,cap_surface,yes,no,one-way: can only move mass AWAY from the dangerous species,,,
1,SERIOUS,Pseudosperma rimosum,pseudosperma-rimosum,Agaricus campestris,agaricus-campestris,smell,yes,no,one-way: can only move mass AWAY from the dangerous species,,,
1,SERIOUS,Pseudosperma rimosum,pseudosperma-rimosum,Hebeloma crustuliniforme,hebeloma-crustuliniforme,cap_shape,yes,no,one-way: can only move mass AWAY from the dangerous species,,,
1,SERIOUS,Pseudosperma rimosum,pseudosperma-rimosum,Inocybe erubescens,inocybe-erubescens,cap_colour,yes,no,one-way: can only move mass AWAY from the dangerous species,,,
1,SERIOUS,Pseudosperma rimosum,pseudosperma-rimosum,Inocybe erubescens,inocybe-erubescens,cap_shape,yes,no,one-way: can only move mass AWAY from the dangerous species,,,
1,SERIOUS,Pseudosperma rimosum,pseudosperma-rimosum,Inocybe erubescens,inocybe-erubescens,gill_colour,yes,no,one-way: can only move mass AWAY from the dangerous species,,,
1,SERIOUS,Pseudosperma rimosum,pseudosperma-rimosum,Marasmius oreades,marasmius-oreades,cap_colour,yes,no,one-way: can only move mass AWAY from the dangerous species,,,
1,SERIOUS,Pseudosperma rimosum,pseudosperma-rimosum,Marasmius oreades,marasmius-oreades,cap_shape,yes,no,one-way: can only move mass AWAY from the dangerous species,,,
1,SERIOUS,Pseudosperma rimosum,pseudosperma-rimosum,Marasmius oreades,marasmius-oreades,cap_surface,yes,no,one-way: can only move mass AWAY from the dangerous species,,,
1,SERIOUS,Pseudosperma rimosum,pseudosperma-rimosum,Marasmius oreades,marasmius-oreades,gill_colour,yes,no,one-way: can only move mass AWAY from the dangerous species,,,
1,SERIOUS,Pseudosperma rimosum,pseudosperma-rimosum,Marasmius oreades,marasmius-oreades,smell,yes,no,one-way: can only move mass AWAY from the dangerous species,,,
1,SERIOUS,Rubroboletus satanas,rubroboletus-satanas,Chalciporus piperatus,chalciporus-piperatus,bruising_reaction,yes,no,one-way: can only move mass AWAY from the dangerous species,,,
1,SERIOUS,Rubroboletus satanas,rubroboletus-satanas,Chalciporus piperatus,chalciporus-piperatus,stipe_surface,yes,no,one-way: can only move mass AWAY from the dangerous species,,,
1,SERIOUS,Rubroboletus satanas,rubroboletus-satanas,Xerocomellus chrysenteron,xerocomellus-chrysenteron,stipe_surface,yes,no,one-way: can only move mass AWAY from the dangerous species,,,
1,SERIOUS,Tricholoma equestre,tricholoma-equestre,Amanita phalloides,amanita-phalloides,gill_colour,yes,no,one-way: can only move mass AWAY from the dangerous species,,,
1,SERIOUS,Tricholoma equestre,tricholoma-equestre,Amanita phalloides,amanita-phalloides,habitat,yes,no,one-way: can only move mass AWAY from the dangerous species,,,
1,SERIOUS,Tricholoma equestre,tricholoma-equestre,Russula ochroleuca,russula-ochroleuca,gill_colour,yes,no,one-way: can only move mass AWAY from the dangerous species,,,
1,SERIOUS,Tricholoma equestre,tricholoma-equestre,Russula ochroleuca,russula-ochroleuca,habitat,yes,no,one-way: can only move mass AWAY from the dangerous species,,,
1,SERIOUS,Tricholoma equestre,tricholoma-equestre,Russula ochroleuca,russula-ochroleuca,ring,yes,no,one-way: can only move mass AWAY from the dangerous species,,,
1,SERIOUS,Tricholoma equestre,tricholoma-equestre,Russula ochroleuca,russula-ochroleuca,volva,yes,no,one-way: can only move mass AWAY from the dangerous species,,,
1,SERIOUS,Tricholoma equestre,tricholoma-equestre,Tricholoma fulvum,tricholoma-fulvum,ring,yes,no,one-way: can only move mass AWAY from the dangerous species,,,
1,SERIOUS,Tricholoma equestre,tricholoma-equestre,Tricholoma fulvum,tricholoma-fulvum,volva,yes,no,one-way: can only move mass AWAY from the dangerous species,,,
1,SERIOUS,Tricholoma equestre,tricholoma-equestre,Tricholoma pardinum,tricholoma-pardinum,ring,yes,no,one-way: can only move mass AWAY from the dangerous species,,,
1,SERIOUS,Tricholoma equestre,tricholoma-equestre,Tricholoma pardinum,tricholoma-pardinum,volva,yes,no,one-way: can only move mass AWAY from the dangerous species,,,
1,SERIOUS,Tricholoma equestre,tricholoma-equestre,Tricholoma saponaceum,tricholoma-saponaceum,gill_colour,yes,no,one-way: can only move mass AWAY from the dangerous species,,,
1,SERIOUS,Tricholoma equestre,tricholoma-equestre,Tricholoma saponaceum,tricholoma-saponaceum,ring,yes,no,one-way: can only move mass AWAY from the dangerous species,,,
1,SERIOUS,Tricholoma equestre,tricholoma-equestre,Tricholoma saponaceum,tricholoma-saponaceum,volva,yes,no,one-way: can only move mass AWAY from the dangerous species,,,
1,SERIOUS,Tricholoma equestre,tricholoma-equestre,Tricholoma sulphureum,tricholoma-sulphureum,ring,yes,no,one-way: can only move mass AWAY from the dangerous species,,,
1,SERIOUS,Tricholoma equestre,tricholoma-equestre,Tricholoma sulphureum,tricholoma-sulphureum,volva,yes,no,one-way: can only move mass AWAY from the dangerous species,,,
1,SERIOUS,Tricholoma equestre,tricholoma-equestre,Tricholoma terreum,tricholoma-terreum,ring,yes,no,one-way: can only move mass AWAY from the dangerous species,,,
1,SERIOUS,Tricholoma equestre,tricholoma-equestre,Tricholoma terreum,tricholoma-terreum,volva,yes,no,one-way: can only move mass AWAY from the dangerous species,,,
1,SERIOUS,Tricholoma equestre,tricholoma-equestre,Tricholoma ustale,tricholoma-ustale,ring,yes,no,one-way: can only move mass AWAY from the dangerous species,,,
1,SERIOUS,Tricholoma equestre,tricholoma-equestre,Tricholoma ustale,tricholoma-ustale,volva,yes,no,one-way: can only move mass AWAY from the dangerous species,,,
1,SERIOUS,Tricholoma equestre,tricholoma-equestre,Tricholomopsis rutilans,tricholomopsis-rutilans,ring,yes,no,one-way: can only move mass AWAY from the dangerous species,,,
1,SERIOUS,Tricholoma equestre,tricholoma-equestre,Tricholomopsis rutilans,tricholomopsis-rutilans,volva,yes,no,one-way: can only move mass AWAY from the dangerous species,,,
1,SERIOUS,Tricholoma pardinum,tricholoma-pardinum,Calocybe gambosa,calocybe-gambosa,cap_surface,yes,no,one-way: can only move mass AWAY from the dangerous species,,,
1,SERIOUS,Tricholoma pardinum,tricholoma-pardinum,Calocybe gambosa,calocybe-gambosa,gill_colour,yes,no,one-way: can only move mass AWAY from the dangerous species,,,
1,SERIOUS,Tricholoma pardinum,tricholoma-pardinum,Calocybe gambosa,calocybe-gambosa,habitat,yes,no,one-way: can only move mass AWAY from the dangerous species,,,
1,SERIOUS,Tricholoma pardinum,tricholoma-pardinum,Clitocybe nebularis,clitocybe-nebularis,cap_surface,yes,no,one-way: can only move mass AWAY from the dangerous species,,,
1,SERIOUS,Tricholoma pardinum,tricholoma-pardinum,Clitocybe nebularis,clitocybe-nebularis,gill_colour,yes,no,one-way: can only move mass AWAY from the dangerous species,,,
1,SERIOUS,Tricholoma pardinum,tricholoma-pardinum,Clitocybe nebularis,clitocybe-nebularis,habitat,yes,no,one-way: can only move mass AWAY from the dangerous species,,,
1,SERIOUS,Tricholoma pardinum,tricholoma-pardinum,Tricholoma equestre,tricholoma-equestre,cap_surface,yes,no,one-way: can only move mass AWAY from the dangerous species,,,
1,SERIOUS,Tricholoma pardinum,tricholoma-pardinum,Tricholoma equestre,tricholoma-equestre,smell,yes,no,one-way: can only move mass AWAY from the dangerous species,,,
1,SERIOUS,Tricholoma pardinum,tricholoma-pardinum,Tricholoma equestre,tricholoma-equestre,spore_print_colour,yes,no,one-way: can only move mass AWAY from the dangerous species,,,
1,SERIOUS,Tricholoma pardinum,tricholoma-pardinum,Tricholoma fulvum,tricholoma-fulvum,smell,yes,no,one-way: can only move mass AWAY from the dangerous species,,,
1,SERIOUS,Tricholoma pardinum,tricholoma-pardinum,Tricholoma saponaceum,tricholoma-saponaceum,cap_surface,yes,no,one-way: can only move mass AWAY from the dangerous species,,,
1,SERIOUS,Tricholoma pardinum,tricholoma-pardinum,Tricholoma saponaceum,tricholoma-saponaceum,gill_colour,yes,no,one-way: can only move mass AWAY from the dangerous species,,,
1,SERIOUS,Tricholoma pardinum,tricholoma-pardinum,Tricholoma saponaceum,tricholoma-saponaceum,spore_print_colour,yes,no,one-way: can only move mass AWAY from the dangerous species,,,
1,SERIOUS,Tricholoma pardinum,tricholoma-pardinum,Tricholoma sulphureum,tricholoma-sulphureum,cap_surface,yes,no,one-way: can only move mass AWAY from the dangerous species,,,
1,SERIOUS,Tricholoma pardinum,tricholoma-pardinum,Tricholoma sulphureum,tricholoma-sulphureum,spore_print_colour,yes,no,one-way: can only move mass AWAY from the dangerous species,,,
1,SERIOUS,Tricholoma pardinum,tricholoma-pardinum,Tricholoma terreum,tricholoma-terreum,smell,yes,no,one-way: can only move mass AWAY from the dangerous species,,,
1,SERIOUS,Tricholoma pardinum,tricholoma-pardinum,Tricholoma terreum,tricholoma-terreum,spore_print_colour,yes,no,one-way: can only move mass AWAY from the dangerous species,,,
1,SERIOUS,Tricholoma pardinum,tricholoma-pardinum,Tricholoma ustale,tricholoma-ustale,smell,yes,no,one-way: can only move mass AWAY from the dangerous species,,,
1,SERIOUS,Tricholoma pardinum,tricholoma-pardinum,Tricholoma ustale,tricholoma-ustale,spore_print_colour,yes,no,one-way: can only move mass AWAY from the dangerous species,,,
1,SERIOUS,Tricholoma terreum,tricholoma-terreum,Tricholoma equestre,tricholoma-equestre,cap_colour,yes,no,one-way: can only move mass AWAY from the dangerous species,,,
1,SERIOUS,Tricholoma terreum,tricholoma-terreum,Tricholoma equestre,tricholoma-equestre,cap_surface,yes,no,one-way: can only move mass AWAY from the dangerous species,,,
1,SERIOUS,Tricholoma terreum,tricholoma-terreum,Tricholoma equestre,tricholoma-equestre,size,yes,no,one-way: can only move mass AWAY from the dangerous species,,,
1,SERIOUS,Tricholoma terreum,tricholoma-terreum,Tricholoma pardinum,tricholoma-pardinum,cap_colour,yes,no,one-way: can only move mass AWAY from the dangerous species,,,
1,SERIOUS,Tricholoma terreum,tricholoma-terreum,Tricholoma pardinum,tricholoma-pardinum,size,yes,no,one-way: can only move mass AWAY from the dangerous species,,,
1,SERIOUS,Tricholoma terreum,tricholoma-terreum,Tricholoma saponaceum,tricholoma-saponaceum,cap_colour,yes,no,one-way: can only move mass AWAY from the dangerous species,,,
1,SERIOUS,Tricholoma terreum,tricholoma-terreum,Tricholoma saponaceum,tricholoma-saponaceum,cap_surface,yes,no,one-way: can only move mass AWAY from the dangerous species,,,
1,SERIOUS,Tricholoma terreum,tricholoma-terreum,Tricholoma saponaceum,tricholoma-saponaceum,gill_colour,yes,no,one-way: can only move mass AWAY from the dangerous species,,,
1,SERIOUS,Tricholoma terreum,tricholoma-terreum,Tricholoma saponaceum,tricholoma-saponaceum,size,yes,no,one-way: can only move mass AWAY from the dangerous species,,,
2,DEADLY,Amanita phalloides,amanita-phalloides,Agaricus arvensis,agaricus-arvensis,smell,no,yes,one-way: dangerous species cannot be contradicted at all,,,
2,DEADLY,Amanita phalloides,amanita-phalloides,Agaricus campestris,agaricus-campestris,bruising_reaction,no,yes,one-way: dangerous species cannot be contradicted at all,,,
2,DEADLY,Amanita phalloides,amanita-phalloides,Agaricus campestris,agaricus-campestris,gill_colour,no,yes,one-way: dangerous species cannot be contradicted at all,,,
2,DEADLY,Amanita phalloides,amanita-phalloides,Agaricus sylvaticus,agaricus-sylvaticus,bruising_reaction,no,yes,one-way: dangerous species cannot be contradicted at all,,,
2,DEADLY,Amanita phalloides,amanita-phalloides,Agaricus sylvaticus,agaricus-sylvaticus,cap_surface,no,yes,one-way: dangerous species cannot be contradicted at all,,,
2,DEADLY,Amanita phalloides,amanita-phalloides,Agaricus sylvaticus,agaricus-sylvaticus,habitat,no,yes,one-way: dangerous species cannot be contradicted at all,,,
2,DEADLY,Amanita phalloides,amanita-phalloides,Amanita citrina,amanita-citrina,smell,no,yes,one-way: dangerous species cannot be contradicted at all,,,
2,DEADLY,Amanita phalloides,amanita-phalloides,Amanita excelsa,amanita-excelsa,bruising_reaction,no,yes,one-way: dangerous species cannot be contradicted at all,,,
2,DEADLY,Amanita phalloides,amanita-phalloides,Amanita excelsa,amanita-excelsa,cap_surface,no,yes,one-way: dangerous species cannot be contradicted at all,,,
2,DEADLY,Amanita phalloides,amanita-phalloides,Amanita fulva,amanita-fulva,cap_margin,no,yes,one-way: dangerous species cannot be contradicted at all,,,
2,DEADLY,Amanita phalloides,amanita-phalloides,Amanita rubescens,amanita-rubescens,bruising_reaction,no,yes,one-way: dangerous species cannot be contradicted at all,,,
2,DEADLY,Amanita phalloides,amanita-phalloides,Amanita rubescens,amanita-rubescens,cap_surface,no,yes,one-way: dangerous species cannot be contradicted at all,,,
2,DEADLY,Amanita phalloides,amanita-phalloides,Amanita vaginata,amanita-vaginata,cap_margin,no,yes,one-way: dangerous species cannot be contradicted at all,,,
2,DEADLY,Amanita phalloides,amanita-phalloides,Chlorophyllum rhacodes,chlorophyllum-rhacodes,bruising_reaction,no,yes,one-way: dangerous species cannot be contradicted at all,,,
2,DEADLY,Amanita phalloides,amanita-phalloides,Chlorophyllum rhacodes,chlorophyllum-rhacodes,cap_surface,no,yes,one-way: dangerous species cannot be contradicted at all,,,
2,DEADLY,Amanita phalloides,amanita-phalloides,Chlorophyllum rhacodes,chlorophyllum-rhacodes,stipe_base,no,yes,one-way: dangerous species cannot be contradicted at all,,,
2,DEADLY,Amanita phalloides,amanita-phalloides,Macrolepiota procera,macrolepiota-procera,bruising_reaction,no,yes,one-way: dangerous species cannot be contradicted at all,,,
2,DEADLY,Amanita phalloides,amanita-phalloides,Macrolepiota procera,macrolepiota-procera,stipe_surface,no,yes,one-way: dangerous species cannot be contradicted at all,,,
2,DEADLY,Amanita phalloides,amanita-phalloides,Pluteus cervinus,pluteus-cervinus,gill_colour,no,yes,one-way: dangerous species cannot be contradicted at all,,,
2,DEADLY,Amanita phalloides,amanita-phalloides,Pluteus cervinus,pluteus-cervinus,substrate,no,yes,one-way: dangerous species cannot be contradicted at all,,,
2,DEADLY,Amanita phalloides,amanita-phalloides,Pluteus salicinus,pluteus-salicinus,bruising_reaction,no,yes,one-way: dangerous species cannot be contradicted at all,,,
2,DEADLY,Amanita phalloides,amanita-phalloides,Pluteus salicinus,pluteus-salicinus,gill_colour,no,yes,one-way: dangerous species cannot be contradicted at all,,,
2,DEADLY,Amanita phalloides,amanita-phalloides,Pluteus salicinus,pluteus-salicinus,substrate,no,yes,one-way: dangerous species cannot be contradicted at all,,,
2,DEADLY,Amanita phalloides,amanita-phalloides,Russula cyanoxantha,russula-cyanoxantha,gill_texture,no,yes,one-way: dangerous species cannot be contradicted at all,,,
2,DEADLY,Amanita phalloides,amanita-phalloides,Russula cyanoxantha,russula-cyanoxantha,stipe_texture,no,yes,one-way: dangerous species cannot be contradicted at all,,,
2,DEADLY,Amanita phalloides,amanita-phalloides,Russula cyanoxantha,russula-cyanoxantha,taste,no,yes,one-way: dangerous species cannot be contradicted at all,,,
2,DEADLY,Amanita phalloides,amanita-phalloides,Tricholoma equestre,tricholoma-equestre,gill_colour,no,yes,one-way: dangerous species cannot be contradicted at all,,,
2,DEADLY,Amanita phalloides,amanita-phalloides,Tricholoma equestre,tricholoma-equestre,habitat,no,yes,one-way: dangerous species cannot be contradicted at all,,,
2,DEADLY,Amanita phalloides,amanita-phalloides,Volvopluteus gloiocephalus,volvopluteus-gloiocephalus,gill_colour,no,yes,one-way: dangerous species cannot be contradicted at all,,,
2,DEADLY,Amanita virosa,amanita-virosa,Agaricus arvensis,agaricus-arvensis,smell,no,yes,one-way: dangerous species cannot be contradicted at all,,,
2,DEADLY,Amanita virosa,amanita-virosa,Agaricus campestris,agaricus-campestris,bruising_reaction,no,yes,one-way: dangerous species cannot be contradicted at all,,,
2,DEADLY,Amanita virosa,amanita-virosa,Agaricus sylvaticus,agaricus-sylvaticus,bruising_reaction,no,yes,one-way: dangerous species cannot be contradicted at all,,,
2,DEADLY,Amanita virosa,amanita-virosa,Agaricus sylvaticus,agaricus-sylvaticus,cap_colour,no,yes,one-way: dangerous species cannot be contradicted at all,,,
2,DEADLY,Amanita virosa,amanita-virosa,Agaricus sylvaticus,agaricus-sylvaticus,cap_surface,no,yes,one-way: dangerous species cannot be contradicted at all,,,
2,DEADLY,Amanita virosa,amanita-virosa,Agaricus sylvaticus,agaricus-sylvaticus,habitat,no,yes,one-way: dangerous species cannot be contradicted at all,,,
2,DEADLY,Amanita virosa,amanita-virosa,Amanita citrina,amanita-citrina,cap_colour,no,yes,one-way: dangerous species cannot be contradicted at all,,,
2,DEADLY,Amanita virosa,amanita-virosa,Amanita citrina,amanita-citrina,smell,no,yes,one-way: dangerous species cannot be contradicted at all,,,
2,DEADLY,Amanita virosa,amanita-virosa,Amanita fulva,amanita-fulva,cap_colour,no,yes,one-way: dangerous species cannot be contradicted at all,,,
2,DEADLY,Amanita virosa,amanita-virosa,Amanita fulva,amanita-fulva,cap_margin,no,yes,one-way: dangerous species cannot be contradicted at all,,,
2,DEADLY,Amanita virosa,amanita-virosa,Amanita vaginata,amanita-vaginata,cap_colour,no,yes,one-way: dangerous species cannot be contradicted at all,,,
2,DEADLY,Amanita virosa,amanita-virosa,Amanita vaginata,amanita-vaginata,cap_margin,no,yes,one-way: dangerous species cannot be contradicted at all,,,
2,DEADLY,Amanita virosa,amanita-virosa,Calocybe gambosa,calocybe-gambosa,gill_attachment,no,yes,one-way: dangerous species cannot be contradicted at all,,,
2,DEADLY,Amanita virosa,amanita-virosa,Calocybe gambosa,calocybe-gambosa,season,no,yes,one-way: dangerous species cannot be contradicted at all,,,
2,DEADLY,Amanita virosa,amanita-virosa,Calocybe gambosa,calocybe-gambosa,smell,no,yes,one-way: dangerous species cannot be contradicted at all,,,
2,DEADLY,Amanita virosa,amanita-virosa,Cuphophyllus virgineus,cuphophyllus-virgineus,cap_colour,no,yes,one-way: dangerous species cannot be contradicted at all,,,
2,DEADLY,Amanita virosa,amanita-virosa,Cuphophyllus virgineus,cuphophyllus-virgineus,gill_attachment,no,yes,one-way: dangerous species cannot be contradicted at all,,,
2,DEADLY,Amanita virosa,amanita-virosa,Cuphophyllus virgineus,cuphophyllus-virgineus,gill_texture,no,yes,one-way: dangerous species cannot be contradicted at all,,,
2,DEADLY,Amanita virosa,amanita-virosa,Cuphophyllus virgineus,cuphophyllus-virgineus,substrate,no,yes,one-way: dangerous species cannot be contradicted at all,,,
2,DEADLY,Amanita virosa,amanita-virosa,Inocybe geophylla,inocybe-geophylla,cap_colour,no,yes,one-way: dangerous species cannot be contradicted at all,,,
2,DEADLY,Amanita virosa,amanita-virosa,Inocybe geophylla,inocybe-geophylla,cap_shape,no,yes,one-way: dangerous species cannot be contradicted at all,,,
2,DEADLY,Amanita virosa,amanita-virosa,Inocybe geophylla,inocybe-geophylla,cap_surface,no,yes,one-way: dangerous species cannot be contradicted at all,,,
2,DEADLY,Amanita virosa,amanita-virosa,Inocybe geophylla,inocybe-geophylla,smell,no,yes,one-way: dangerous species cannot be contradicted at all,,,
2,DEADLY,Amanita virosa,amanita-virosa,Lycoperdon excipuliforme,lycoperdon-excipuliforme,cap_colour,no,yes,one-way: dangerous species cannot be contradicted at all,,,
2,DEADLY,Amanita virosa,amanita-virosa,Lycoperdon excipuliforme,lycoperdon-excipuliforme,cap_shape,no,yes,one-way: dangerous species cannot be contradicted at all,,,
2,DEADLY,Amanita virosa,amanita-virosa,Lycoperdon excipuliforme,lycoperdon-excipuliforme,hymenium_type,no,yes,one-way: dangerous species cannot be contradicted at all,,,
2,DEADLY,Amanita virosa,amanita-virosa,Lycoperdon excipuliforme,lycoperdon-excipuliforme,interior_structure,no,yes,one-way: dangerous species cannot be contradicted at all,,,
2,DEADLY,Amanita virosa,amanita-virosa,Lycoperdon excipuliforme,lycoperdon-excipuliforme,size,no,yes,one-way: dangerous species cannot be contradicted at all,,,
2,DEADLY,Amanita virosa,amanita-virosa,Lycoperdon excipuliforme,lycoperdon-excipuliforme,substrate,no,yes,one-way: dangerous species cannot be contradicted at all,,,
2,DEADLY,Amanita virosa,amanita-virosa,Lycoperdon nigrescens,lycoperdon-nigrescens,cap_colour,no,yes,one-way: dangerous species cannot be contradicted at all,,,
2,DEADLY,Amanita virosa,amanita-virosa,Lycoperdon nigrescens,lycoperdon-nigrescens,cap_surface,no,yes,one-way: dangerous species cannot be contradicted at all,,,
2,DEADLY,Amanita virosa,amanita-virosa,Lycoperdon nigrescens,lycoperdon-nigrescens,hymenium_type,no,yes,one-way: dangerous species cannot be contradicted at all,,,
2,DEADLY,Amanita virosa,amanita-virosa,Lycoperdon nigrescens,lycoperdon-nigrescens,interior_structure,no,yes,one-way: dangerous species cannot be contradicted at all,,,
2,DEADLY,Amanita virosa,amanita-virosa,Lycoperdon nigrescens,lycoperdon-nigrescens,substrate,no,yes,one-way: dangerous species cannot be contradicted at all,,,
2,DEADLY,Amanita virosa,amanita-virosa,Lycoperdon perlatum,lycoperdon-perlatum,interior_structure,no,yes,one-way: dangerous species cannot be contradicted at all,,,
2,DEADLY,Amanita virosa,amanita-virosa,Lycoperdon perlatum,lycoperdon-perlatum,skin_thickness,no,yes,one-way: dangerous species cannot be contradicted at all,,,
2,DEADLY,Amanita virosa,amanita-virosa,Scleroderma verrucosum,scleroderma-verrucosum,cap_colour,no,yes,one-way: dangerous species cannot be contradicted at all,,,
2,DEADLY,Amanita virosa,amanita-virosa,Scleroderma verrucosum,scleroderma-verrucosum,cap_surface,no,yes,one-way: dangerous species cannot be contradicted at all,,,
2,DEADLY,Amanita virosa,amanita-virosa,Scleroderma verrucosum,scleroderma-verrucosum,hymenium_type,no,yes,one-way: dangerous species cannot be contradicted at all,,,
2,DEADLY,Amanita virosa,amanita-virosa,Scleroderma verrucosum,scleroderma-verrucosum,interior_structure,no,yes,one-way: dangerous species cannot be contradicted at all,,,
2,DEADLY,Amanita virosa,amanita-virosa,Scleroderma verrucosum,scleroderma-verrucosum,stipe_base,no,yes,one-way: dangerous species cannot be contradicted at all,,,
2,DEADLY,Amanita virosa,amanita-virosa,Scleroderma verrucosum,scleroderma-verrucosum,substrate,no,yes,one-way: dangerous species cannot be contradicted at all,,,
2,DEADLY,Clitocybe rivulosa,clitocybe-rivulosa,Ampulloclitocybe clavipes,ampulloclitocybe-clavipes,cap_colour,no,yes,one-way: dangerous species cannot be contradicted at all,,,
2,DEADLY,Clitocybe rivulosa,clitocybe-rivulosa,Ampulloclitocybe clavipes,ampulloclitocybe-clavipes,gill_colour,no,yes,one-way: dangerous species cannot be contradicted at all,,,
2,DEADLY,Clitocybe rivulosa,clitocybe-rivulosa,Ampulloclitocybe clavipes,ampulloclitocybe-clavipes,stipe_base,no,yes,one-way: dangerous species cannot be contradicted at all,,,
2,DEADLY,Clitocybe rivulosa,clitocybe-rivulosa,Ampulloclitocybe clavipes,ampulloclitocybe-clavipes,substrate,no,yes,one-way: dangerous species cannot be contradicted at all,,,
2,DEADLY,Clitocybe rivulosa,clitocybe-rivulosa,Calocybe gambosa,calocybe-gambosa,season,no,yes,one-way: dangerous species cannot be contradicted at all,,,
2,DEADLY,Clitocybe rivulosa,clitocybe-rivulosa,Calocybe gambosa,calocybe-gambosa,smell,no,yes,one-way: dangerous species cannot be contradicted at all,,,
2,DEADLY,Clitocybe rivulosa,clitocybe-rivulosa,Clitocybe fragrans,clitocybe-fragrans,cap_colour,no,yes,one-way: dangerous species cannot be contradicted at all,,,
2,DEADLY,Clitocybe rivulosa,clitocybe-rivulosa,Clitocybe fragrans,clitocybe-fragrans,cap_shape,no,yes,one-way: dangerous species cannot be contradicted at all,,,
2,DEADLY,Clitocybe rivulosa,clitocybe-rivulosa,Clitocybe fragrans,clitocybe-fragrans,smell,no,yes,one-way: dangerous species cannot be contradicted at all,,,
2,DEADLY,Clitocybe rivulosa,clitocybe-rivulosa,Clitocybe fragrans,clitocybe-fragrans,substrate,no,yes,one-way: dangerous species cannot be contradicted at all,,,
2,DEADLY,Clitocybe rivulosa,clitocybe-rivulosa,Clitocybe metachroa,clitocybe-metachroa,cap_colour,no,yes,one-way: dangerous species cannot be contradicted at all,,,
2,DEADLY,Clitocybe rivulosa,clitocybe-rivulosa,Clitocybe metachroa,clitocybe-metachroa,cap_shape,no,yes,one-way: dangerous species cannot be contradicted at all,,,
2,DEADLY,Clitocybe rivulosa,clitocybe-rivulosa,Clitocybe metachroa,clitocybe-metachroa,substrate,no,yes,one-way: dangerous species cannot be contradicted at all,,,
2,DEADLY,Clitocybe rivulosa,clitocybe-rivulosa,Clitocybe nebularis,clitocybe-nebularis,cap_colour,no,yes,one-way: dangerous species cannot be contradicted at all,,,
2,DEADLY,Clitocybe rivulosa,clitocybe-rivulosa,Clitocybe nebularis,clitocybe-nebularis,growth_form,no,yes,one-way: dangerous species cannot be contradicted at all,,,
2,DEADLY,Clitocybe rivulosa,clitocybe-rivulosa,Clitocybe nebularis,clitocybe-nebularis,smell,no,yes,one-way: dangerous species cannot be contradicted at all,,,
2,DEADLY,Clitocybe rivulosa,clitocybe-rivulosa,Clitocybe vibecina,clitocybe-vibecina,cap_colour,no,yes,one-way: dangerous species cannot be contradicted at all,,,
2,DEADLY,Clitocybe rivulosa,clitocybe-rivulosa,Clitocybe vibecina,clitocybe-vibecina,cap_shape,no,yes,one-way: dangerous species cannot be contradicted at all,,,
2,DEADLY,Clitocybe rivulosa,clitocybe-rivulosa,Clitocybe vibecina,clitocybe-vibecina,smell,no,yes,one-way: dangerous species cannot be contradicted at all,,,
2,DEADLY,Clitocybe rivulosa,clitocybe-rivulosa,Clitocybe vibecina,clitocybe-vibecina,substrate,no,yes,one-way: dangerous species cannot be contradicted at all,,,
2,DEADLY,Clitocybe rivulosa,clitocybe-rivulosa,Clitopilus prunulus,clitopilus-prunulus,smell,no,yes,one-way: dangerous species cannot be contradicted at all,,,
2,DEADLY,Clitocybe rivulosa,clitocybe-rivulosa,Cuphophyllus pratensis,cuphophyllus-pratensis,cap_colour,no,yes,one-way: dangerous species cannot be contradicted at all,,,
2,DEADLY,Clitocybe rivulosa,clitocybe-rivulosa,Cuphophyllus pratensis,cuphophyllus-pratensis,gill_texture,no,yes,one-way: dangerous species cannot be contradicted at all,,,
2,DEADLY,Clitocybe rivulosa,clitocybe-rivulosa,Cuphophyllus pratensis,cuphophyllus-pratensis,substrate,no,yes,one-way: dangerous species cannot be contradicted at all,,,
2,DEADLY,Clitocybe rivulosa,clitocybe-rivulosa,Cuphophyllus virgineus,cuphophyllus-virgineus,cap_colour,no,yes,one-way: dangerous species cannot be contradicted at all,,,
2,DEADLY,Clitocybe rivulosa,clitocybe-rivulosa,Cuphophyllus virgineus,cuphophyllus-virgineus,gill_texture,no,yes,one-way: dangerous species cannot be contradicted at all,,,
2,DEADLY,Clitocybe rivulosa,clitocybe-rivulosa,Cuphophyllus virgineus,cuphophyllus-virgineus,substrate,no,yes,one-way: dangerous species cannot be contradicted at all,,,
2,DEADLY,Clitocybe rivulosa,clitocybe-rivulosa,Gliophorus irrigatus,gliophorus-irrigatus,cap_colour,no,yes,one-way: dangerous species cannot be contradicted at all,,,
2,DEADLY,Clitocybe rivulosa,clitocybe-rivulosa,Gliophorus irrigatus,gliophorus-irrigatus,gill_texture,no,yes,one-way: dangerous species cannot be contradicted at all,,,
2,DEADLY,Clitocybe rivulosa,clitocybe-rivulosa,Gliophorus irrigatus,gliophorus-irrigatus,substrate,no,yes,one-way: dangerous species cannot be contradicted at all,,,
2,DEADLY,Clitocybe rivulosa,clitocybe-rivulosa,Gliophorus laetus,gliophorus-laetus,cap_colour,no,yes,one-way: dangerous species cannot be contradicted at all,,,
2,DEADLY,Clitocybe rivulosa,clitocybe-rivulosa,Gliophorus laetus,gliophorus-laetus,gill_texture,no,yes,one-way: dangerous species cannot be contradicted at all,,,
2,DEADLY,Clitocybe rivulosa,clitocybe-rivulosa,Gliophorus laetus,gliophorus-laetus,substrate,no,yes,one-way: dangerous species cannot be contradicted at all,,,
2,DEADLY,Clitocybe rivulosa,clitocybe-rivulosa,Hebeloma crustuliniforme,hebeloma-crustuliniforme,cap_colour,no,yes,one-way: dangerous species cannot be contradicted at all,,,
2,DEADLY,Clitocybe rivulosa,clitocybe-rivulosa,Hebeloma crustuliniforme,hebeloma-crustuliniforme,gill_colour,no,yes,one-way: dangerous species cannot be contradicted at all,,,
2,DEADLY,Clitocybe rivulosa,clitocybe-rivulosa,Hebeloma crustuliniforme,hebeloma-crustuliniforme,smell,no,yes,one-way: dangerous species cannot be contradicted at all,,,
2,DEADLY,Clitocybe rivulosa,clitocybe-rivulosa,Hebeloma crustuliniforme,hebeloma-crustuliniforme,substrate,no,yes,one-way: dangerous species cannot be contradicted at all,,,
2,DEADLY,Clitocybe rivulosa,clitocybe-rivulosa,Hygrocybe ceracea,hygrocybe-ceracea,cap_colour,no,yes,one-way: dangerous species cannot be contradicted at all,,,
2,DEADLY,Clitocybe rivulosa,clitocybe-rivulosa,Hygrocybe ceracea,hygrocybe-ceracea,gill_texture,no,yes,one-way: dangerous species cannot be contradicted at all,,,
2,DEADLY,Clitocybe rivulosa,clitocybe-rivulosa,Hygrocybe ceracea,hygrocybe-ceracea,substrate,no,yes,one-way: dangerous species cannot be contradicted at all,,,
2,DEADLY,Clitocybe rivulosa,clitocybe-rivulosa,Hygrocybe chlorophana,hygrocybe-chlorophana,cap_colour,no,yes,one-way: dangerous species cannot be contradicted at all,,,
2,DEADLY,Clitocybe rivulosa,clitocybe-rivulosa,Hygrocybe chlorophana,hygrocybe-chlorophana,gill_texture,no,yes,one-way: dangerous species cannot be contradicted at all,,,
2,DEADLY,Clitocybe rivulosa,clitocybe-rivulosa,Hygrocybe chlorophana,hygrocybe-chlorophana,substrate,no,yes,one-way: dangerous species cannot be contradicted at all,,,
2,DEADLY,Clitocybe rivulosa,clitocybe-rivulosa,Hygrocybe coccinea,hygrocybe-coccinea,cap_colour,no,yes,one-way: dangerous species cannot be contradicted at all,,,
2,DEADLY,Clitocybe rivulosa,clitocybe-rivulosa,Hygrocybe coccinea,hygrocybe-coccinea,gill_texture,no,yes,one-way: dangerous species cannot be contradicted at all,,,
2,DEADLY,Clitocybe rivulosa,clitocybe-rivulosa,Hygrocybe coccinea,hygrocybe-coccinea,substrate,no,yes,one-way: dangerous species cannot be contradicted at all,,,
2,DEADLY,Clitocybe rivulosa,clitocybe-rivulosa,Hygrocybe insipida,hygrocybe-insipida,cap_colour,no,yes,one-way: dangerous species cannot be contradicted at all,,,
2,DEADLY,Clitocybe rivulosa,clitocybe-rivulosa,Hygrocybe insipida,hygrocybe-insipida,gill_texture,no,yes,one-way: dangerous species cannot be contradicted at all,,,
2,DEADLY,Clitocybe rivulosa,clitocybe-rivulosa,Hygrocybe insipida,hygrocybe-insipida,size,no,yes,one-way: dangerous species cannot be contradicted at all,,,
2,DEADLY,Clitocybe rivulosa,clitocybe-rivulosa,Hygrocybe insipida,hygrocybe-insipida,substrate,no,yes,one-way: dangerous species cannot be contradicted at all,,,
2,DEADLY,Clitocybe rivulosa,clitocybe-rivulosa,Hygrocybe punicea,hygrocybe-punicea,cap_colour,no,yes,one-way: dangerous species cannot be contradicted at all,,,
2,DEADLY,Clitocybe rivulosa,clitocybe-rivulosa,Hygrocybe punicea,hygrocybe-punicea,gill_texture,no,yes,one-way: dangerous species cannot be contradicted at all,,,
2,DEADLY,Clitocybe rivulosa,clitocybe-rivulosa,Hygrocybe punicea,hygrocybe-punicea,size,no,yes,one-way: dangerous species cannot be contradicted at all,,,
2,DEADLY,Clitocybe rivulosa,clitocybe-rivulosa,Hygrocybe punicea,hygrocybe-punicea,stipe_surface,no,yes,one-way: dangerous species cannot be contradicted at all,,,
2,DEADLY,Clitocybe rivulosa,clitocybe-rivulosa,Hygrocybe punicea,hygrocybe-punicea,substrate,no,yes,one-way: dangerous species cannot be contradicted at all,,,
2,DEADLY,Clitocybe rivulosa,clitocybe-rivulosa,Hygrocybe quieta,hygrocybe-quieta,cap_colour,no,yes,one-way: dangerous species cannot be contradicted at all,,,
2,DEADLY,Clitocybe rivulosa,clitocybe-rivulosa,Hygrocybe quieta,hygrocybe-quieta,gill_texture,no,yes,one-way: dangerous species cannot be contradicted at all,,,
2,DEADLY,Clitocybe rivulosa,clitocybe-rivulosa,Hygrocybe quieta,hygrocybe-quieta,smell,no,yes,one-way: dangerous species cannot be contradicted at all,,,
2,DEADLY,Clitocybe rivulosa,clitocybe-rivulosa,Hygrocybe quieta,hygrocybe-quieta,substrate,no,yes,one-way: dangerous species cannot be contradicted at all,,,
2,DEADLY,Clitocybe rivulosa,clitocybe-rivulosa,Hygrocybe reidii,hygrocybe-reidii,cap_colour,no,yes,one-way: dangerous species cannot be contradicted at all,,,
2,DEADLY,Clitocybe rivulosa,clitocybe-rivulosa,Hygrocybe reidii,hygrocybe-reidii,gill_texture,no,yes,one-way: dangerous species cannot be contradicted at all,,,
2,DEADLY,Clitocybe rivulosa,clitocybe-rivulosa,Hygrocybe reidii,hygrocybe-reidii,smell,no,yes,one-way: dangerous species cannot be contradicted at all,,,
2,DEADLY,Clitocybe rivulosa,clitocybe-rivulosa,Hygrocybe reidii,hygrocybe-reidii,substrate,no,yes,one-way: dangerous species cannot be contradicted at all,,,
2,DEADLY,Clitocybe rivulosa,clitocybe-rivulosa,Infundibulicybe geotropa,infundibulicybe-geotropa,cap_colour,no,yes,one-way: dangerous species cannot be contradicted at all,,,
2,DEADLY,Clitocybe rivulosa,clitocybe-rivulosa,Infundibulicybe geotropa,infundibulicybe-geotropa,cap_shape,no,yes,one-way: dangerous species cannot be contradicted at all,,,
2,DEADLY,Clitocybe rivulosa,clitocybe-rivulosa,Infundibulicybe geotropa,infundibulicybe-geotropa,growth_form,no,yes,one-way: dangerous species cannot be contradicted at all,,,
2,DEADLY,Clitocybe rivulosa,clitocybe-rivulosa,Infundibulicybe geotropa,infundibulicybe-geotropa,size,no,yes,one-way: dangerous species cannot be contradicted at all,,,
2,DEADLY,Clitocybe rivulosa,clitocybe-rivulosa,Infundibulicybe gibba,infundibulicybe-gibba,cap_colour,no,yes,one-way: dangerous species cannot be contradicted at all,,,
2,DEADLY,Clitocybe rivulosa,clitocybe-rivulosa,Infundibulicybe gibba,infundibulicybe-gibba,cap_shape,no,yes,one-way: dangerous species cannot be contradicted at all,,,
2,DEADLY,Clitocybe rivulosa,clitocybe-rivulosa,Infundibulicybe gibba,infundibulicybe-gibba,substrate,no,yes,one-way: dangerous species cannot be contradicted at all,,,
2,DEADLY,Clitocybe rivulosa,clitocybe-rivulosa,Inocybe geophylla,inocybe-geophylla,cap_colour,no,yes,one-way: dangerous species cannot be contradicted at all,,,
2,DEADLY,Clitocybe rivulosa,clitocybe-rivulosa,Inocybe geophylla,inocybe-geophylla,cap_shape,no,yes,one-way: dangerous species cannot be contradicted at all,,,
2,DEADLY,Clitocybe rivulosa,clitocybe-rivulosa,Inocybe geophylla,inocybe-geophylla,gill_colour,no,yes,one-way: dangerous species cannot be contradicted at all,,,
2,DEADLY,Clitocybe rivulosa,clitocybe-rivulosa,Inocybe geophylla,inocybe-geophylla,smell,no,yes,one-way: dangerous species cannot be contradicted at all,,,
2,DEADLY,Clitocybe rivulosa,clitocybe-rivulosa,Marasmius oreades,marasmius-oreades,stipe_texture,no,yes,one-way: dangerous species cannot be contradicted at all,,,
2,DEADLY,Clitocybe rivulosa,clitocybe-rivulosa,Paralepista flaccida,paralepista-flaccida,cap_colour,no,yes,one-way: dangerous species cannot be contradicted at all,,,
2,DEADLY,Clitocybe rivulosa,clitocybe-rivulosa,Paralepista flaccida,paralepista-flaccida,cap_shape,no,yes,one-way: dangerous species cannot be contradicted at all,,,
2,DEADLY,Clitocybe rivulosa,clitocybe-rivulosa,Paralepista flaccida,paralepista-flaccida,growth_form,no,yes,one-way: dangerous species cannot be contradicted at all,,,
2,DEADLY,Clitocybe rivulosa,clitocybe-rivulosa,Paralepista flaccida,paralepista-flaccida,substrate,no,yes,one-way: dangerous species cannot be contradicted at all,,,
2,DEADLY,Clitocybe rivulosa,clitocybe-rivulosa,Paxillus involutus,paxillus-involutus,bruising_reaction,no,yes,one-way: dangerous species cannot be contradicted at all,,,
2,DEADLY,Clitocybe rivulosa,clitocybe-rivulosa,Paxillus involutus,paxillus-involutus,cap_margin,no,yes,one-way: dangerous species cannot be contradicted at all,,,
2,DEADLY,Cortinarius orellanus,cortinarius-orellanus,Cantharellus cibarius,cantharellus-cibarius,flesh_colour,no,yes,one-way: dangerous species cannot be contradicted at all,,,
2,DEADLY,Cortinarius orellanus,cortinarius-orellanus,Cantharellus cibarius,cantharellus-cibarius,smell,no,yes,one-way: dangerous species cannot be contradicted at all,,,
2,DEADLY,Cortinarius orellanus,cortinarius-orellanus,Cortinarius anomalus,cortinarius-anomalus,gill_colour,no,yes,one-way: dangerous species cannot be contradicted at all,,,
2,DEADLY,Cortinarius rubellus,cortinarius-rubellus,Armillaria mellea,armillaria-mellea,cap_surface,no,yes,one-way: dangerous species cannot be contradicted at all,,,
2,DEADLY,Cortinarius rubellus,cortinarius-rubellus,Armillaria mellea,armillaria-mellea,ring,no,yes,one-way: dangerous species cannot be contradicted at all,,,
2,DEADLY,Cortinarius rubellus,cortinarius-rubellus,Armillaria mellea,armillaria-mellea,substrate,no,yes,one-way: dangerous species cannot be contradicted at all,,,
2,DEADLY,Cortinarius rubellus,cortinarius-rubellus,Cantharellus cibarius,cantharellus-cibarius,flesh_colour,no,yes,one-way: dangerous species cannot be contradicted at all,,,
2,DEADLY,Cortinarius rubellus,cortinarius-rubellus,Cantharellus cibarius,cantharellus-cibarius,smell,no,yes,one-way: dangerous species cannot be contradicted at all,,,
2,DEADLY,Cortinarius rubellus,cortinarius-rubellus,Cortinarius anomalus,cortinarius-anomalus,cap_colour,no,yes,one-way: dangerous species cannot be contradicted at all,,,
2,DEADLY,Cortinarius rubellus,cortinarius-rubellus,Cortinarius anomalus,cortinarius-anomalus,gill_colour,no,yes,one-way: dangerous species cannot be contradicted at all,,,
2,DEADLY,Cortinarius rubellus,cortinarius-rubellus,Cortinarius orellanus,cortinarius-orellanus,cap_colour,no,yes,one-way: dangerous species cannot be contradicted at all,,,
2,DEADLY,Cortinarius rubellus,cortinarius-rubellus,Lactarius deliciosus,lactarius-deliciosus,bruising_reaction,no,yes,one-way: dangerous species cannot be contradicted at all,,,
2,DEADLY,Cortinarius rubellus,cortinarius-rubellus,Lactarius deliciosus,lactarius-deliciosus,cap_surface,no,yes,one-way: dangerous species cannot be contradicted at all,,,
2,DEADLY,Cortinarius rubellus,cortinarius-rubellus,Lactarius deliciosus,lactarius-deliciosus,latex_colour,no,yes,one-way: dangerous species cannot be contradicted at all,,,
2,DEADLY,Galerina marginata,galerina-marginata,Armillaria mellea,armillaria-mellea,cap_surface,no,yes,one-way: dangerous species cannot be contradicted at all,,,
2,DEADLY,Galerina marginata,galerina-marginata,Coprinellus disseminatus,coprinellus-disseminatus,cap_colour,no,yes,one-way: dangerous species cannot be contradicted at all,,,
2,DEADLY,Galerina marginata,galerina-marginata,Coprinellus disseminatus,coprinellus-disseminatus,growth_form,no,yes,one-way: dangerous species cannot be contradicted at all,,,
2,DEADLY,Galerina marginata,galerina-marginata,Coprinellus disseminatus,coprinellus-disseminatus,size,no,yes,one-way: dangerous species cannot be contradicted at all,,,
2,DEADLY,Galerina marginata,galerina-marginata,Coprinellus disseminatus,coprinellus-disseminatus,texture,no,yes,one-way: dangerous species cannot be contradicted at all,,,
2,DEADLY,Galerina marginata,galerina-marginata,Coprinellus micaceus,coprinellus-micaceus,cap_surface,no,yes,one-way: dangerous species cannot be contradicted at all,,,
2,DEADLY,Galerina marginata,galerina-marginata,Coprinellus micaceus,coprinellus-micaceus,deliquescence,no,yes,one-way: dangerous species cannot be contradicted at all,,,
2,DEADLY,Galerina marginata,galerina-marginata,Coprinellus micaceus,coprinellus-micaceus,growth_form,no,yes,one-way: dangerous species cannot be contradicted at all,,,
2,DEADLY,Galerina marginata,galerina-marginata,Flammulina velutipes,flammulina-velutipes,cap_colour,no,yes,one-way: dangerous species cannot be contradicted at all,,,
2,DEADLY,Galerina marginata,galerina-marginata,Flammulina velutipes,flammulina-velutipes,cap_surface,no,yes,one-way: dangerous species cannot be contradicted at all,,,
2,DEADLY,Galerina marginata,galerina-marginata,Flammulina velutipes,flammulina-velutipes,growth_form,no,yes,one-way: dangerous species cannot be contradicted at all,,,
2,DEADLY,Galerina marginata,galerina-marginata,Flammulina velutipes,flammulina-velutipes,season,no,yes,one-way: dangerous species cannot be contradicted at all,,,
2,DEADLY,Galerina marginata,galerina-marginata,Galerina hypnorum,galerina-hypnorum,growth_form,no,yes,one-way: dangerous species cannot be contradicted at all,,,
2,DEADLY,Galerina marginata,galerina-marginata,Galerina hypnorum,galerina-hypnorum,size,no,yes,one-way: dangerous species cannot be contradicted at all,,,
2,DEADLY,Galerina marginata,galerina-marginata,Gymnopilus penetrans,gymnopilus-penetrans,cap_colour,no,yes,one-way: dangerous species cannot be contradicted at all,,,
2,DEADLY,Galerina marginata,galerina-marginata,Gymnopilus penetrans,gymnopilus-penetrans,growth_form,no,yes,one-way: dangerous species cannot be contradicted at all,,,
2,DEADLY,Galerina marginata,galerina-marginata,Gymnopilus penetrans,gymnopilus-penetrans,taste,no,yes,one-way: dangerous species cannot be contradicted at all,,,
2,DEADLY,Galerina marginata,galerina-marginata,Gymnopus dryophilus,gymnopus-dryophilus,cap_colour,no,yes,one-way: dangerous species cannot be contradicted at all,,,
2,DEADLY,Galerina marginata,galerina-marginata,Gymnopus dryophilus,gymnopus-dryophilus,gill_spacing,no,yes,one-way: dangerous species cannot be contradicted at all,,,
2,DEADLY,Galerina marginata,galerina-marginata,Gymnopus dryophilus,gymnopus-dryophilus,stipe_texture,no,yes,one-way: dangerous species cannot be contradicted at all,,,
2,DEADLY,Galerina marginata,galerina-marginata,Hypholoma fasciculare,hypholoma-fasciculare,gill_colour,no,yes,one-way: dangerous species cannot be contradicted at all,,,
2,DEADLY,Galerina marginata,galerina-marginata,Hypholoma fasciculare,hypholoma-fasciculare,taste,no,yes,one-way: dangerous species cannot be contradicted at all,,,
2,DEADLY,Galerina marginata,galerina-marginata,Kuehneromyces mutabilis,kuehneromyces-mutabilis,cap_surface,no,yes,one-way: dangerous species cannot be contradicted at all,,,
2,DEADLY,Galerina marginata,galerina-marginata,Mycena arcangeliana,mycena-arcangeliana,cap_colour,no,yes,one-way: dangerous species cannot be contradicted at all,,,
2,DEADLY,Galerina marginata,galerina-marginata,Mycena arcangeliana,mycena-arcangeliana,smell,no,yes,one-way: dangerous species cannot be contradicted at all,,,
2,DEADLY,Galerina marginata,galerina-marginata,Mycena epipterygia,mycena-epipterygia,cap_colour,no,yes,one-way: dangerous species cannot be contradicted at all,,,
2,DEADLY,Galerina marginata,galerina-marginata,Mycena epipterygia,mycena-epipterygia,cap_surface,no,yes,one-way: dangerous species cannot be contradicted at all,,,
2,DEADLY,Galerina marginata,galerina-marginata,Mycena filopes,mycena-filopes,cap_colour,no,yes,one-way: dangerous species cannot be contradicted at all,,,
2,DEADLY,Galerina marginata,galerina-marginata,Mycena filopes,mycena-filopes,size,no,yes,one-way: dangerous species cannot be contradicted at all,,,
2,DEADLY,Galerina marginata,galerina-marginata,Mycena filopes,mycena-filopes,smell,no,yes,one-way: dangerous species cannot be contradicted at all,,,
2,DEADLY,Galerina marginata,galerina-marginata,Mycena galericulata,mycena-galericulata,cap_colour,no,yes,one-way: dangerous species cannot be contradicted at all,,,
2,DEADLY,Galerina marginata,galerina-marginata,Mycena galericulata,mycena-galericulata,cap_shape,no,yes,one-way: dangerous species cannot be contradicted at all,,,
2,DEADLY,Galerina marginata,galerina-marginata,Mycena galericulata,mycena-galericulata,growth_form,no,yes,one-way: dangerous species cannot be contradicted at all,,,
2,DEADLY,Galerina marginata,galerina-marginata,Mycena galericulata,mycena-galericulata,stipe_texture,no,yes,one-way: dangerous species cannot be contradicted at all,,,
2,DEADLY,Galerina marginata,galerina-marginata,Mycena galopus,mycena-galopus,cap_colour,no,yes,one-way: dangerous species cannot be contradicted at all,,,
2,DEADLY,Galerina marginata,galerina-marginata,Mycena galopus,mycena-galopus,latex_colour,no,yes,one-way: dangerous species cannot be contradicted at all,,,
2,DEADLY,Galerina marginata,galerina-marginata,Mycena galopus,mycena-galopus,size,no,yes,one-way: dangerous species cannot be contradicted at all,,,
2,DEADLY,Galerina marginata,galerina-marginata,Mycena haematopus,mycena-haematopus,cap_colour,no,yes,one-way: dangerous species cannot be contradicted at all,,,
2,DEADLY,Galerina marginata,galerina-marginata,Mycena haematopus,mycena-haematopus,growth_form,no,yes,one-way: dangerous species cannot be contradicted at all,,,
2,DEADLY,Galerina marginata,galerina-marginata,Mycena haematopus,mycena-haematopus,latex_colour,no,yes,one-way: dangerous species cannot be contradicted at all,,,
2,DEADLY,Galerina marginata,galerina-marginata,Mycena inclinata,mycena-inclinata,cap_colour,no,yes,one-way: dangerous species cannot be contradicted at all,,,
2,DEADLY,Galerina marginata,galerina-marginata,Mycena inclinata,mycena-inclinata,growth_form,no,yes,one-way: dangerous species cannot be contradicted at all,,,
2,DEADLY,Galerina marginata,galerina-marginata,Mycena inclinata,mycena-inclinata,habitat,no,yes,one-way: dangerous species cannot be contradicted at all,,,
2,DEADLY,Galerina marginata,galerina-marginata,Mycena inclinata,mycena-inclinata,smell,no,yes,one-way: dangerous species cannot be contradicted at all,,,
2,DEADLY,Galerina marginata,galerina-marginata,Mycena polygramma,mycena-polygramma,cap_colour,no,yes,one-way: dangerous species cannot be contradicted at all,,,
2,DEADLY,Galerina marginata,galerina-marginata,Mycena tenerrima,mycena-tenerrima,cap_colour,no,yes,one-way: dangerous species cannot be contradicted at all,,,
2,DEADLY,Galerina marginata,galerina-marginata,Mycena tenerrima,mycena-tenerrima,cap_surface,no,yes,one-way: dangerous species cannot be contradicted at all,,,
2,DEADLY,Galerina marginata,galerina-marginata,Mycena tenerrima,mycena-tenerrima,size,no,yes,one-way: dangerous species cannot be contradicted at all,,,
2,DEADLY,Galerina marginata,galerina-marginata,Mycena vitilis,mycena-vitilis,cap_colour,no,yes,one-way: dangerous species cannot be contradicted at all,,,
2,DEADLY,Galerina marginata,galerina-marginata,Mycena vitilis,mycena-vitilis,size,no,yes,one-way: dangerous species cannot be contradicted at all,,,
2,DEADLY,Galerina marginata,galerina-marginata,Mycena vitilis,mycena-vitilis,stipe_texture,no,yes,one-way: dangerous species cannot be contradicted at all,,,
2,DEADLY,Galerina marginata,galerina-marginata,Panaeolina foenisecii,panaeolina-foenisecii,cap_colour,no,yes,one-way: dangerous species cannot be contradicted at all,,,
2,DEADLY,Galerina marginata,galerina-marginata,Panaeolina foenisecii,panaeolina-foenisecii,gill_colour,no,yes,one-way: dangerous species cannot be contradicted at all,,,
2,DEADLY,Galerina marginata,galerina-marginata,Panaeolina foenisecii,panaeolina-foenisecii,size,no,yes,one-way: dangerous species cannot be contradicted at all,,,
2,DEADLY,Galerina marginata,galerina-marginata,Phloeomana speirea,phloeomana-speirea,cap_colour,no,yes,one-way: dangerous species cannot be contradicted at all,,,
2,DEADLY,Galerina marginata,galerina-marginata,Phloeomana speirea,phloeomana-speirea,gill_attachment,no,yes,one-way: dangerous species cannot be contradicted at all,,,
2,DEADLY,Galerina marginata,galerina-marginata,Phloeomana speirea,phloeomana-speirea,size,no,yes,one-way: dangerous species cannot be contradicted at all,,,
2,DEADLY,Galerina marginata,galerina-marginata,Pholiota squarrosa,pholiota-squarrosa,cap_surface,no,yes,one-way: dangerous species cannot be contradicted at all,,,
2,DEADLY,Galerina marginata,galerina-marginata,Psathyrella candolleana,psathyrella-candolleana,cap_colour,no,yes,one-way: dangerous species cannot be contradicted at all,,,
2,DEADLY,Galerina marginata,galerina-marginata,Psathyrella candolleana,psathyrella-candolleana,cap_margin,no,yes,one-way: dangerous species cannot be contradicted at all,,,
2,DEADLY,Galerina marginata,galerina-marginata,Psathyrella candolleana,psathyrella-candolleana,growth_form,no,yes,one-way: dangerous species cannot be contradicted at all,,,
2,DEADLY,Galerina marginata,galerina-marginata,Psathyrella candolleana,psathyrella-candolleana,texture,no,yes,one-way: dangerous species cannot be contradicted at all,,,
2,DEADLY,Galerina marginata,galerina-marginata,Psathyrella corrugis,psathyrella-corrugis,cap_colour,no,yes,one-way: dangerous species cannot be contradicted at all,,,
2,DEADLY,Galerina marginata,galerina-marginata,Psathyrella corrugis,psathyrella-corrugis,gill_colour,no,yes,one-way: dangerous species cannot be contradicted at all,,,
2,DEADLY,Galerina marginata,galerina-marginata,Psathyrella corrugis,psathyrella-corrugis,texture,no,yes,one-way: dangerous species cannot be contradicted at all,,,
2,DEADLY,Galerina marginata,galerina-marginata,Psathyrella piluliformis,psathyrella-piluliformis,cap_colour,no,yes,one-way: dangerous species cannot be contradicted at all,,,
2,DEADLY,Galerina marginata,galerina-marginata,Psathyrella piluliformis,psathyrella-piluliformis,growth_form,no,yes,one-way: dangerous species cannot be contradicted at all,,,
2,DEADLY,Galerina marginata,galerina-marginata,Psathyrella piluliformis,psathyrella-piluliformis,texture,no,yes,one-way: dangerous species cannot be contradicted at all,,,
2,DEADLY,Galerina marginata,galerina-marginata,Psilocybe semilanceata,psilocybe-semilanceata,bruising_reaction,no,yes,one-way: dangerous species cannot be contradicted at all,,,
2,DEADLY,Galerina marginata,galerina-marginata,Psilocybe semilanceata,psilocybe-semilanceata,cap_colour,no,yes,one-way: dangerous species cannot be contradicted at all,,,
2,DEADLY,Galerina marginata,galerina-marginata,Psilocybe semilanceata,psilocybe-semilanceata,cap_shape,no,yes,one-way: dangerous species cannot be contradicted at all,,,
2,DEADLY,Galerina marginata,galerina-marginata,Psilocybe semilanceata,psilocybe-semilanceata,cap_surface,no,yes,one-way: dangerous species cannot be contradicted at all,,,
2,DEADLY,Galerina marginata,galerina-marginata,Tubaria furfuracea,tubaria-furfuracea,cap_colour,no,yes,one-way: dangerous species cannot be contradicted at all,,,
2,DEADLY,Galerina marginata,galerina-marginata,Tubaria furfuracea,tubaria-furfuracea,cap_margin,no,yes,one-way: dangerous species cannot be contradicted at all,,,
2,DEADLY,Galerina marginata,galerina-marginata,Tubaria furfuracea,tubaria-furfuracea,gill_attachment,no,yes,one-way: dangerous species cannot be contradicted at all,,,
2,DEADLY,Gyromitra esculenta,gyromitra-esculenta,Helvella crispa,helvella-crispa,cap_colour,no,yes,one-way: dangerous species cannot be contradicted at all,,,
2,DEADLY,Gyromitra esculenta,gyromitra-esculenta,Helvella crispa,helvella-crispa,cap_shape,no,yes,one-way: dangerous species cannot be contradicted at all,,,
2,DEADLY,Gyromitra esculenta,gyromitra-esculenta,Helvella crispa,helvella-crispa,stipe_surface,no,yes,one-way: dangerous species cannot be contradicted at all,,,
2,DEADLY,Gyromitra esculenta,gyromitra-esculenta,Helvella crispa,helvella-crispa,substrate,no,yes,one-way: dangerous species cannot be contradicted at all,,,
2,DEADLY,Gyromitra esculenta,gyromitra-esculenta,Verpa bohemica,verpa-bohemica,cap_attachment,no,yes,one-way: dangerous species cannot be contradicted at all,,,
2,DEADLY,Inocybe erubescens,inocybe-erubescens,Agaricus campestris,agaricus-campestris,gill_colour,no,yes,one-way: dangerous species cannot be contradicted at all,,,
2,DEADLY,Inocybe erubescens,inocybe-erubescens,Agaricus campestris,agaricus-campestris,volva,no,yes,one-way: dangerous species cannot be contradicted at all,,,
2,DEADLY,Inocybe erubescens,inocybe-erubescens,Calocybe gambosa,calocybe-gambosa,gill_attachment,no,yes,one-way: dangerous species cannot be contradicted at all,,,
2,DEADLY,Inocybe erubescens,inocybe-erubescens,Calocybe gambosa,calocybe-gambosa,season,no,yes,one-way: dangerous species cannot be contradicted at all,,,
2,DEADLY,Inocybe erubescens,inocybe-erubescens,Inocybe geophylla,inocybe-geophylla,cap_colour,no,yes,one-way: dangerous species cannot be contradicted at all,,,
2,DEADLY,Inocybe erubescens,inocybe-erubescens,Inocybe geophylla,inocybe-geophylla,cap_shape,no,yes,one-way: dangerous species cannot be contradicted at all,,,
2,DEADLY,Inocybe erubescens,inocybe-erubescens,Inocybe geophylla,inocybe-geophylla,gill_colour,no,yes,one-way: dangerous species cannot be contradicted at all,,,
2,DEADLY,Inocybe erubescens,inocybe-erubescens,Pseudosperma rimosum,pseudosperma-rimosum,cap_colour,no,yes,one-way: dangerous species cannot be contradicted at all,,,
2,DEADLY,Inocybe erubescens,inocybe-erubescens,Pseudosperma rimosum,pseudosperma-rimosum,cap_shape,no,yes,one-way: dangerous species cannot be contradicted at all,,,
2,DEADLY,Inocybe erubescens,inocybe-erubescens,Pseudosperma rimosum,pseudosperma-rimosum,gill_colour,no,yes,one-way: dangerous species cannot be contradicted at all,,,
2,DEADLY,Lepiota brunneoincarnata,lepiota-brunneoincarnata,Agaricus campestris,agaricus-campestris,bruising_reaction,no,yes,one-way: dangerous species cannot be contradicted at all,,,
2,DEADLY,Lepiota brunneoincarnata,lepiota-brunneoincarnata,Agaricus campestris,agaricus-campestris,gill_colour,no,yes,one-way: dangerous species cannot be contradicted at all,,,
2,DEADLY,Lepiota brunneoincarnata,lepiota-brunneoincarnata,Agaricus campestris,agaricus-campestris,volva,no,yes,one-way: dangerous species cannot be contradicted at all,,,
2,DEADLY,Lepiota brunneoincarnata,lepiota-brunneoincarnata,Chlorophyllum rhacodes,chlorophyllum-rhacodes,bruising_reaction,no,yes,one-way: dangerous species cannot be contradicted at all,,,
2,DEADLY,Lepiota brunneoincarnata,lepiota-brunneoincarnata,Chlorophyllum rhacodes,chlorophyllum-rhacodes,cap_colour,no,yes,one-way: dangerous species cannot be contradicted at all,,,
2,DEADLY,Lepiota brunneoincarnata,lepiota-brunneoincarnata,Chlorophyllum rhacodes,chlorophyllum-rhacodes,stipe_base,no,yes,one-way: dangerous species cannot be contradicted at all,,,
2,DEADLY,Lepiota brunneoincarnata,lepiota-brunneoincarnata,Chlorophyllum rhacodes,chlorophyllum-rhacodes,volva,no,yes,one-way: dangerous species cannot be contradicted at all,,,
2,DEADLY,Lepiota brunneoincarnata,lepiota-brunneoincarnata,Cystoderma amianthinum,cystoderma-amianthinum,cap_colour,no,yes,one-way: dangerous species cannot be contradicted at all,,,
2,DEADLY,Lepiota brunneoincarnata,lepiota-brunneoincarnata,Cystoderma amianthinum,cystoderma-amianthinum,smell,no,yes,one-way: dangerous species cannot be contradicted at all,,,
2,DEADLY,Lepiota brunneoincarnata,lepiota-brunneoincarnata,Cystoderma amianthinum,cystoderma-amianthinum,substrate,no,yes,one-way: dangerous species cannot be contradicted at all,,,
2,DEADLY,Lepiota brunneoincarnata,lepiota-brunneoincarnata,Lepiota cristata,lepiota-cristata,smell,no,yes,one-way: dangerous species cannot be contradicted at all,,,
2,DEADLY,Lepiota brunneoincarnata,lepiota-brunneoincarnata,Macrolepiota procera,macrolepiota-procera,bruising_reaction,no,yes,one-way: dangerous species cannot be contradicted at all,,,
2,DEADLY,Lepiota brunneoincarnata,lepiota-brunneoincarnata,Macrolepiota procera,macrolepiota-procera,stipe_surface,no,yes,one-way: dangerous species cannot be contradicted at all,,,
2,DEADLY,Lepiota brunneoincarnata,lepiota-brunneoincarnata,Marasmius oreades,marasmius-oreades,gill_attachment,no,yes,one-way: dangerous species cannot be contradicted at all,,,
2,DEADLY,Lepiota brunneoincarnata,lepiota-brunneoincarnata,Marasmius oreades,marasmius-oreades,gill_spacing,no,yes,one-way: dangerous species cannot be contradicted at all,,,
2,DEADLY,Lepiota brunneoincarnata,lepiota-brunneoincarnata,Marasmius oreades,marasmius-oreades,stipe_texture,no,yes,one-way: dangerous species cannot be contradicted at all,,,
2,DEADLY,Lepiota subincarnata,lepiota-subincarnata,Agaricus campestris,agaricus-campestris,bruising_reaction,no,yes,one-way: dangerous species cannot be contradicted at all,,,
2,DEADLY,Lepiota subincarnata,lepiota-subincarnata,Agaricus campestris,agaricus-campestris,gill_colour,no,yes,one-way: dangerous species cannot be contradicted at all,,,
2,DEADLY,Lepiota subincarnata,lepiota-subincarnata,Agaricus campestris,agaricus-campestris,volva,no,yes,one-way: dangerous species cannot be contradicted at all,,,
2,DEADLY,Lepiota subincarnata,lepiota-subincarnata,Lepiota cristata,lepiota-cristata,smell,no,yes,one-way: dangerous species cannot be contradicted at all,,,
2,DEADLY,Lepiota subincarnata,lepiota-subincarnata,Marasmius oreades,marasmius-oreades,gill_attachment,no,yes,one-way: dangerous species cannot be contradicted at all,,,
2,DEADLY,Lepiota subincarnata,lepiota-subincarnata,Marasmius oreades,marasmius-oreades,gill_spacing,no,yes,one-way: dangerous species cannot be contradicted at all,,,
2,DEADLY,Lepiota subincarnata,lepiota-subincarnata,Marasmius oreades,marasmius-oreades,stipe_texture,no,yes,one-way: dangerous species cannot be contradicted at all,,,
2,SERIOUS,Entoloma rhodopolium,entoloma-rhodopolium,Clitocybe nebularis,clitocybe-nebularis,gill_attachment,no,yes,one-way: dangerous species cannot be contradicted at all,,,
2,SERIOUS,Entoloma rhodopolium,entoloma-rhodopolium,Clitocybe nebularis,clitocybe-nebularis,growth_form,no,yes,one-way: dangerous species cannot be contradicted at all,,,
2,SERIOUS,Entoloma rhodopolium,entoloma-rhodopolium,Clitopilus prunulus,clitopilus-prunulus,cap_surface,no,yes,one-way: dangerous species cannot be contradicted at all,,,
2,SERIOUS,Entoloma rhodopolium,entoloma-rhodopolium,Clitopilus prunulus,clitopilus-prunulus,gill_attachment,no,yes,one-way: dangerous species cannot be contradicted at all,,,
2,SERIOUS,Entoloma rhodopolium,entoloma-rhodopolium,Entoloma sericeum,entoloma-sericeum,substrate,no,yes,one-way: dangerous species cannot be contradicted at all,,,
2,SERIOUS,Entoloma rhodopolium,entoloma-rhodopolium,Entoloma sinuatum,entoloma-sinuatum,gill_attachment,no,yes,one-way: dangerous species cannot be contradicted at all,,,
2,SERIOUS,Entoloma sinuatum,entoloma-sinuatum,Agaricus arvensis,agaricus-arvensis,ring,no,yes,one-way: dangerous species cannot be contradicted at all,,,
2,SERIOUS,Entoloma sinuatum,entoloma-sinuatum,Agaricus arvensis,agaricus-arvensis,volva,no,yes,one-way: dangerous species cannot be contradicted at all,,,
2,SERIOUS,Entoloma sinuatum,entoloma-sinuatum,Calocybe gambosa,calocybe-gambosa,season,no,yes,one-way: dangerous species cannot be contradicted at all,,,
2,SERIOUS,Entoloma sinuatum,entoloma-sinuatum,Clitocybe nebularis,clitocybe-nebularis,cap_colour,no,yes,one-way: dangerous species cannot be contradicted at all,,,
2,SERIOUS,Entoloma sinuatum,entoloma-sinuatum,Clitocybe nebularis,clitocybe-nebularis,growth_form,no,yes,one-way: dangerous species cannot be contradicted at all,,,
2,SERIOUS,Entoloma sinuatum,entoloma-sinuatum,Clitopilus prunulus,clitopilus-prunulus,cap_surface,no,yes,one-way: dangerous species cannot be contradicted at all,,,
2,SERIOUS,Entoloma sinuatum,entoloma-sinuatum,Entoloma conferendum,entoloma-conferendum,cap_colour,no,yes,one-way: dangerous species cannot be contradicted at all,,,
2,SERIOUS,Entoloma sinuatum,entoloma-sinuatum,Entoloma conferendum,entoloma-conferendum,cap_shape,no,yes,one-way: dangerous species cannot be contradicted at all,,,
2,SERIOUS,Entoloma sinuatum,entoloma-sinuatum,Entoloma conferendum,entoloma-conferendum,substrate,no,yes,one-way: dangerous species cannot be contradicted at all,,,
2,SERIOUS,Entoloma sinuatum,entoloma-sinuatum,Entoloma rhodopolium,entoloma-rhodopolium,cap_colour,no,yes,one-way: dangerous species cannot be contradicted at all,,,
2,SERIOUS,Entoloma sinuatum,entoloma-sinuatum,Entoloma rhodopolium,entoloma-rhodopolium,habitat,no,yes,one-way: dangerous species cannot be contradicted at all,,,
2,SERIOUS,Entoloma sinuatum,entoloma-sinuatum,Entoloma sericellum,entoloma-sericellum,cap_colour,no,yes,one-way: dangerous species cannot be contradicted at all,,,
2,SERIOUS,Entoloma sinuatum,entoloma-sinuatum,Entoloma sericellum,entoloma-sericellum,size,no,yes,one-way: dangerous species cannot be contradicted at all,,,
2,SERIOUS,Entoloma sinuatum,entoloma-sinuatum,Entoloma sericellum,entoloma-sericellum,substrate,no,yes,one-way: dangerous species cannot be contradicted at all,,,
2,SERIOUS,Entoloma sinuatum,entoloma-sinuatum,Entoloma sericeum,entoloma-sericeum,cap_colour,no,yes,one-way: dangerous species cannot be contradicted at all,,,
2,SERIOUS,Entoloma sinuatum,entoloma-sinuatum,Entoloma sericeum,entoloma-sericeum,substrate,no,yes,one-way: dangerous species cannot be contradicted at all,,,
2,SERIOUS,Entoloma sinuatum,entoloma-sinuatum,Hebeloma crustuliniforme,hebeloma-crustuliniforme,cap_colour,no,yes,one-way: dangerous species cannot be contradicted at all,,,
2,SERIOUS,Entoloma sinuatum,entoloma-sinuatum,Hebeloma crustuliniforme,hebeloma-crustuliniforme,cap_surface,no,yes,one-way: dangerous species cannot be contradicted at all,,,
2,SERIOUS,Entoloma sinuatum,entoloma-sinuatum,Hebeloma crustuliniforme,hebeloma-crustuliniforme,substrate,no,yes,one-way: dangerous species cannot be contradicted at all,,,
2,SERIOUS,Entoloma sinuatum,entoloma-sinuatum,Lepista nuda,lepista-nuda,cortina,no,yes,one-way: dangerous species cannot be contradicted at all,,,
2,SERIOUS,Entoloma sinuatum,entoloma-sinuatum,Pluteus cervinus,pluteus-cervinus,substrate,no,yes,one-way: dangerous species cannot be contradicted at all,,,
2,SERIOUS,Entoloma sinuatum,entoloma-sinuatum,Pluteus cervinus,pluteus-cervinus,volva,no,yes,one-way: dangerous species cannot be contradicted at all,,,
2,SERIOUS,Entoloma sinuatum,entoloma-sinuatum,Pluteus salicinus,pluteus-salicinus,bruising_reaction,no,yes,one-way: dangerous species cannot be contradicted at all,,,
2,SERIOUS,Entoloma sinuatum,entoloma-sinuatum,Pluteus salicinus,pluteus-salicinus,cap_colour,no,yes,one-way: dangerous species cannot be contradicted at all,,,
2,SERIOUS,Entoloma sinuatum,entoloma-sinuatum,Pluteus salicinus,pluteus-salicinus,substrate,no,yes,one-way: dangerous species cannot be contradicted at all,,,
2,SERIOUS,Entoloma sinuatum,entoloma-sinuatum,Pluteus salicinus,pluteus-salicinus,volva,no,yes,one-way: dangerous species cannot be contradicted at all,,,
2,SERIOUS,Inocybe geophylla,inocybe-geophylla,Amanita virosa,amanita-virosa,ring,no,yes,one-way: dangerous species cannot be contradicted at all,,,
2,SERIOUS,Inocybe geophylla,inocybe-geophylla,Amanita virosa,amanita-virosa,volva,no,yes,one-way: dangerous species cannot be contradicted at all,,,
2,SERIOUS,Inocybe geophylla,inocybe-geophylla,Clitocybe rivulosa,clitocybe-rivulosa,gill_attachment,no,yes,one-way: dangerous species cannot be contradicted at all,,,
2,SERIOUS,Inocybe geophylla,inocybe-geophylla,Clitocybe rivulosa,clitocybe-rivulosa,gill_spacing,no,yes,one-way: dangerous species cannot be contradicted at all,,,
2,SERIOUS,Inocybe geophylla,inocybe-geophylla,Clitocybe rivulosa,clitocybe-rivulosa,habitat,no,yes,one-way: dangerous species cannot be contradicted at all,,,
2,SERIOUS,Inocybe geophylla,inocybe-geophylla,Hebeloma crustuliniforme,hebeloma-crustuliniforme,substrate,no,yes,one-way: dangerous species cannot be contradicted at all,,,
2,SERIOUS,Inocybe geophylla,inocybe-geophylla,Inocybe erubescens,inocybe-erubescens,bruising_reaction,no,yes,one-way: dangerous species cannot be contradicted at all,,,
2,SERIOUS,Inocybe geophylla,inocybe-geophylla,Laccaria amethystina,laccaria-amethystina,gill_spacing,no,yes,one-way: dangerous species cannot be contradicted at all,,,
2,SERIOUS,Inocybe geophylla,inocybe-geophylla,Laccaria laccata,laccaria-laccata,gill_attachment,no,yes,one-way: dangerous species cannot be contradicted at all,,,
2,SERIOUS,Inocybe geophylla,inocybe-geophylla,Laccaria laccata,laccaria-laccata,gill_spacing,no,yes,one-way: dangerous species cannot be contradicted at all,,,
2,SERIOUS,Inocybe geophylla,inocybe-geophylla,Marasmius oreades,marasmius-oreades,gill_attachment,no,yes,one-way: dangerous species cannot be contradicted at all,,,
2,SERIOUS,Inocybe geophylla,inocybe-geophylla,Marasmius oreades,marasmius-oreades,gill_spacing,no,yes,one-way: dangerous species cannot be contradicted at all,,,
2,SERIOUS,Inocybe geophylla,inocybe-geophylla,Marasmius oreades,marasmius-oreades,stipe_texture,no,yes,one-way: dangerous species cannot be contradicted at all,,,
2,SERIOUS,Inocybe geophylla,inocybe-geophylla,Mycena pura,mycena-pura,gill_attachment,no,yes,one-way: dangerous species cannot be contradicted at all,,,
2,SERIOUS,Inocybe geophylla,inocybe-geophylla,Mycena pura,mycena-pura,substrate,no,yes,one-way: dangerous species cannot be contradicted at all,,,
2,SERIOUS,Paxillus involutus,paxillus-involutus,Clitocybe rivulosa,clitocybe-rivulosa,cap_surface,no,yes,one-way: dangerous species cannot be contradicted at all,,,
2,SERIOUS,Paxillus involutus,paxillus-involutus,Clitocybe rivulosa,clitocybe-rivulosa,gill_spacing,no,yes,one-way: dangerous species cannot be contradicted at all,,,
2,SERIOUS,Paxillus involutus,paxillus-involutus,Clitocybe rivulosa,clitocybe-rivulosa,habitat,no,yes,one-way: dangerous species cannot be contradicted at all,,,
2,SERIOUS,Paxillus involutus,paxillus-involutus,Lactarius deliciosus,lactarius-deliciosus,cap_surface,no,yes,one-way: dangerous species cannot be contradicted at all,,,
2,SERIOUS,Paxillus involutus,paxillus-involutus,Lactarius deliciosus,lactarius-deliciosus,latex_colour,no,yes,one-way: dangerous species cannot be contradicted at all,,,
2,SERIOUS,Pleurocybella porrigens,pleurocybella-porrigens,Crepidotus mollis,crepidotus-mollis,size,no,yes,one-way: dangerous species cannot be contradicted at all,,,
2,SERIOUS,Pleurocybella porrigens,pleurocybella-porrigens,Pleurotus ostreatus,pleurotus-ostreatus,gill_attachment,no,yes,one-way: dangerous species cannot be contradicted at all,,,
2,SERIOUS,Pseudosperma rimosum,pseudosperma-rimosum,Agaricus campestris,agaricus-campestris,bruising_reaction,no,yes,one-way: dangerous species cannot be contradicted at all,,,
2,SERIOUS,Pseudosperma rimosum,pseudosperma-rimosum,Agaricus campestris,agaricus-campestris,volva,no,yes,one-way: dangerous species cannot be contradicted at all,,,
2,SERIOUS,Pseudosperma rimosum,pseudosperma-rimosum,Hebeloma crustuliniforme,hebeloma-crustuliniforme,substrate,no,yes,one-way: dangerous species cannot be contradicted at all,,,
2,SERIOUS,Pseudosperma rimosum,pseudosperma-rimosum,Inocybe erubescens,inocybe-erubescens,bruising_reaction,no,yes,one-way: dangerous species cannot be contradicted at all,,,
2,SERIOUS,Pseudosperma rimosum,pseudosperma-rimosum,Marasmius oreades,marasmius-oreades,gill_attachment,no,yes,one-way: dangerous species cannot be contradicted at all,,,
2,SERIOUS,Pseudosperma rimosum,pseudosperma-rimosum,Marasmius oreades,marasmius-oreades,gill_spacing,no,yes,one-way: dangerous species cannot be contradicted at all,,,
2,SERIOUS,Pseudosperma rimosum,pseudosperma-rimosum,Marasmius oreades,marasmius-oreades,stipe_texture,no,yes,one-way: dangerous species cannot be contradicted at all,,,
2,SERIOUS,Rubroboletus satanas,rubroboletus-satanas,Boletus edulis,boletus-edulis,taste,no,yes,one-way: dangerous species cannot be contradicted at all,,,
2,SERIOUS,Rubroboletus satanas,rubroboletus-satanas,Chalciporus piperatus,chalciporus-piperatus,cap_colour,no,yes,one-way: dangerous species cannot be contradicted at all,,,
2,SERIOUS,Rubroboletus satanas,rubroboletus-satanas,Chalciporus piperatus,chalciporus-piperatus,flesh_colour,no,yes,one-way: dangerous species cannot be contradicted at all,,,
2,SERIOUS,Rubroboletus satanas,rubroboletus-satanas,Chalciporus piperatus,chalciporus-piperatus,habitat,no,yes,one-way: dangerous species cannot be contradicted at all,,,
2,SERIOUS,Rubroboletus satanas,rubroboletus-satanas,Chalciporus piperatus,chalciporus-piperatus,taste,no,yes,one-way: dangerous species cannot be contradicted at all,,,
2,SERIOUS,Rubroboletus satanas,rubroboletus-satanas,Imleria badia,imleria-badia,cap_colour,no,yes,one-way: dangerous species cannot be contradicted at all,,,
2,SERIOUS,Rubroboletus satanas,rubroboletus-satanas,Imleria badia,imleria-badia,cap_surface,no,yes,one-way: dangerous species cannot be contradicted at all,,,
2,SERIOUS,Rubroboletus satanas,rubroboletus-satanas,Neoboletus luridiformis,neoboletus-luridiformis,flesh_colour,no,yes,one-way: dangerous species cannot be contradicted at all,,,
2,SERIOUS,Rubroboletus satanas,rubroboletus-satanas,Neoboletus praestigiator,neoboletus-praestigiator,cap_colour,no,yes,one-way: dangerous species cannot be contradicted at all,,,
2,SERIOUS,Rubroboletus satanas,rubroboletus-satanas,Neoboletus praestigiator,neoboletus-praestigiator,flesh_colour,no,yes,one-way: dangerous species cannot be contradicted at all,,,
2,SERIOUS,Rubroboletus satanas,rubroboletus-satanas,Xerocomellus chrysenteron,xerocomellus-chrysenteron,cap_colour,no,yes,one-way: dangerous species cannot be contradicted at all,,,
2,SERIOUS,Rubroboletus satanas,rubroboletus-satanas,Xerocomellus chrysenteron,xerocomellus-chrysenteron,cap_surface,no,yes,one-way: dangerous species cannot be contradicted at all,,,
2,SERIOUS,Rubroboletus satanas,rubroboletus-satanas,Xerocomellus chrysenteron,xerocomellus-chrysenteron,flesh_colour,no,yes,one-way: dangerous species cannot be contradicted at all,,,
2,SERIOUS,Rubroboletus satanas,rubroboletus-satanas,Xerocomus subtomentosus,xerocomus-subtomentosus,cap_colour,no,yes,one-way: dangerous species cannot be contradicted at all,,,
2,SERIOUS,Rubroboletus satanas,rubroboletus-satanas,Xerocomus subtomentosus,xerocomus-subtomentosus,cap_surface,no,yes,one-way: dangerous species cannot be contradicted at all,,,
2,SERIOUS,Tricholoma equestre,tricholoma-equestre,Amanita phalloides,amanita-phalloides,cap_colour,no,yes,one-way: dangerous species cannot be contradicted at all,,,
2,SERIOUS,Tricholoma equestre,tricholoma-equestre,Amanita phalloides,amanita-phalloides,gill_attachment,no,yes,one-way: dangerous species cannot be contradicted at all,,,
2,SERIOUS,Tricholoma equestre,tricholoma-equestre,Amanita phalloides,amanita-phalloides,spore_print_colour,no,yes,one-way: dangerous species cannot be contradicted at all,,,
2,SERIOUS,Tricholoma equestre,tricholoma-equestre,Russula ochroleuca,russula-ochroleuca,gill_texture,no,yes,one-way: dangerous species cannot be contradicted at all,,,
2,SERIOUS,Tricholoma equestre,tricholoma-equestre,Russula ochroleuca,russula-ochroleuca,stipe_texture,no,yes,one-way: dangerous species cannot be contradicted at all,,,
2,SERIOUS,Tricholoma equestre,tricholoma-equestre,Tricholoma fulvum,tricholoma-fulvum,cap_colour,no,yes,one-way: dangerous species cannot be contradicted at all,,,
2,SERIOUS,Tricholoma equestre,tricholoma-equestre,Tricholoma fulvum,tricholoma-fulvum,cap_surface,no,yes,one-way: dangerous species cannot be contradicted at all,,,
2,SERIOUS,Tricholoma equestre,tricholoma-equestre,Tricholoma fulvum,tricholoma-fulvum,flesh_colour,no,yes,one-way: dangerous species cannot be contradicted at all,,,
2,SERIOUS,Tricholoma equestre,tricholoma-equestre,Tricholoma fulvum,tricholoma-fulvum,spore_print_colour,no,yes,one-way: dangerous species cannot be contradicted at all,,,
2,SERIOUS,Tricholoma equestre,tricholoma-equestre,Tricholoma pardinum,tricholoma-pardinum,cap_surface,no,yes,one-way: dangerous species cannot be contradicted at all,,,
2,SERIOUS,Tricholoma equestre,tricholoma-equestre,Tricholoma pardinum,tricholoma-pardinum,smell,no,yes,one-way: dangerous species cannot be contradicted at all,,,
2,SERIOUS,Tricholoma equestre,tricholoma-equestre,Tricholoma pardinum,tricholoma-pardinum,spore_print_colour,no,yes,one-way: dangerous species cannot be contradicted at all,,,
2,SERIOUS,Tricholoma equestre,tricholoma-equestre,Tricholoma saponaceum,tricholoma-saponaceum,bruising_reaction,no,yes,one-way: dangerous species cannot be contradicted at all,,,
2,SERIOUS,Tricholoma equestre,tricholoma-equestre,Tricholoma saponaceum,tricholoma-saponaceum,gill_spacing,no,yes,one-way: dangerous species cannot be contradicted at all,,,
2,SERIOUS,Tricholoma equestre,tricholoma-equestre,Tricholoma saponaceum,tricholoma-saponaceum,smell,no,yes,one-way: dangerous species cannot be contradicted at all,,,
2,SERIOUS,Tricholoma equestre,tricholoma-equestre,Tricholoma sulphureum,tricholoma-sulphureum,cap_colour,no,yes,one-way: dangerous species cannot be contradicted at all,,,
2,SERIOUS,Tricholoma equestre,tricholoma-equestre,Tricholoma sulphureum,tricholoma-sulphureum,gill_attachment,no,yes,one-way: dangerous species cannot be contradicted at all,,,
2,SERIOUS,Tricholoma equestre,tricholoma-equestre,Tricholoma sulphureum,tricholoma-sulphureum,smell,no,yes,one-way: dangerous species cannot be contradicted at all,,,
2,SERIOUS,Tricholoma equestre,tricholoma-equestre,Tricholoma terreum,tricholoma-terreum,cap_colour,no,yes,one-way: dangerous species cannot be contradicted at all,,,
2,SERIOUS,Tricholoma equestre,tricholoma-equestre,Tricholoma terreum,tricholoma-terreum,cap_surface,no,yes,one-way: dangerous species cannot be contradicted at all,,,
2,SERIOUS,Tricholoma equestre,tricholoma-equestre,Tricholoma terreum,tricholoma-terreum,size,no,yes,one-way: dangerous species cannot be contradicted at all,,,
2,SERIOUS,Tricholoma equestre,tricholoma-equestre,Tricholoma ustale,tricholoma-ustale,bruising_reaction,no,yes,one-way: dangerous species cannot be contradicted at all,,,
2,SERIOUS,Tricholoma equestre,tricholoma-equestre,Tricholoma ustale,tricholoma-ustale,cap_colour,no,yes,one-way: dangerous species cannot be contradicted at all,,,
2,SERIOUS,Tricholoma equestre,tricholoma-equestre,Tricholoma ustale,tricholoma-ustale,cap_surface,no,yes,one-way: dangerous species cannot be contradicted at all,,,
2,SERIOUS,Tricholoma equestre,tricholoma-equestre,Tricholomopsis rutilans,tricholomopsis-rutilans,cap_colour,no,yes,one-way: dangerous species cannot be contradicted at all,,,
2,SERIOUS,Tricholoma equestre,tricholoma-equestre,Tricholomopsis rutilans,tricholomopsis-rutilans,cap_surface,no,yes,one-way: dangerous species cannot be contradicted at all,,,
2,SERIOUS,Tricholoma equestre,tricholoma-equestre,Tricholomopsis rutilans,tricholomopsis-rutilans,spore_print_colour,no,yes,one-way: dangerous species cannot be contradicted at all,,,
2,SERIOUS,Tricholoma equestre,tricholoma-equestre,Tricholomopsis rutilans,tricholomopsis-rutilans,substrate,no,yes,one-way: dangerous species cannot be contradicted at all,,,
2,SERIOUS,Tricholoma pardinum,tricholoma-pardinum,Calocybe gambosa,calocybe-gambosa,gill_attachment,no,yes,one-way: dangerous species cannot be contradicted at all,,,
2,SERIOUS,Tricholoma pardinum,tricholoma-pardinum,Calocybe gambosa,calocybe-gambosa,season,no,yes,one-way: dangerous species cannot be contradicted at all,,,
2,SERIOUS,Tricholoma pardinum,tricholoma-pardinum,Clitocybe nebularis,clitocybe-nebularis,cap_colour,no,yes,one-way: dangerous species cannot be contradicted at all,,,
2,SERIOUS,Tricholoma pardinum,tricholoma-pardinum,Clitocybe nebularis,clitocybe-nebularis,gill_attachment,no,yes,one-way: dangerous species cannot be contradicted at all,,,
2,SERIOUS,Tricholoma pardinum,tricholoma-pardinum,Clitocybe nebularis,clitocybe-nebularis,growth_form,no,yes,one-way: dangerous species cannot be contradicted at all,,,
2,SERIOUS,Tricholoma pardinum,tricholoma-pardinum,Tricholoma equestre,tricholoma-equestre,ring,no,yes,one-way: dangerous species cannot be contradicted at all,,,
2,SERIOUS,Tricholoma pardinum,tricholoma-pardinum,Tricholoma equestre,tricholoma-equestre,volva,no,yes,one-way: dangerous species cannot be contradicted at all,,,
2,SERIOUS,Tricholoma pardinum,tricholoma-pardinum,Tricholoma fulvum,tricholoma-fulvum,cap_colour,no,yes,one-way: dangerous species cannot be contradicted at all,,,
2,SERIOUS,Tricholoma pardinum,tricholoma-pardinum,Tricholoma fulvum,tricholoma-fulvum,flesh_colour,no,yes,one-way: dangerous species cannot be contradicted at all,,,
2,SERIOUS,Tricholoma pardinum,tricholoma-pardinum,Tricholoma saponaceum,tricholoma-saponaceum,bruising_reaction,no,yes,one-way: dangerous species cannot be contradicted at all,,,
2,SERIOUS,Tricholoma pardinum,tricholoma-pardinum,Tricholoma saponaceum,tricholoma-saponaceum,gill_spacing,no,yes,one-way: dangerous species cannot be contradicted at all,,,
2,SERIOUS,Tricholoma pardinum,tricholoma-pardinum,Tricholoma sulphureum,tricholoma-sulphureum,cap_colour,no,yes,one-way: dangerous species cannot be contradicted at all,,,
2,SERIOUS,Tricholoma pardinum,tricholoma-pardinum,Tricholoma sulphureum,tricholoma-sulphureum,gill_attachment,no,yes,one-way: dangerous species cannot be contradicted at all,,,
2,SERIOUS,Tricholoma pardinum,tricholoma-pardinum,Tricholoma terreum,tricholoma-terreum,cap_colour,no,yes,one-way: dangerous species cannot be contradicted at all,,,
2,SERIOUS,Tricholoma pardinum,tricholoma-pardinum,Tricholoma terreum,tricholoma-terreum,size,no,yes,one-way: dangerous species cannot be contradicted at all,,,
2,SERIOUS,Tricholoma pardinum,tricholoma-pardinum,Tricholoma ustale,tricholoma-ustale,bruising_reaction,no,yes,one-way: dangerous species cannot be contradicted at all,,,
2,SERIOUS,Tricholoma pardinum,tricholoma-pardinum,Tricholoma ustale,tricholoma-ustale,cap_colour,no,yes,one-way: dangerous species cannot be contradicted at all,,,
2,SERIOUS,Tricholoma terreum,tricholoma-terreum,Tricholoma equestre,tricholoma-equestre,ring,no,yes,one-way: dangerous species cannot be contradicted at all,,,
2,SERIOUS,Tricholoma terreum,tricholoma-terreum,Tricholoma equestre,tricholoma-equestre,volva,no,yes,one-way: dangerous species cannot be contradicted at all,,,
2,SERIOUS,Tricholoma terreum,tricholoma-terreum,Tricholoma pardinum,tricholoma-pardinum,smell,no,yes,one-way: dangerous species cannot be contradicted at all,,,
2,SERIOUS,Tricholoma terreum,tricholoma-terreum,Tricholoma pardinum,tricholoma-pardinum,spore_print_colour,no,yes,one-way: dangerous species cannot be contradicted at all,,,
2,SERIOUS,Tricholoma terreum,tricholoma-terreum,Tricholoma saponaceum,tricholoma-saponaceum,bruising_reaction,no,yes,one-way: dangerous species cannot be contradicted at all,,,
2,SERIOUS,Tricholoma terreum,tricholoma-terreum,Tricholoma saponaceum,tricholoma-saponaceum,gill_spacing,no,yes,one-way: dangerous species cannot be contradicted at all,,,
2,SERIOUS,Tricholoma terreum,tricholoma-terreum,Tricholoma saponaceum,tricholoma-saponaceum,smell,no,yes,one-way: dangerous species cannot be contradicted at all,,,
3,DEADLY,Amanita phalloides,amanita-phalloides,Agaricus arvensis,agaricus-arvensis,bruising_reaction,no,no,no evidence path: neither side is described,,,
3,DEADLY,Amanita virosa,amanita-virosa,Agaricus arvensis,agaricus-arvensis,bruising_reaction,no,no,no evidence path: neither side is described,,,
3,DEADLY,Amanita virosa,amanita-virosa,Amanita citrina,amanita-citrina,bruising_reaction,no,no,no evidence path: neither side is described,,,
3,DEADLY,Amanita virosa,amanita-virosa,Amanita fulva,amanita-fulva,bruising_reaction,no,no,no evidence path: neither side is described,,,
3,DEADLY,Amanita virosa,amanita-virosa,Amanita vaginata,amanita-vaginata,bruising_reaction,no,no,no evidence path: neither side is described,,,
3,DEADLY,Amanita virosa,amanita-virosa,Calocybe gambosa,calocybe-gambosa,bruising_reaction,no,no,no evidence path: neither side is described,,,
3,DEADLY,Amanita virosa,amanita-virosa,Cuphophyllus virgineus,cuphophyllus-virgineus,bruising_reaction,no,no,no evidence path: neither side is described,,,
3,DEADLY,Amanita virosa,amanita-virosa,Inocybe geophylla,inocybe-geophylla,bruising_reaction,no,no,no evidence path: neither side is described,,,
3,DEADLY,Amanita virosa,amanita-virosa,Lycoperdon excipuliforme,lycoperdon-excipuliforme,bruising_reaction,no,no,no evidence path: neither side is described,,,
3,DEADLY,Amanita virosa,amanita-virosa,Lycoperdon nigrescens,lycoperdon-nigrescens,bruising_reaction,no,no,no evidence path: neither side is described,,,
3,DEADLY,Amanita virosa,amanita-virosa,Lycoperdon perlatum,lycoperdon-perlatum,bruising_reaction,no,no,no evidence path: neither side is described,,,
3,DEADLY,Amanita virosa,amanita-virosa,Scleroderma verrucosum,scleroderma-verrucosum,bruising_reaction,no,no,no evidence path: neither side is described,,,
3,DEADLY,Amanita virosa,amanita-virosa,Volvopluteus gloiocephalus,volvopluteus-gloiocephalus,bruising_reaction,no,no,no evidence path: neither side is described,,,
3,DEADLY,Clitocybe rivulosa,clitocybe-rivulosa,Clitocybe metachroa,clitocybe-metachroa,smell,no,no,no evidence path: neither side is described,,,
3,DEADLY,Cortinarius orellanus,cortinarius-orellanus,Lepista nuda,lepista-nuda,smell,no,no,no evidence path: neither side is described,,,
3,SERIOUS,Entoloma sinuatum,entoloma-sinuatum,Agaricus arvensis,agaricus-arvensis,bruising_reaction,no,no,no evidence path: neither side is described,,,
3,SERIOUS,Inocybe geophylla,inocybe-geophylla,Amanita virosa,amanita-virosa,bruising_reaction,no,no,no evidence path: neither side is described,,,
3,SERIOUS,Tricholoma equestre,tricholoma-equestre,Russula ochroleuca,russula-ochroleuca,taste,no,no,no evidence path: neither side is described,,,
3,SERIOUS,Tricholoma equestre,tricholoma-equestre,Tricholoma saponaceum,tricholoma-saponaceum,cap_colour,no,no,no evidence path: neither side is described,,,
3,SERIOUS,Tricholoma pardinum,tricholoma-pardinum,Tricholoma saponaceum,tricholoma-saponaceum,cap_colour,no,no,no evidence path: neither side is described,,,
